date,test_year,model,n_outside_minmax,n_outside_quantiles,Specific_Cond_Mean_outside,pH_Median_outside,month_sin_outside,month_cos_outside,flow_7day_avg_outside,turb_3day_outside,turb_flow_outside,Dissolved_Oxygen_Mean_outside,actual,pred,abs_error
2023-04-07,2023,rf_grid,0,3,False,False,False,False,False,False,False,False,75.000000,75.796054,0.796054
2023-04-08,2023,rf_grid,1,3,False,False,False,False,False,False,False,True,75.500000,75.819993,0.319993
2023-04-09,2023,rf_grid,1,3,False,False,False,False,False,False,False,True,74.500000,75.796054,1.296054
2023-04-10,2023,rf_grid,1,3,False,False,False,False,False,False,False,True,74.500000,75.796054,1.296054
2023-04-11,2023,rf_grid,1,3,False,False,False,False,False,False,False,True,70.500000,75.796054,5.296054
2023-04-12,2023,rf_grid,1,3,False,False,False,False,False,False,False,True,69.100000,75.796054,6.696054
2023-04-18,2023,rf_grid,0,1,False,False,False,False,False,False,False,False,64.500000,66.293230,1.793230
2023-04-19,2023,rf_grid,1,1,False,False,False,False,False,False,False,True,62.500000,66.591350,4.091350
2023-04-20,2023,rf_grid,0,2,False,False,False,False,False,False,False,False,63.000000,68.212485,5.212485
2023-04-21,2023,rf_grid,0,2,False,False,False,False,False,False,False,False,61.500000,68.140004,6.640004
2023-04-22,2023,rf_grid,0,2,False,False,False,False,False,False,False,False,59.500000,68.140004,8.640004
2023-04-23,2023,rf_grid,0,1,False,False,False,False,False,False,False,False,59.500000,68.140004,8.640004
2023-05-01,2023,rf_grid,0,2,False,False,False,False,False,False,False,False,56.500000,62.020772,5.520772
2023-05-02,2023,rf_grid,0,2,False,False,False,False,False,False,False,False,53.000000,61.774492,8.774492
2023-05-03,2023,rf_grid,0,1,False,False,False,False,False,False,False,False,55.500000,61.952742,6.452742
2023-05-04,2023,rf_grid,0,1,False,False,False,False,False,False,False,False,55.500000,61.394478,5.894478
2023-05-05,2023,rf_grid,0,0,False,False,False,False,False,False,False,False,53.500000,61.388145,7.888145
2023-05-06,2023,rf_grid,0,0,False,False,False,False,False,False,False,False,53.000000,60.467938,7.467938
2023-05-15,2023,rf_grid,1,3,False,False,False,False,False,True,False,False,47.500000,52.257011,4.757011
2023-05-16,2023,rf_grid,2,2,False,False,False,False,False,True,True,False,45.000000,49.941223,4.941223
2023-05-17,2023,rf_grid,2,2,False,False,False,False,False,True,True,False,44.500000,41.034952,3.465048
2023-05-18,2023,rf_grid,2,2,False,False,False,False,False,True,True,False,44.000000,40.502013,3.497987
2023-05-19,2023,rf_grid,2,2,False,False,False,False,False,True,True,False,43.500000,40.562898,2.937102
2023-05-20,2023,rf_grid,2,2,False,False,False,False,False,True,True,False,40.500000,40.762152,0.262152
2023-05-21,2023,rf_grid,2,3,False,False,False,False,False,True,True,False,39.300000,40.585062,1.285062
2023-05-22,2023,rf_grid,4,4,True,True,False,False,False,True,True,False,39.500000,40.798012,1.298012
2023-05-23,2023,rf_grid,4,4,True,True,False,False,False,True,True,False,39.250000,40.217308,0.967308
2023-05-24,2023,rf_grid,4,4,True,True,False,False,False,True,True,False,39.700000,40.005558,0.305558
2023-05-25,2023,rf_grid,4,4,True,True,False,False,False,True,True,False,39.000000,40.373312,1.373312
2023-05-26,2023,rf_grid,4,4,True,True,False,False,False,True,True,False,40.600000,40.373312,0.226688
2023-05-27,2023,rf_grid,2,2,False,False,False,False,False,True,True,False,42.500000,41.726833,0.773167
2023-05-28,2023,rf_grid,2,2,False,False,False,False,False,True,True,False,43.500000,41.935743,1.564257
2023-05-29,2023,rf_grid,2,2,False,False,False,False,False,True,True,False,46.000000,42.203060,3.796940
2023-05-30,2023,rf_grid,2,2,False,False,False,False,False,True,True,False,47.500000,45.522650,1.977350
2023-05-31,2023,rf_grid,2,2,False,False,False,False,False,True,True,False,51.700000,45.612449,6.087551
2023-06-01,2023,rf_grid,1,2,False,False,False,False,False,False,True,False,52.800000,43.599281,9.200719
2023-06-02,2023,rf_grid,1,2,False,False,False,False,False,False,True,False,53.000000,44.003481,8.996519
2023-06-03,2023,rf_grid,1,1,False,False,False,False,False,False,True,False,51.500000,43.891606,7.608394
2023-06-04,2023,rf_grid,0,1,False,False,False,False,False,False,False,False,51.500000,42.304570,9.195430
2023-06-05,2023,rf_grid,0,1,False,False,False,False,False,False,False,False,51.000000,41.934437,9.065563
2023-06-06,2023,rf_grid,0,0,False,False,False,False,False,False,False,False,48.000000,41.865239,6.134761
2023-06-07,2023,rf_grid,0,0,False,False,False,False,False,False,False,False,46.500000,37.195123,9.304877
2023-06-08,2023,rf_grid,0,0,False,False,False,False,False,False,False,False,48.500000,36.948689,11.551311
2023-06-09,2023,rf_grid,0,1,False,False,False,False,False,False,False,False,49.800000,36.590090,13.209910
2023-06-10,2023,rf_grid,0,1,False,False,False,False,False,False,False,False,43.000000,36.327796,6.672204
2023-06-11,2023,rf_grid,0,1,False,False,False,False,False,False,False,False,43.500000,36.332576,7.167424
2023-06-12,2023,rf_grid,1,3,True,False,False,False,False,False,False,False,45.000000,36.328971,8.671029
2023-06-13,2023,rf_grid,0,3,False,False,False,False,False,False,False,False,42.500000,36.300270,6.199730
2023-06-14,2023,rf_grid,0,2,False,False,False,False,False,False,False,False,46.500000,41.487237,5.012763
2023-06-15,2023,rf_grid,0,2,False,False,False,False,False,False,False,False,47.600000,37.476634,10.123366
2023-06-16,2023,rf_grid,1,2,False,False,False,False,False,False,True,False,47.000000,37.547529,9.452471
2023-06-17,2023,rf_grid,1,2,False,False,False,False,False,False,True,False,47.500000,42.087714,5.412286
2023-06-18,2023,rf_grid,1,2,False,False,False,False,False,False,True,False,48.000000,50.161397,2.161397
2023-06-19,2023,rf_grid,1,2,False,False,False,False,False,False,True,False,50.500000,41.732978,8.767022
2023-06-20,2023,rf_grid,1,2,False,False,False,False,False,False,True,False,50.500000,38.517686,11.982314
2023-06-21,2023,rf_grid,2,2,False,False,False,False,False,True,True,False,56.000000,40.281229,15.718771
2023-06-22,2023,rf_grid,2,3,False,False,False,False,False,True,True,False,54.500000,52.122584,2.377416
2023-06-23,2023,rf_grid,2,3,False,False,False,False,False,True,True,False,54.000000,51.280652,2.719348
2023-06-24,2023,rf_grid,2,3,False,False,False,False,False,True,True,False,53.500000,44.094520,9.405480
2023-06-25,2023,rf_grid,2,4,False,False,False,False,True,False,True,False,54.000000,44.094520,9.905480
2023-06-26,2023,rf_grid,3,4,False,False,False,False,True,True,True,False,48.000000,39.857444,8.142556
2023-06-27,2023,rf_grid,3,5,False,False,False,False,True,True,True,False,47.000000,43.745894,3.254106
2023-06-28,2023,rf_grid,3,4,False,False,False,False,True,True,True,False,49.500000,43.745894,5.754106
2023-06-29,2023,rf_grid,3,4,False,False,False,False,True,True,True,False,50.500000,43.817517,6.682483
2023-06-30,2023,rf_grid,2,4,False,False,False,False,True,False,True,False,50.500000,51.273194,0.773194
2023-07-01,2023,rf_grid,2,3,False,False,False,False,False,False,True,True,50.500000,51.534298,1.034298
2023-07-02,2023,rf_grid,1,3,False,False,False,False,False,False,True,False,50.500000,51.541756,1.041756
2023-07-03,2023,rf_grid,1,3,False,False,False,False,False,False,False,True,48.000000,51.541756,3.541756
2023-07-04,2023,rf_grid,0,2,False,False,False,False,False,False,False,False,50.500000,43.659048,6.840952
2023-07-05,2023,rf_grid,0,2,False,False,False,False,False,False,False,False,50.500000,49.838910,0.661090
2023-07-06,2023,rf_grid,0,1,False,False,False,False,False,False,False,False,51.000000,43.135611,7.864389
2023-07-07,2023,rf_grid,0,2,False,False,False,False,False,False,False,False,50.000000,43.076040,6.923960
2023-07-08,2023,rf_grid,0,2,False,False,False,False,False,False,False,False,48.500000,42.880687,5.619313
2023-07-09,2023,rf_grid,0,2,False,False,False,False,False,False,False,False,48.500000,42.907624,5.592376
2023-07-10,2023,rf_grid,1,2,False,False,False,False,False,False,False,True,48.500000,50.110049,1.610049
2023-07-11,2023,rf_grid,1,2,False,False,False,False,False,False,False,True,47.000000,50.100045,3.100045
2023-07-12,2023,rf_grid,1,2,False,False,False,False,False,False,False,True,48.500000,49.926503,1.426503
2023-07-13,2023,rf_grid,1,2,False,False,False,False,False,False,False,True,49.500000,50.533335,1.033335
2023-07-14,2023,rf_grid,1,1,False,False,False,False,False,False,False,True,49.200000,50.425237,1.225237
2023-07-15,2023,rf_grid,1,1,False,False,False,False,False,False,False,True,49.500000,51.597278,2.097278
2023-07-16,2023,rf_grid,1,1,False,False,False,False,False,False,False,True,51.400000,52.351105,0.951105
2023-07-17,2023,rf_grid,1,1,False,False,False,False,False,False,False,True,53.400000,52.332169,1.067831
2023-07-18,2023,rf_grid,0,2,False,False,False,False,False,False,False,False,55.000000,54.036975,0.963025
2023-07-19,2023,rf_grid,0,1,False,False,False,False,False,False,False,False,61.000000,53.928424,7.071576
2023-07-20,2023,rf_grid,0,2,False,False,False,False,False,False,False,False,60.000000,54.022499,5.977501
2023-07-21,2023,rf_grid,0,1,False,False,False,False,False,False,False,False,59.500000,53.998726,5.501274
2023-07-22,2023,rf_grid,0,1,False,False,False,False,False,False,False,False,61.000000,59.757285,1.242715
2023-07-23,2023,rf_grid,0,1,False,False,False,False,False,False,False,False,60.000000,57.074763,2.925237
2023-07-24,2023,rf_grid,0,1,False,False,False,False,False,False,False,False,57.300000,53.439204,3.860796
2023-07-25,2023,rf_grid,1,1,False,False,False,False,False,False,False,True,55.300000,52.312084,2.987916
2023-07-26,2023,rf_grid,1,1,False,False,False,False,False,False,False,True,55.500000,53.741156,1.758844
2023-07-27,2023,rf_grid,1,1,False,False,False,False,False,False,False,True,55.000000,53.801056,1.198944
2023-07-28,2023,rf_grid,1,1,False,False,False,False,False,False,False,True,54.200000,53.715304,0.484696
2023-07-29,2023,rf_grid,0,1,False,False,False,False,False,False,False,False,55.300000,56.027311,0.727311
2023-07-30,2023,rf_grid,0,1,False,False,False,False,False,False,False,False,56.200000,56.451664,0.251664
2023-07-31,2023,rf_grid,0,1,False,False,False,False,False,False,False,False,58.000000,56.384414,1.615586
2023-08-01,2023,rf_grid,0,0,False,False,False,False,False,False,False,False,60.200000,57.632078,2.567922
2023-08-02,2023,rf_grid,0,0,False,False,False,False,False,False,False,False,55.000000,57.647857,2.647857
2023-08-15,2023,rf_grid,0,0,False,False,False,False,False,False,False,False,56.500000,49.499962,7.000038
2023-08-16,2023,rf_grid,0,0,False,False,False,False,False,False,False,False,55.500000,49.609447,5.890553
2023-08-17,2023,rf_grid,0,0,False,False,False,False,False,False,False,False,56.200000,53.361193,2.838807
2023-08-18,2023,rf_grid,0,0,False,False,False,False,False,False,False,False,57.000000,59.843157,2.843157
2023-08-19,2023,rf_grid,0,0,False,False,False,False,False,False,False,False,59.000000,58.075584,0.924416
2023-08-20,2023,rf_grid,0,0,False,False,False,False,False,False,False,False,58.500000,52.775683,5.724317
2023-08-21,2023,rf_grid,0,0,False,False,False,False,False,False,False,False,59.000000,58.291509,0.708491
2023-08-22,2023,rf_grid,0,0,False,False,False,False,False,False,False,False,59.500000,58.105727,1.394273
2023-08-23,2023,rf_grid,0,0,False,False,False,False,False,False,False,False,58.000000,58.291509,0.291509
2023-08-24,2023,rf_grid,0,0,False,False,False,False,False,False,False,False,60.000000,58.105192,1.894808
2023-08-25,2023,rf_grid,0,0,False,False,False,False,False,False,False,False,58.000000,57.723453,0.276547
2023-08-26,2023,rf_grid,0,0,False,False,False,False,False,False,False,False,56.500000,57.633691,1.133691
2023-08-27,2023,rf_grid,0,0,False,False,False,False,False,False,False,False,57.500000,58.643228,1.143228
2023-08-28,2023,rf_grid,0,0,False,False,False,False,False,False,False,False,56.700000,57.479835,0.779835
2023-08-29,2023,rf_grid,0,0,False,False,False,False,False,False,False,False,53.500000,50.216243,3.283757
2023-08-30,2023,rf_grid,0,0,False,False,False,False,False,False,False,False,50.500000,50.168692,0.331308
2023-08-31,2023,rf_grid,0,0,False,False,False,False,False,False,False,False,53.000000,54.881365,1.881365
2023-09-01,2023,rf_grid,0,1,False,False,False,False,False,False,False,False,50.800000,56.378230,5.578230
2023-09-02,2023,rf_grid,0,1,False,False,False,False,False,False,False,False,51.000000,56.384614,5.384614
2023-09-03,2023,rf_grid,0,1,False,False,False,False,False,False,False,False,50.000000,56.235668,6.235668
2023-09-04,2023,rf_grid,0,1,False,False,False,False,False,False,False,False,53.000000,58.928904,5.928904
2023-09-05,2023,rf_grid,0,0,False,False,False,False,False,False,False,False,55.500000,60.445431,4.945431
2023-09-06,2023,rf_grid,0,0,False,False,False,False,False,False,False,False,55.700000,54.666267,1.033733
2023-09-07,2023,rf_grid,0,0,False,False,False,False,False,False,False,False,57.000000,54.892686,2.107314
2023-09-08,2023,rf_grid,0,0,False,False,False,False,False,False,False,False,56.500000,61.004882,4.504882
2023-09-09,2023,rf_grid,0,0,False,False,False,False,False,False,False,False,57.500000,62.642520,5.142520
2023-09-10,2023,rf_grid,0,0,False,False,False,False,False,False,False,False,57.000000,62.544449,5.544449
2023-09-11,2023,rf_grid,0,0,False,False,False,False,False,False,False,False,56.250000,59.948987,3.698987
2023-09-12,2023,rf_grid,0,0,False,False,False,False,False,False,False,False,58.000000,59.696423,1.696423
2023-09-13,2023,rf_grid,0,0,False,False,False,False,False,False,False,False,55.000000,54.068360,0.931640
2023-09-14,2023,rf_grid,0,0,False,False,False,False,False,False,False,False,59.000000,53.999146,5.000854
2023-09-15,2023,rf_grid,0,0,False,False,False,False,False,False,False,False,54.000000,52.732546,1.267454
2023-09-16,2023,rf_grid,0,0,False,False,False,False,False,False,False,False,54.800000,58.282571,3.482571
2023-09-17,2023,rf_grid,0,0,False,False,False,False,False,False,False,False,53.000000,57.802059,4.802059
2023-09-18,2023,rf_grid,0,0,False,False,False,False,False,False,False,False,54.500000,56.534229,2.034229
2023-09-19,2023,rf_grid,0,0,False,False,False,False,False,False,False,False,53.500000,49.794522,3.705478
2023-09-20,2023,rf_grid,0,0,False,False,False,False,False,False,False,False,55.000000,56.209991,1.209991
2023-09-21,2023,rf_grid,0,0,False,False,False,False,False,False,False,False,53.500000,56.436034,2.936034
2023-09-22,2023,rf_grid,0,0,False,False,False,False,False,False,False,False,55.100000,59.684002,4.584002
2023-09-23,2023,rf_grid,0,0,False,False,False,False,False,False,False,False,55.700000,54.673079,1.026921
2023-10-06,2023,rf_grid,0,0,False,False,False,False,False,False,False,False,54.000000,61.790739,7.790739
2023-10-07,2023,rf_grid,0,0,False,False,False,False,False,False,False,False,56.300000,61.528038,5.228038
2023-10-08,2023,rf_grid,0,0,False,False,False,False,False,False,False,False,58.200000,61.870323,3.670323
2023-10-09,2023,rf_grid,0,0,False,False,False,False,False,False,False,False,58.200000,62.033038,3.833038
2023-10-10,2023,rf_grid,0,0,False,False,False,False,False,False,False,False,56.000000,62.055372,6.055372
2023-10-11,2023,rf_grid,0,0,False,False,False,False,False,False,False,False,55.400000,65.060748,9.660748
2023-10-12,2023,rf_grid,0,0,False,False,False,False,False,False,False,False,53.200000,68.998126,15.798126
2023-10-13,2023,rf_grid,0,0,False,False,False,False,False,False,False,False,55.000000,70.497693,15.497693
2023-10-14,2023,rf_grid,0,0,False,False,False,False,False,False,False,False,54.200000,68.415270,14.215270
2023-10-15,2023,rf_grid,0,0,False,False,False,False,False,False,False,False,54.300000,69.631556,15.331556
2023-10-19,2023,rf_grid,0,1,False,False,False,False,False,False,False,False,53.500000,67.607220,14.107220
2023-10-20,2023,rf_grid,0,0,False,False,False,False,False,False,False,False,53.000000,61.080722,8.080722
2023-10-21,2023,rf_grid,0,0,False,False,False,False,False,False,False,False,51.000000,61.381575,10.381575
2023-10-22,2023,rf_grid,0,0,False,False,False,False,False,False,False,False,50.400000,61.381575,10.981575
2023-10-23,2023,rf_grid,0,0,False,False,False,False,False,False,False,False,48.500000,61.381575,12.881575
2023-10-24,2023,rf_grid,0,0,False,False,False,False,False,False,False,False,50.000000,61.101114,11.101114
2023-10-25,2023,rf_grid,0,0,False,False,False,False,False,False,False,False,50.000000,61.342908,11.342908
2023-10-26,2023,rf_grid,0,0,False,False,False,False,False,False,False,False,50.500000,60.436920,9.936920
2023-10-27,2023,rf_grid,0,0,False,False,False,False,False,False,False,False,50.000000,60.650569,10.650569
2023-10-28,2023,rf_grid,0,0,False,False,False,False,False,False,False,False,47.000000,60.603804,13.603804
2023-10-29,2023,rf_grid,0,0,False,False,False,False,False,False,False,False,47.000000,60.790294,13.790294
2023-10-30,2023,rf_grid,0,0,False,False,False,False,False,False,False,False,47.300000,61.064238,13.764238
2023-10-31,2023,rf_grid,0,0,False,False,False,False,False,False,False,False,47.500000,67.539580,20.039580
2023-11-01,2023,rf_grid,1,2,False,False,False,True,False,False,False,False,48.000000,59.797772,11.797772
2023-11-02,2023,rf_grid,2,2,False,False,False,True,False,False,False,True,48.800000,67.467115,18.667115
2023-11-04,2023,rf_grid,2,2,False,False,False,True,False,False,False,True,48.500000,61.036613,12.536613
2023-11-05,2023,rf_grid,2,2,False,False,False,True,False,False,False,True,49.000000,59.945647,10.945647
2023-11-06,2023,rf_grid,1,2,False,False,False,True,False,False,False,False,49.000000,67.281570,18.281570
2023-11-07,2023,rf_grid,1,3,False,False,False,True,False,False,False,False,51.000000,59.780658,8.780658
2023-11-08,2023,rf_grid,1,3,False,False,False,True,False,False,False,False,50.300000,59.750625,9.450625
2023-11-09,2023,rf_grid,2,3,False,False,False,True,True,False,False,False,49.400000,66.936795,17.536795
2023-11-15,2023,rf_grid,3,3,False,False,False,True,True,False,False,True,50.000000,60.313573,10.313573
2023-11-16,2023,rf_grid,3,3,False,False,False,True,True,False,False,True,52.500000,60.326447,7.826447
2023-11-17,2023,rf_grid,3,3,False,False,False,True,True,False,False,True,50.500000,58.422457,7.922457
2023-11-18,2023,rf_grid,2,3,False,False,False,True,True,False,False,False,50.000000,58.069731,8.069731
2023-11-19,2023,rf_grid,3,3,False,False,False,True,True,False,False,True,50.900000,58.069731,7.169731
2023-11-20,2023,rf_grid,2,3,False,False,False,True,True,False,False,False,51.500000,58.069731,6.569731
2023-11-21,2023,rf_grid,2,3,False,False,False,True,True,False,False,False,50.000000,58.069731,8.069731
2023-11-22,2023,rf_grid,2,3,False,False,False,True,True,False,False,False,50.000000,58.069731,8.069731
2023-11-23,2023,rf_grid,3,3,False,False,False,True,True,False,False,True,50.500000,58.069731,7.569731
2023-11-24,2023,rf_grid,3,4,False,True,False,True,True,False,False,False,54.500000,58.069731,3.569731
2023-11-25,2023,rf_grid,3,3,False,False,False,True,True,False,False,True,49.500000,58.069731,8.569731
2023-11-26,2023,rf_grid,3,3,False,False,False,True,True,False,False,True,51.500000,60.169302,8.669302
2023-11-27,2023,rf_grid,3,3,False,False,False,True,True,False,False,True,53.500000,59.700702,6.200702
2023-11-28,2023,rf_grid,3,3,False,False,False,True,True,False,False,True,55.500000,60.833860,5.333860
2023-11-29,2023,rf_grid,3,3,False,False,False,True,True,False,False,True,56.500000,62.357386,5.857386
2023-12-03,2023,rf_grid,3,3,False,False,False,True,True,False,False,True,57.500000,62.878345,5.378345
2023-12-04,2023,rf_grid,3,3,False,False,False,True,True,False,False,True,57.500000,62.647455,5.147455
2023-04-07,2023,catboost,0,3,False,False,False,False,False,False,False,False,75.000000,76.612760,1.612760
2023-04-08,2023,catboost,1,3,False,False,False,False,False,False,False,True,75.500000,76.056265,0.556265
2023-04-09,2023,catboost,1,3,False,False,False,False,False,False,False,True,74.500000,75.989143,1.489143
2023-04-10,2023,catboost,1,3,False,False,False,False,False,False,False,True,74.500000,75.910761,1.410761
2023-04-11,2023,catboost,1,3,False,False,False,False,False,False,False,True,70.500000,75.909358,5.409358
2023-04-12,2023,catboost,1,3,False,False,False,False,False,False,False,True,69.100000,75.909358,6.809358
2023-04-18,2023,catboost,0,1,False,False,False,False,False,False,False,False,64.500000,62.509102,1.990898
2023-04-19,2023,catboost,1,1,False,False,False,False,False,False,False,True,62.500000,64.337156,1.837156
2023-04-20,2023,catboost,0,2,False,False,False,False,False,False,False,False,63.000000,66.079842,3.079842
2023-04-21,2023,catboost,0,2,False,False,False,False,False,False,False,False,61.500000,66.531680,5.031680
2023-04-22,2023,catboost,0,2,False,False,False,False,False,False,False,False,59.500000,66.373747,6.873747
2023-04-23,2023,catboost,0,1,False,False,False,False,False,False,False,False,59.500000,66.004942,6.504942
2023-05-01,2023,catboost,0,2,False,False,False,False,False,False,False,False,56.500000,61.972541,5.472541
2023-05-02,2023,catboost,0,2,False,False,False,False,False,False,False,False,53.000000,61.808877,8.808877
2023-05-03,2023,catboost,0,1,False,False,False,False,False,False,False,False,55.500000,62.471972,6.971972
2023-05-04,2023,catboost,0,1,False,False,False,False,False,False,False,False,55.500000,62.349573,6.849573
2023-05-05,2023,catboost,0,0,False,False,False,False,False,False,False,False,53.500000,62.313877,8.813877
2023-05-06,2023,catboost,0,0,False,False,False,False,False,False,False,False,53.000000,60.137691,7.137691
2023-05-15,2023,catboost,1,3,False,False,False,False,False,True,False,False,47.500000,50.110481,2.610481
2023-05-16,2023,catboost,2,2,False,False,False,False,False,True,True,False,45.000000,47.806730,2.806730
2023-05-17,2023,catboost,2,2,False,False,False,False,False,True,True,False,44.500000,43.021717,1.478283
2023-05-18,2023,catboost,2,2,False,False,False,False,False,True,True,False,44.000000,41.421351,2.578649
2023-05-19,2023,catboost,2,2,False,False,False,False,False,True,True,False,43.500000,40.558529,2.941471
2023-05-20,2023,catboost,2,2,False,False,False,False,False,True,True,False,40.500000,40.399126,0.100874
2023-05-21,2023,catboost,2,3,False,False,False,False,False,True,True,False,39.300000,40.617563,1.317563
2023-05-22,2023,catboost,4,4,True,True,False,False,False,True,True,False,39.500000,40.955016,1.455016
2023-05-23,2023,catboost,4,4,True,True,False,False,False,True,True,False,39.250000,41.257466,2.007466
2023-05-24,2023,catboost,4,4,True,True,False,False,False,True,True,False,39.700000,41.030387,1.330387
2023-05-25,2023,catboost,4,4,True,True,False,False,False,True,True,False,39.000000,40.462556,1.462556
2023-05-26,2023,catboost,4,4,True,True,False,False,False,True,True,False,40.600000,40.301371,0.298629
2023-05-27,2023,catboost,2,2,False,False,False,False,False,True,True,False,42.500000,41.837793,0.662207
2023-05-28,2023,catboost,2,2,False,False,False,False,False,True,True,False,43.500000,42.650664,0.849336
2023-05-29,2023,catboost,2,2,False,False,False,False,False,True,True,False,46.000000,44.523875,1.476125
2023-05-30,2023,catboost,2,2,False,False,False,False,False,True,True,False,47.500000,47.418859,0.081141
2023-05-31,2023,catboost,2,2,False,False,False,False,False,True,True,False,51.700000,47.616497,4.083503
2023-06-01,2023,catboost,1,2,False,False,False,False,False,False,True,False,52.800000,45.078534,7.721466
2023-06-02,2023,catboost,1,2,False,False,False,False,False,False,True,False,53.000000,44.952254,8.047746
2023-06-03,2023,catboost,1,1,False,False,False,False,False,False,True,False,51.500000,45.648532,5.851468
2023-06-04,2023,catboost,0,1,False,False,False,False,False,False,False,False,51.500000,45.794205,5.705795
2023-06-05,2023,catboost,0,1,False,False,False,False,False,False,False,False,51.000000,46.424734,4.575266
2023-06-06,2023,catboost,0,0,False,False,False,False,False,False,False,False,48.000000,44.841703,3.158297
2023-06-07,2023,catboost,0,0,False,False,False,False,False,False,False,False,46.500000,38.597353,7.902647
2023-06-08,2023,catboost,0,0,False,False,False,False,False,False,False,False,48.500000,36.626672,11.873328
2023-06-09,2023,catboost,0,1,False,False,False,False,False,False,False,False,49.800000,35.823071,13.976929
2023-06-10,2023,catboost,0,1,False,False,False,False,False,False,False,False,43.000000,35.604667,7.395333
2023-06-11,2023,catboost,0,1,False,False,False,False,False,False,False,False,43.500000,35.764854,7.735146
2023-06-12,2023,catboost,1,3,True,False,False,False,False,False,False,False,45.000000,35.936262,9.063738
2023-06-13,2023,catboost,0,3,False,False,False,False,False,False,False,False,42.500000,35.675315,6.824685
2023-06-14,2023,catboost,0,2,False,False,False,False,False,False,False,False,46.500000,43.230071,3.269929
2023-06-15,2023,catboost,0,2,False,False,False,False,False,False,False,False,47.600000,37.236269,10.363731
2023-06-16,2023,catboost,1,2,False,False,False,False,False,False,True,False,47.000000,37.810993,9.189007
2023-06-17,2023,catboost,1,2,False,False,False,False,False,False,True,False,47.500000,43.560468,3.939532
2023-06-18,2023,catboost,1,2,False,False,False,False,False,False,True,False,48.000000,50.237233,2.237233
2023-06-19,2023,catboost,1,2,False,False,False,False,False,False,True,False,50.500000,43.655963,6.844037
2023-06-20,2023,catboost,1,2,False,False,False,False,False,False,True,False,50.500000,39.383836,11.116164
2023-06-21,2023,catboost,2,2,False,False,False,False,False,True,True,False,56.000000,39.878421,16.121579
2023-06-22,2023,catboost,2,3,False,False,False,False,False,True,True,False,54.500000,50.814655,3.685345
2023-06-23,2023,catboost,2,3,False,False,False,False,False,True,True,False,54.000000,50.507018,3.492982
2023-06-24,2023,catboost,2,3,False,False,False,False,False,True,True,False,53.500000,44.906155,8.593845
2023-06-25,2023,catboost,2,4,False,False,False,False,True,False,True,False,54.000000,44.690714,9.309286
2023-06-26,2023,catboost,3,4,False,False,False,False,True,True,True,False,48.000000,39.730164,8.269836
2023-06-27,2023,catboost,3,5,False,False,False,False,True,True,True,False,47.000000,43.872378,3.127622
2023-06-28,2023,catboost,3,4,False,False,False,False,True,True,True,False,49.500000,43.710782,5.789218
2023-06-29,2023,catboost,3,4,False,False,False,False,True,True,True,False,50.500000,43.664804,6.835196
2023-06-30,2023,catboost,2,4,False,False,False,False,True,False,True,False,50.500000,50.175662,0.324338
2023-07-01,2023,catboost,2,3,False,False,False,False,False,False,True,True,50.500000,51.264216,0.764216
2023-07-02,2023,catboost,1,3,False,False,False,False,False,False,True,False,50.500000,51.343373,0.843373
2023-07-03,2023,catboost,1,3,False,False,False,False,False,False,False,True,48.000000,52.318442,4.318442
2023-07-04,2023,catboost,0,2,False,False,False,False,False,False,False,False,50.500000,46.551152,3.948848
2023-07-05,2023,catboost,0,2,False,False,False,False,False,False,False,False,50.500000,51.894590,1.394590
2023-07-06,2023,catboost,0,1,False,False,False,False,False,False,False,False,51.000000,45.902691,5.097309
2023-07-07,2023,catboost,0,2,False,False,False,False,False,False,False,False,50.000000,44.443543,5.556457
2023-07-08,2023,catboost,0,2,False,False,False,False,False,False,False,False,48.500000,43.648549,4.851451
2023-07-09,2023,catboost,0,2,False,False,False,False,False,False,False,False,48.500000,43.930900,4.569100
2023-07-10,2023,catboost,1,2,False,False,False,False,False,False,False,True,48.500000,50.198274,1.698274
2023-07-11,2023,catboost,1,2,False,False,False,False,False,False,False,True,47.000000,50.500159,3.500159
2023-07-12,2023,catboost,1,2,False,False,False,False,False,False,False,True,48.500000,50.423615,1.923615
2023-07-13,2023,catboost,1,2,False,False,False,False,False,False,False,True,49.500000,52.347493,2.847493
2023-07-14,2023,catboost,1,1,False,False,False,False,False,False,False,True,49.200000,49.939258,0.739258
2023-07-15,2023,catboost,1,1,False,False,False,False,False,False,False,True,49.500000,50.383116,0.883116
2023-07-16,2023,catboost,1,1,False,False,False,False,False,False,False,True,51.400000,52.626482,1.226482
2023-07-17,2023,catboost,1,1,False,False,False,False,False,False,False,True,53.400000,54.104673,0.704673
2023-07-18,2023,catboost,0,2,False,False,False,False,False,False,False,False,55.000000,55.718157,0.718157
2023-07-19,2023,catboost,0,1,False,False,False,False,False,False,False,False,61.000000,55.751387,5.248613
2023-07-20,2023,catboost,0,2,False,False,False,False,False,False,False,False,60.000000,54.942086,5.057914
2023-07-21,2023,catboost,0,1,False,False,False,False,False,False,False,False,59.500000,54.561563,4.938437
2023-07-22,2023,catboost,0,1,False,False,False,False,False,False,False,False,61.000000,57.735235,3.264765
2023-07-23,2023,catboost,0,1,False,False,False,False,False,False,False,False,60.000000,56.846887,3.153113
2023-07-24,2023,catboost,0,1,False,False,False,False,False,False,False,False,57.300000,52.447630,4.852370
2023-07-25,2023,catboost,1,1,False,False,False,False,False,False,False,True,55.300000,53.840145,1.459855
2023-07-26,2023,catboost,1,1,False,False,False,False,False,False,False,True,55.500000,55.037238,0.462762
2023-07-27,2023,catboost,1,1,False,False,False,False,False,False,False,True,55.000000,55.320782,0.320782
2023-07-28,2023,catboost,1,1,False,False,False,False,False,False,False,True,54.200000,54.103547,0.096453
2023-07-29,2023,catboost,0,1,False,False,False,False,False,False,False,False,55.300000,54.237451,1.062549
2023-07-30,2023,catboost,0,1,False,False,False,False,False,False,False,False,56.200000,54.617291,1.582709
2023-07-31,2023,catboost,0,1,False,False,False,False,False,False,False,False,58.000000,55.084233,2.915767
2023-08-01,2023,catboost,0,0,False,False,False,False,False,False,False,False,60.200000,55.417992,4.782008
2023-08-02,2023,catboost,0,0,False,False,False,False,False,False,False,False,55.000000,55.908894,0.908894
2023-08-15,2023,catboost,0,0,False,False,False,False,False,False,False,False,56.500000,50.649423,5.850577
2023-08-16,2023,catboost,0,0,False,False,False,False,False,False,False,False,55.500000,51.886764,3.613236
2023-08-17,2023,catboost,0,0,False,False,False,False,False,False,False,False,56.200000,55.412853,0.787147
2023-08-18,2023,catboost,0,0,False,False,False,False,False,False,False,False,57.000000,58.968154,1.968154
2023-08-19,2023,catboost,0,0,False,False,False,False,False,False,False,False,59.000000,56.811578,2.188422
2023-08-20,2023,catboost,0,0,False,False,False,False,False,False,False,False,58.500000,51.004848,7.495152
2023-08-21,2023,catboost,0,0,False,False,False,False,False,False,False,False,59.000000,56.978619,2.021381
2023-08-22,2023,catboost,0,0,False,False,False,False,False,False,False,False,59.500000,57.443682,2.056318
2023-08-23,2023,catboost,0,0,False,False,False,False,False,False,False,False,58.000000,56.910932,1.089068
2023-08-24,2023,catboost,0,0,False,False,False,False,False,False,False,False,60.000000,57.324930,2.675070
2023-08-25,2023,catboost,0,0,False,False,False,False,False,False,False,False,58.000000,57.023967,0.976033
2023-08-26,2023,catboost,0,0,False,False,False,False,False,False,False,False,56.500000,57.453670,0.953670
2023-08-27,2023,catboost,0,0,False,False,False,False,False,False,False,False,57.500000,57.519644,0.019644
2023-08-28,2023,catboost,0,0,False,False,False,False,False,False,False,False,56.700000,56.788273,0.088273
2023-08-29,2023,catboost,0,0,False,False,False,False,False,False,False,False,53.500000,48.773141,4.726859
2023-08-30,2023,catboost,0,0,False,False,False,False,False,False,False,False,50.500000,49.967949,0.532051
2023-08-31,2023,catboost,0,0,False,False,False,False,False,False,False,False,53.000000,55.172484,2.172484
2023-09-01,2023,catboost,0,1,False,False,False,False,False,False,False,False,50.800000,57.575520,6.775520
2023-09-02,2023,catboost,0,1,False,False,False,False,False,False,False,False,51.000000,57.312337,6.312337
2023-09-03,2023,catboost,0,1,False,False,False,False,False,False,False,False,50.000000,56.805058,6.805058
2023-09-04,2023,catboost,0,1,False,False,False,False,False,False,False,False,53.000000,57.629647,4.629647
2023-09-05,2023,catboost,0,0,False,False,False,False,False,False,False,False,55.500000,57.581935,2.081935
2023-09-06,2023,catboost,0,0,False,False,False,False,False,False,False,False,55.700000,56.544781,0.844781
2023-09-07,2023,catboost,0,0,False,False,False,False,False,False,False,False,57.000000,57.763585,0.763585
2023-09-08,2023,catboost,0,0,False,False,False,False,False,False,False,False,56.500000,61.128423,4.628423
2023-09-09,2023,catboost,0,0,False,False,False,False,False,False,False,False,57.500000,62.919640,5.419640
2023-09-10,2023,catboost,0,0,False,False,False,False,False,False,False,False,57.000000,62.408321,5.408321
2023-09-11,2023,catboost,0,0,False,False,False,False,False,False,False,False,56.250000,59.589564,3.339564
2023-09-12,2023,catboost,0,0,False,False,False,False,False,False,False,False,58.000000,59.462576,1.462576
2023-09-13,2023,catboost,0,0,False,False,False,False,False,False,False,False,55.000000,54.086324,0.913676
2023-09-14,2023,catboost,0,0,False,False,False,False,False,False,False,False,59.000000,53.526182,5.473818
2023-09-15,2023,catboost,0,0,False,False,False,False,False,False,False,False,54.000000,53.838168,0.161832
2023-09-16,2023,catboost,0,0,False,False,False,False,False,False,False,False,54.800000,58.690363,3.890363
2023-09-17,2023,catboost,0,0,False,False,False,False,False,False,False,False,53.000000,58.895154,5.895154
2023-09-18,2023,catboost,0,0,False,False,False,False,False,False,False,False,54.500000,57.820307,3.320307
2023-09-19,2023,catboost,0,0,False,False,False,False,False,False,False,False,53.500000,50.254929,3.245071
2023-09-20,2023,catboost,0,0,False,False,False,False,False,False,False,False,55.000000,59.778368,4.778368
2023-09-21,2023,catboost,0,0,False,False,False,False,False,False,False,False,53.500000,62.045339,8.545339
2023-09-22,2023,catboost,0,0,False,False,False,False,False,False,False,False,55.100000,58.011334,2.911334
2023-09-23,2023,catboost,0,0,False,False,False,False,False,False,False,False,55.700000,53.221348,2.478652
2023-10-06,2023,catboost,0,0,False,False,False,False,False,False,False,False,54.000000,60.172045,6.172045
2023-10-07,2023,catboost,0,0,False,False,False,False,False,False,False,False,56.300000,59.425261,3.125261
2023-10-08,2023,catboost,0,0,False,False,False,False,False,False,False,False,58.200000,58.901888,0.701888
2023-10-09,2023,catboost,0,0,False,False,False,False,False,False,False,False,58.200000,58.771267,0.571267
2023-10-10,2023,catboost,0,0,False,False,False,False,False,False,False,False,56.000000,57.844770,1.844770
2023-10-11,2023,catboost,0,0,False,False,False,False,False,False,False,False,55.400000,57.329689,1.929689
2023-10-12,2023,catboost,0,0,False,False,False,False,False,False,False,False,53.200000,61.823985,8.623985
2023-10-13,2023,catboost,0,0,False,False,False,False,False,False,False,False,55.000000,64.691566,9.691566
2023-10-14,2023,catboost,0,0,False,False,False,False,False,False,False,False,54.200000,59.988150,5.788150
2023-10-15,2023,catboost,0,0,False,False,False,False,False,False,False,False,54.300000,63.703329,9.403329
2023-10-19,2023,catboost,0,1,False,False,False,False,False,False,False,False,53.500000,60.368195,6.868195
2023-10-20,2023,catboost,0,0,False,False,False,False,False,False,False,False,53.000000,54.613349,1.613349
2023-10-21,2023,catboost,0,0,False,False,False,False,False,False,False,False,51.000000,54.480264,3.480264
2023-10-22,2023,catboost,0,0,False,False,False,False,False,False,False,False,50.400000,54.519755,4.119755
2023-10-23,2023,catboost,0,0,False,False,False,False,False,False,False,False,48.500000,54.408951,5.908951
2023-10-24,2023,catboost,0,0,False,False,False,False,False,False,False,False,50.000000,54.725278,4.725278
2023-10-25,2023,catboost,0,0,False,False,False,False,False,False,False,False,50.000000,55.725370,5.725370
2023-10-26,2023,catboost,0,0,False,False,False,False,False,False,False,False,50.500000,55.997522,5.497522
2023-10-27,2023,catboost,0,0,False,False,False,False,False,False,False,False,50.000000,55.894724,5.894724
2023-10-28,2023,catboost,0,0,False,False,False,False,False,False,False,False,47.000000,55.845898,8.845898
2023-10-29,2023,catboost,0,0,False,False,False,False,False,False,False,False,47.000000,53.816755,6.816755
2023-10-30,2023,catboost,0,0,False,False,False,False,False,False,False,False,47.300000,54.507819,7.207819
2023-10-31,2023,catboost,0,0,False,False,False,False,False,False,False,False,47.500000,59.269984,11.769984
2023-11-01,2023,catboost,1,2,False,False,False,True,False,False,False,False,48.000000,55.134202,7.134202
2023-11-02,2023,catboost,2,2,False,False,False,True,False,False,False,True,48.800000,59.005434,10.205434
2023-11-04,2023,catboost,2,2,False,False,False,True,False,False,False,True,48.500000,55.685561,7.185561
2023-11-05,2023,catboost,2,2,False,False,False,True,False,False,False,True,49.000000,54.858480,5.858480
2023-11-06,2023,catboost,1,2,False,False,False,True,False,False,False,False,49.000000,59.066054,10.066054
2023-11-07,2023,catboost,1,3,False,False,False,True,False,False,False,False,51.000000,54.373993,3.373993
2023-11-08,2023,catboost,1,3,False,False,False,True,False,False,False,False,50.300000,53.325116,3.025116
2023-11-09,2023,catboost,2,3,False,False,False,True,True,False,False,False,49.400000,57.710570,8.310570
2023-11-15,2023,catboost,3,3,False,False,False,True,True,False,False,True,50.000000,54.502172,4.502172
2023-11-16,2023,catboost,3,3,False,False,False,True,True,False,False,True,52.500000,54.052325,1.552325
2023-11-17,2023,catboost,3,3,False,False,False,True,True,False,False,True,50.500000,53.344859,2.844859
2023-11-18,2023,catboost,2,3,False,False,False,True,True,False,False,False,50.000000,53.348959,3.348959
2023-11-19,2023,catboost,3,3,False,False,False,True,True,False,False,True,50.900000,53.588989,2.688989
2023-11-20,2023,catboost,2,3,False,False,False,True,True,False,False,False,51.500000,53.495323,1.995323
2023-11-21,2023,catboost,2,3,False,False,False,True,True,False,False,False,50.000000,53.495323,3.495323
2023-11-22,2023,catboost,2,3,False,False,False,True,True,False,False,False,50.000000,53.491297,3.491297
2023-11-23,2023,catboost,3,3,False,False,False,True,True,False,False,True,50.500000,53.491297,2.991297
2023-11-24,2023,catboost,3,4,False,True,False,True,True,False,False,False,54.500000,53.491297,1.008703
2023-11-25,2023,catboost,3,3,False,False,False,True,True,False,False,True,49.500000,53.321930,3.821930
2023-11-26,2023,catboost,3,3,False,False,False,True,True,False,False,True,51.500000,54.148057,2.648057
2023-11-27,2023,catboost,3,3,False,False,False,True,True,False,False,True,53.500000,53.831158,0.331158
2023-11-28,2023,catboost,3,3,False,False,False,True,True,False,False,True,55.500000,55.197536,0.302464
2023-11-29,2023,catboost,3,3,False,False,False,True,True,False,False,True,56.500000,55.727890,0.772110
2023-12-03,2023,catboost,3,3,False,False,False,True,True,False,False,True,57.500000,56.059989,1.440011
2023-12-04,2023,catboost,3,3,False,False,False,True,True,False,False,True,57.500000,55.630341,1.869659
2024-04-07,2024,rf_grid,0,2,False,False,False,False,False,False,False,False,66.200000,63.741882,2.458118
2024-04-08,2024,rf_grid,0,2,False,False,False,False,False,False,False,False,65.000000,64.252802,0.747198
2024-04-09,2024,rf_grid,0,2,False,False,False,False,False,False,False,False,74.500000,64.074004,10.425996
2024-04-10,2024,rf_grid,0,2,False,False,False,False,False,False,False,False,76.500000,63.189380,13.310620
2024-04-11,2024,rf_grid,0,2,False,False,False,False,False,False,False,False,76.200000,63.062093,13.137907
2024-04-12,2024,rf_grid,0,2,False,False,False,False,False,False,False,False,78.100000,63.080639,15.019361
2024-04-13,2024,rf_grid,0,0,False,False,False,False,False,False,False,False,77.500000,62.822428,14.677572
2024-04-14,2024,rf_grid,0,1,False,False,False,False,False,False,False,False,78.000000,62.928857,15.071143
2024-04-15,2024,rf_grid,0,1,False,False,False,False,False,False,False,False,66.000000,63.019378,2.980622
2024-04-16,2024,rf_grid,0,1,False,False,False,False,False,False,False,False,64.000000,63.098456,0.901544
2024-04-17,2024,rf_grid,0,1,False,False,False,False,False,False,False,False,65.500000,63.734043,1.765957
2024-04-18,2024,rf_grid,0,0,False,False,False,False,False,False,False,False,64.000000,63.604964,0.395036
2024-04-19,2024,rf_grid,0,1,False,False,False,False,False,False,False,False,62.800000,61.927043,0.872957
2024-04-20,2024,rf_grid,0,0,False,False,False,False,False,False,False,False,62.000000,61.962918,0.037082
2024-04-21,2024,rf_grid,0,0,False,False,False,False,False,False,False,False,61.000000,61.832667,0.832667
2024-04-22,2024,rf_grid,0,1,False,False,False,False,False,False,False,False,60.500000,57.723442,2.776558
2024-04-23,2024,rf_grid,0,2,False,False,False,False,False,False,False,False,60.500000,57.738382,2.761618
2024-04-24,2024,rf_grid,0,1,False,False,False,False,False,False,False,False,60.500000,57.921671,2.578329
2024-04-25,2024,rf_grid,0,0,False,False,False,False,False,False,False,False,59.000000,57.883288,1.116712
2024-04-26,2024,rf_grid,0,0,False,False,False,False,False,False,False,False,57.500000,63.453538,5.953538
2024-04-27,2024,rf_grid,0,0,False,False,False,False,False,False,False,False,58.000000,60.388891,2.388891
2024-04-28,2024,rf_grid,0,0,False,False,False,False,False,False,False,False,57.500000,60.470385,2.970385
2024-04-29,2024,rf_grid,0,0,False,False,False,False,False,False,False,False,54.500000,63.760238,9.260238
2024-04-30,2024,rf_grid,0,0,False,False,False,False,False,False,False,False,53.000000,63.451200,10.451200
2024-05-01,2024,rf_grid,0,0,False,False,False,False,False,False,False,False,47.500000,48.398072,0.898072
2024-05-02,2024,rf_grid,0,0,False,False,False,False,False,False,False,False,44.000000,53.191131,9.191131
2024-05-03,2024,rf_grid,0,0,False,False,False,False,False,False,False,False,44.500000,53.159405,8.659405
2024-05-04,2024,rf_grid,0,0,False,False,False,False,False,False,False,False,46.600000,53.561235,6.961235
2024-05-05,2024,rf_grid,0,0,False,False,False,False,False,False,False,False,49.800000,53.419818,3.619818
2024-05-06,2024,rf_grid,0,1,False,False,False,False,False,False,False,False,51.700000,56.622029,4.922029
2024-05-07,2024,rf_grid,0,0,False,False,False,False,False,False,False,False,55.750000,55.883170,0.133170
2024-05-08,2024,rf_grid,0,0,False,False,False,False,False,False,False,False,55.500000,55.437821,0.062179
2024-05-09,2024,rf_grid,0,1,False,False,False,False,False,False,False,False,58.200000,52.759205,5.440795
2024-05-10,2024,rf_grid,0,1,False,False,False,False,False,False,False,False,58.900000,52.031727,6.868273
2024-05-11,2024,rf_grid,0,1,False,False,False,False,False,False,False,False,60.500000,52.423686,8.076314
2024-05-12,2024,rf_grid,0,1,False,False,False,False,False,False,False,False,60.500000,55.230062,5.269938
2024-05-13,2024,rf_grid,0,0,False,False,False,False,False,False,False,False,61.000000,55.142476,5.857524
2024-05-14,2024,rf_grid,0,0,False,False,False,False,False,False,False,False,61.500000,55.322814,6.177186
2024-05-15,2024,rf_grid,0,0,False,False,False,False,False,False,False,False,61.000000,55.275797,5.724203
2024-05-16,2024,rf_grid,0,1,False,False,False,False,False,False,False,False,58.000000,47.417741,10.582259
2024-05-17,2024,rf_grid,0,3,False,False,False,False,False,False,False,False,55.500000,43.343565,12.156435
2024-05-18,2024,rf_grid,0,2,False,False,False,False,False,False,False,False,56.000000,42.983649,13.016351
2024-05-19,2024,rf_grid,0,2,False,False,False,False,False,False,False,False,56.000000,42.398450,13.601550
2024-05-20,2024,rf_grid,0,2,False,False,False,False,False,False,False,False,54.500000,42.808017,11.691983
2024-05-21,2024,rf_grid,0,2,False,False,False,False,False,False,False,False,55.000000,46.255072,8.744928
2024-05-22,2024,rf_grid,0,2,False,False,False,False,False,False,False,False,54.500000,47.151616,7.348384
2024-05-23,2024,rf_grid,0,3,False,False,False,False,False,False,False,False,53.500000,47.151616,6.348384
2024-05-24,2024,rf_grid,0,3,False,False,False,False,False,False,False,False,53.000000,47.151608,5.848392
2024-05-25,2024,rf_grid,0,3,False,False,False,False,False,False,False,False,51.500000,47.045634,4.454366
2024-05-26,2024,rf_grid,1,3,False,False,False,False,True,False,False,False,54.000000,49.194274,4.805726
2024-05-27,2024,rf_grid,0,3,False,False,False,False,False,False,False,False,52.000000,49.310191,2.689809
2024-05-28,2024,rf_grid,0,3,False,False,False,False,False,False,False,False,49.000000,46.647530,2.352470
2024-05-29,2024,rf_grid,0,3,False,False,False,False,False,False,False,False,52.000000,46.515615,5.484385
2024-05-30,2024,rf_grid,0,3,False,False,False,False,False,False,False,False,50.000000,46.486066,3.513934
2024-05-31,2024,rf_grid,0,3,False,False,False,False,False,False,False,False,50.000000,46.500242,3.499758
2024-06-01,2024,rf_grid,0,3,False,False,False,False,False,False,False,False,45.900000,45.994743,0.094743
2024-08-06,2024,rf_grid,0,0,False,False,False,False,False,False,False,False,48.250000,53.433228,5.183228
2024-08-07,2024,rf_grid,0,0,False,False,False,False,False,False,False,False,49.000000,53.433990,4.433990
2024-08-08,2024,rf_grid,0,0,False,False,False,False,False,False,False,False,47.500000,53.536205,6.036205
2024-08-09,2024,rf_grid,0,0,False,False,False,False,False,False,False,False,47.000000,50.221886,3.221886
2024-08-10,2024,rf_grid,0,0,False,False,False,False,False,False,False,False,47.000000,46.445330,0.554670
2024-08-11,2024,rf_grid,0,0,False,False,False,False,False,False,False,False,46.500000,50.181262,3.681262
2024-08-12,2024,rf_grid,0,0,False,False,False,False,False,False,False,False,43.000000,50.159170,7.159170
2024-08-16,2024,rf_grid,0,0,False,False,False,False,False,False,False,False,45.200000,52.537243,7.337243
2024-08-17,2024,rf_grid,0,0,False,False,False,False,False,False,False,False,46.500000,49.689026,3.189026
2024-08-18,2024,rf_grid,0,0,False,False,False,False,False,False,False,False,48.000000,50.006730,2.006730
2024-08-30,2024,rf_grid,0,0,False,False,False,False,False,False,False,False,59.700000,55.058651,4.641349
2024-08-31,2024,rf_grid,0,0,False,False,False,False,False,False,False,False,54.500000,55.238809,0.738809
2024-09-01,2024,rf_grid,0,0,False,False,False,False,False,False,False,False,54.500000,56.423202,1.923202
2024-09-02,2024,rf_grid,0,0,False,False,False,False,False,False,False,False,52.000000,56.225946,4.225946
2024-09-03,2024,rf_grid,0,0,False,False,False,False,False,False,False,False,51.750000,55.494104,3.744104
2024-09-04,2024,rf_grid,0,0,False,False,False,False,False,False,False,False,51.500000,54.859604,3.359604
2024-09-12,2024,rf_grid,0,1,False,False,False,False,False,False,False,False,53.000000,57.814342,4.814342
2024-09-16,2024,rf_grid,0,0,False,False,False,False,False,False,False,False,56.000000,58.012341,2.012341
2024-09-17,2024,rf_grid,0,1,False,False,False,False,False,False,False,False,54.000000,58.432193,4.432193
2024-09-18,2024,rf_grid,0,1,False,False,False,False,False,False,False,False,55.900000,58.283318,2.383318
2024-09-19,2024,rf_grid,0,1,False,False,False,False,False,False,False,False,55.000000,57.979380,2.979380
2024-09-20,2024,rf_grid,0,1,False,False,False,False,False,False,False,False,55.400000,57.834275,2.434275
2024-09-21,2024,rf_grid,0,0,False,False,False,False,False,False,False,False,55.000000,57.408184,2.408184
2024-09-22,2024,rf_grid,0,1,False,False,False,False,False,False,False,False,53.800000,57.824105,4.024105
2024-09-23,2024,rf_grid,1,1,False,True,False,False,False,False,False,False,51.700000,57.795210,6.095210
2024-09-24,2024,rf_grid,1,1,False,True,False,False,False,False,False,False,52.500000,58.081897,5.581897
2024-09-25,2024,rf_grid,0,1,False,False,False,False,False,False,False,False,51.500000,57.837632,6.337632
2024-09-26,2024,rf_grid,0,1,False,False,False,False,False,False,False,False,55.200000,57.780931,2.580931
2024-09-27,2024,rf_grid,1,1,False,True,False,False,False,False,False,False,53.400000,57.705101,4.305101
2024-09-28,2024,rf_grid,1,1,False,True,False,False,False,False,False,False,57.000000,57.603428,0.603428
2024-10-04,2024,rf_grid,0,1,False,False,False,False,False,False,False,False,56.200000,59.845923,3.645923
2024-10-05,2024,rf_grid,0,1,False,False,False,False,False,False,False,False,61.000000,60.459753,0.540247
2024-10-06,2024,rf_grid,0,1,False,False,False,False,False,False,False,False,57.000000,61.162161,4.162161
2024-10-07,2024,rf_grid,0,2,False,False,False,False,False,False,False,False,56.700000,61.388549,4.688549
2024-10-08,2024,rf_grid,1,2,False,True,False,False,False,False,False,False,60.700000,61.062432,0.362432
2024-10-09,2024,rf_grid,1,2,False,True,False,False,False,False,False,False,62.000000,61.506853,0.493147
2024-10-10,2024,rf_grid,1,2,False,True,False,False,False,False,False,False,62.500000,62.369645,0.130355
2024-10-11,2024,rf_grid,1,2,False,True,False,False,False,False,False,False,62.500000,62.573815,0.073815
2024-10-12,2024,rf_grid,1,2,False,True,False,False,False,False,False,False,61.200000,63.127394,1.927394
2024-10-13,2024,rf_grid,0,2,False,False,False,False,False,False,False,False,65.600000,63.063326,2.536674
2024-10-14,2024,rf_grid,0,2,False,False,False,False,False,False,False,False,62.900000,62.523262,0.376738
2024-10-15,2024,rf_grid,1,2,False,True,False,False,False,False,False,False,61.800000,61.964315,0.164315
2024-10-16,2024,rf_grid,1,2,False,True,False,False,False,False,False,False,62.000000,61.964315,0.035685
2024-10-17,2024,rf_grid,1,2,False,True,False,False,False,False,False,False,63.400000,62.255595,1.144405
2024-10-18,2024,rf_grid,1,2,False,True,False,False,False,False,False,False,61.500000,61.004595,0.495405
2024-10-19,2024,rf_grid,0,2,False,False,False,False,False,False,False,False,61.000000,61.429087,0.429087
2024-10-20,2024,rf_grid,0,2,False,False,False,False,False,False,False,False,63.600000,61.208886,2.391114
2024-10-21,2024,rf_grid,1,2,False,True,False,False,False,False,False,False,62.600000,60.863289,1.736711
2024-10-22,2024,rf_grid,0,1,False,False,False,False,False,False,False,False,59.000000,60.821188,1.821188
2024-10-23,2024,rf_grid,0,1,False,False,False,False,False,False,False,False,61.300000,60.491590,0.808410
2024-10-24,2024,rf_grid,0,2,False,False,False,False,False,False,False,False,59.900000,61.671891,1.771891
2024-10-25,2024,rf_grid,0,2,False,False,False,False,False,False,False,False,59.400000,61.685774,2.285774
2024-10-26,2024,rf_grid,0,1,False,False,False,False,False,False,False,False,59.800000,59.987977,0.187977
2024-10-27,2024,rf_grid,0,1,False,False,False,False,False,False,False,False,57.600000,59.760537,2.160537
2024-10-28,2024,rf_grid,0,0,False,False,False,False,False,False,False,False,59.000000,58.981562,0.018438
2024-10-29,2024,rf_grid,0,0,False,False,False,False,False,False,False,False,60.000000,58.935691,1.064309
2024-04-07,2024,catboost,0,2,False,False,False,False,False,False,False,False,66.200000,59.231311,6.968689
2024-04-08,2024,catboost,0,2,False,False,False,False,False,False,False,False,65.000000,61.151169,3.848831
2024-04-09,2024,catboost,0,2,False,False,False,False,False,False,False,False,74.500000,61.618892,12.881108
2024-04-10,2024,catboost,0,2,False,False,False,False,False,False,False,False,76.500000,58.527793,17.972207
2024-04-11,2024,catboost,0,2,False,False,False,False,False,False,False,False,76.200000,58.531789,17.668211
2024-04-12,2024,catboost,0,2,False,False,False,False,False,False,False,False,78.100000,59.527372,18.572628
2024-04-13,2024,catboost,0,0,False,False,False,False,False,False,False,False,77.500000,58.175107,19.324893
2024-04-14,2024,catboost,0,1,False,False,False,False,False,False,False,False,78.000000,58.224199,19.775801
2024-04-15,2024,catboost,0,1,False,False,False,False,False,False,False,False,66.000000,58.403410,7.596590
2024-04-16,2024,catboost,0,1,False,False,False,False,False,False,False,False,64.000000,58.508148,5.491852
2024-04-17,2024,catboost,0,1,False,False,False,False,False,False,False,False,65.500000,58.006858,7.493142
2024-04-18,2024,catboost,0,0,False,False,False,False,False,False,False,False,64.000000,57.275612,6.724388
2024-04-19,2024,catboost,0,1,False,False,False,False,False,False,False,False,62.800000,56.326297,6.473703
2024-04-20,2024,catboost,0,0,False,False,False,False,False,False,False,False,62.000000,55.803315,6.196685
2024-04-21,2024,catboost,0,0,False,False,False,False,False,False,False,False,61.000000,55.437930,5.562070
2024-04-22,2024,catboost,0,1,False,False,False,False,False,False,False,False,60.500000,53.746714,6.753286
2024-04-23,2024,catboost,0,2,False,False,False,False,False,False,False,False,60.500000,53.426462,7.073538
2024-04-24,2024,catboost,0,1,False,False,False,False,False,False,False,False,60.500000,53.542797,6.957203
2024-04-25,2024,catboost,0,0,False,False,False,False,False,False,False,False,59.000000,53.905460,5.094540
2024-04-26,2024,catboost,0,0,False,False,False,False,False,False,False,False,57.500000,56.121012,1.378988
2024-04-27,2024,catboost,0,0,False,False,False,False,False,False,False,False,58.000000,54.823869,3.176131
2024-04-28,2024,catboost,0,0,False,False,False,False,False,False,False,False,57.500000,54.664325,2.835675
2024-04-29,2024,catboost,0,0,False,False,False,False,False,False,False,False,54.500000,56.764534,2.264534
2024-04-30,2024,catboost,0,0,False,False,False,False,False,False,False,False,53.000000,56.614982,3.614982
2024-05-01,2024,catboost,0,0,False,False,False,False,False,False,False,False,47.500000,47.024336,0.475664
2024-05-02,2024,catboost,0,0,False,False,False,False,False,False,False,False,44.000000,51.453122,7.453122
2024-05-03,2024,catboost,0,0,False,False,False,False,False,False,False,False,44.500000,50.532618,6.032618
2024-05-04,2024,catboost,0,0,False,False,False,False,False,False,False,False,46.600000,50.346522,3.746522
2024-05-05,2024,catboost,0,0,False,False,False,False,False,False,False,False,49.800000,50.486503,0.686503
2024-05-06,2024,catboost,0,1,False,False,False,False,False,False,False,False,51.700000,53.169748,1.469748
2024-05-07,2024,catboost,0,0,False,False,False,False,False,False,False,False,55.750000,52.585866,3.164134
2024-05-08,2024,catboost,0,0,False,False,False,False,False,False,False,False,55.500000,54.526488,0.973512
2024-05-09,2024,catboost,0,1,False,False,False,False,False,False,False,False,58.200000,52.340373,5.859627
2024-05-10,2024,catboost,0,1,False,False,False,False,False,False,False,False,58.900000,52.120452,6.779548
2024-05-11,2024,catboost,0,1,False,False,False,False,False,False,False,False,60.500000,53.073612,7.426388
2024-05-12,2024,catboost,0,1,False,False,False,False,False,False,False,False,60.500000,55.122165,5.377835
2024-05-13,2024,catboost,0,0,False,False,False,False,False,False,False,False,61.000000,55.038359,5.961641
2024-05-14,2024,catboost,0,0,False,False,False,False,False,False,False,False,61.500000,54.537964,6.962036
2024-05-15,2024,catboost,0,0,False,False,False,False,False,False,False,False,61.000000,54.831423,6.168577
2024-05-16,2024,catboost,0,1,False,False,False,False,False,False,False,False,58.000000,47.443263,10.556737
2024-05-17,2024,catboost,0,3,False,False,False,False,False,False,False,False,55.500000,45.199241,10.300759
2024-05-18,2024,catboost,0,2,False,False,False,False,False,False,False,False,56.000000,43.239566,12.760434
2024-05-19,2024,catboost,0,2,False,False,False,False,False,False,False,False,56.000000,41.839969,14.160031
2024-05-20,2024,catboost,0,2,False,False,False,False,False,False,False,False,54.500000,42.148943,12.351057
2024-05-21,2024,catboost,0,2,False,False,False,False,False,False,False,False,55.000000,46.362013,8.637987
2024-05-22,2024,catboost,0,2,False,False,False,False,False,False,False,False,54.500000,50.517928,3.982072
2024-05-23,2024,catboost,0,3,False,False,False,False,False,False,False,False,53.500000,50.550355,2.949645
2024-05-24,2024,catboost,0,3,False,False,False,False,False,False,False,False,53.000000,50.521309,2.478691
2024-05-25,2024,catboost,0,3,False,False,False,False,False,False,False,False,51.500000,50.063434,1.436566
2024-05-26,2024,catboost,1,3,False,False,False,False,True,False,False,False,54.000000,51.360978,2.639022
2024-05-27,2024,catboost,0,3,False,False,False,False,False,False,False,False,52.000000,51.229702,0.770298
2024-05-28,2024,catboost,0,3,False,False,False,False,False,False,False,False,49.000000,49.771308,0.771308
2024-05-29,2024,catboost,0,3,False,False,False,False,False,False,False,False,52.000000,50.080478,1.919522
2024-05-30,2024,catboost,0,3,False,False,False,False,False,False,False,False,50.000000,49.270193,0.729807
2024-05-31,2024,catboost,0,3,False,False,False,False,False,False,False,False,50.000000,49.464235,0.535765
2024-06-01,2024,catboost,0,3,False,False,False,False,False,False,False,False,45.900000,51.041620,5.141620
2024-08-06,2024,catboost,0,0,False,False,False,False,False,False,False,False,48.250000,50.971042,2.721042
2024-08-07,2024,catboost,0,0,False,False,False,False,False,False,False,False,49.000000,50.836517,1.836517
2024-08-08,2024,catboost,0,0,False,False,False,False,False,False,False,False,47.500000,51.451058,3.951058
2024-08-09,2024,catboost,0,0,False,False,False,False,False,False,False,False,47.000000,47.927410,0.927410
2024-08-10,2024,catboost,0,0,False,False,False,False,False,False,False,False,47.000000,50.249749,3.249749
2024-08-11,2024,catboost,0,0,False,False,False,False,False,False,False,False,46.500000,54.359872,7.859872
2024-08-12,2024,catboost,0,0,False,False,False,False,False,False,False,False,43.000000,53.888428,10.888428
2024-08-16,2024,catboost,0,0,False,False,False,False,False,False,False,False,45.200000,51.017388,5.817388
2024-08-17,2024,catboost,0,0,False,False,False,False,False,False,False,False,46.500000,48.039231,1.539231
2024-08-18,2024,catboost,0,0,False,False,False,False,False,False,False,False,48.000000,49.202659,1.202659
2024-08-30,2024,catboost,0,0,False,False,False,False,False,False,False,False,59.700000,54.506255,5.193745
2024-08-31,2024,catboost,0,0,False,False,False,False,False,False,False,False,54.500000,55.384733,0.884733
2024-09-01,2024,catboost,0,0,False,False,False,False,False,False,False,False,54.500000,55.620603,1.120603
2024-09-02,2024,catboost,0,0,False,False,False,False,False,False,False,False,52.000000,55.487324,3.487324
2024-09-03,2024,catboost,0,0,False,False,False,False,False,False,False,False,51.750000,54.979026,3.229026
2024-09-04,2024,catboost,0,0,False,False,False,False,False,False,False,False,51.500000,55.879039,4.379039
2024-09-12,2024,catboost,0,1,False,False,False,False,False,False,False,False,53.000000,59.429692,6.429692
2024-09-16,2024,catboost,0,0,False,False,False,False,False,False,False,False,56.000000,60.361638,4.361638
2024-09-17,2024,catboost,0,1,False,False,False,False,False,False,False,False,54.000000,62.639045,8.639045
2024-09-18,2024,catboost,0,1,False,False,False,False,False,False,False,False,55.900000,62.750291,6.850291
2024-09-19,2024,catboost,0,1,False,False,False,False,False,False,False,False,55.000000,62.025271,7.025271
2024-09-20,2024,catboost,0,1,False,False,False,False,False,False,False,False,55.400000,61.878780,6.478780
2024-09-21,2024,catboost,0,0,False,False,False,False,False,False,False,False,55.000000,59.500026,4.500026
2024-09-22,2024,catboost,0,1,False,False,False,False,False,False,False,False,53.800000,61.020665,7.220665
2024-09-23,2024,catboost,1,1,False,True,False,False,False,False,False,False,51.700000,60.295613,8.595613
2024-09-24,2024,catboost,1,1,False,True,False,False,False,False,False,False,52.500000,59.992085,7.492085
2024-09-25,2024,catboost,0,1,False,False,False,False,False,False,False,False,51.500000,60.393447,8.893447
2024-09-26,2024,catboost,0,1,False,False,False,False,False,False,False,False,55.200000,59.427625,4.227625
2024-09-27,2024,catboost,1,1,False,True,False,False,False,False,False,False,53.400000,59.471460,6.071460
2024-09-28,2024,catboost,1,1,False,True,False,False,False,False,False,False,57.000000,59.695708,2.695708
2024-10-04,2024,catboost,0,1,False,False,False,False,False,False,False,False,56.200000,61.684108,5.484108
2024-10-05,2024,catboost,0,1,False,False,False,False,False,False,False,False,61.000000,62.067252,1.067252
2024-10-06,2024,catboost,0,1,False,False,False,False,False,False,False,False,57.000000,65.398303,8.398303
2024-10-07,2024,catboost,0,2,False,False,False,False,False,False,False,False,56.700000,64.005059,7.305059
2024-10-08,2024,catboost,1,2,False,True,False,False,False,False,False,False,60.700000,64.148544,3.448544
2024-10-09,2024,catboost,1,2,False,True,False,False,False,False,False,False,62.000000,64.122617,2.122617
2024-10-10,2024,catboost,1,2,False,True,False,False,False,False,False,False,62.500000,65.366877,2.866877
2024-10-11,2024,catboost,1,2,False,True,False,False,False,False,False,False,62.500000,66.517428,4.017428
2024-10-12,2024,catboost,1,2,False,True,False,False,False,False,False,False,61.200000,67.044599,5.844599
2024-10-13,2024,catboost,0,2,False,False,False,False,False,False,False,False,65.600000,67.010330,1.410330
2024-10-14,2024,catboost,0,2,False,False,False,False,False,False,False,False,62.900000,65.856616,2.956616
2024-10-15,2024,catboost,1,2,False,True,False,False,False,False,False,False,61.800000,64.852893,3.052893
2024-10-16,2024,catboost,1,2,False,True,False,False,False,False,False,False,62.000000,64.834170,2.834170
2024-10-17,2024,catboost,1,2,False,True,False,False,False,False,False,False,63.400000,65.145441,1.745441
2024-10-18,2024,catboost,1,2,False,True,False,False,False,False,False,False,61.500000,64.110485,2.610485
2024-10-19,2024,catboost,0,2,False,False,False,False,False,False,False,False,61.000000,63.481533,2.481533
2024-10-20,2024,catboost,0,2,False,False,False,False,False,False,False,False,63.600000,63.729750,0.129750
2024-10-21,2024,catboost,1,2,False,True,False,False,False,False,False,False,62.600000,60.899617,1.700383
2024-10-22,2024,catboost,0,1,False,False,False,False,False,False,False,False,59.000000,57.359085,1.640915
2024-10-23,2024,catboost,0,1,False,False,False,False,False,False,False,False,61.300000,58.942515,2.357485
2024-10-24,2024,catboost,0,2,False,False,False,False,False,False,False,False,59.900000,61.093657,1.193657
2024-10-25,2024,catboost,0,2,False,False,False,False,False,False,False,False,59.400000,61.337531,1.937531
2024-10-26,2024,catboost,0,1,False,False,False,False,False,False,False,False,59.800000,59.450108,0.349892
2024-10-27,2024,catboost,0,1,False,False,False,False,False,False,False,False,57.600000,59.323033,1.723033
2024-10-28,2024,catboost,0,0,False,False,False,False,False,False,False,False,59.000000,58.111217,0.888783
2024-10-29,2024,catboost,0,0,False,False,False,False,False,False,False,False,60.000000,58.339717,1.660283
2025-04-15,2025,rf_grid,0,3,False,False,False,False,False,False,False,False,81.500000,76.243916,5.256084
2025-04-16,2025,rf_grid,0,3,False,False,False,False,False,False,False,False,81.700000,75.470184,6.229816
2025-04-17,2025,rf_grid,0,3,False,False,False,False,False,False,False,False,81.500000,75.653289,5.846711
2025-04-18,2025,rf_grid,0,2,False,False,False,False,False,False,False,False,82.500000,75.306156,7.193844
2025-04-19,2025,rf_grid,0,1,False,False,False,False,False,False,False,False,81.100000,75.241033,5.858967
2025-04-20,2025,rf_grid,0,1,False,False,False,False,False,False,False,False,79.100000,75.353493,3.746507
2025-04-21,2025,rf_grid,0,1,False,False,False,False,False,False,False,False,80.500000,75.272779,5.227221
2025-04-22,2025,rf_grid,0,1,False,False,False,False,False,False,False,False,79.500000,74.087125,5.412875
2025-04-23,2025,rf_grid,0,1,False,False,False,False,False,False,False,False,81.500000,74.223126,7.276874
2025-04-24,2025,rf_grid,0,1,False,False,False,False,False,False,False,False,80.500000,75.269265,5.230735
2025-04-25,2025,rf_grid,0,2,False,False,False,False,False,False,False,False,81.500000,76.201418,5.298582
2025-04-26,2025,rf_grid,0,2,False,False,False,False,False,False,False,False,81.000000,76.776297,4.223703
2025-04-27,2025,rf_grid,0,2,False,False,False,False,False,False,False,False,80.000000,77.210091,2.789909
2025-04-28,2025,rf_grid,0,2,False,False,False,False,False,False,False,False,78.500000,77.070866,1.429134
2025-04-29,2025,rf_grid,0,3,False,False,False,False,False,False,False,False,80.900000,76.767196,4.132804
2025-04-30,2025,rf_grid,0,1,False,False,False,False,False,False,False,False,78.500000,74.084020,4.415980
2025-05-01,2025,rf_grid,0,1,False,False,False,False,False,False,False,False,80.000000,65.103057,14.896943
2025-05-02,2025,rf_grid,0,1,False,False,False,False,False,False,False,False,78.800000,65.563598,13.236402
2025-05-03,2025,rf_grid,0,1,False,False,False,False,False,False,False,False,79.000000,65.608218,13.391782
2025-05-04,2025,rf_grid,0,1,False,False,False,False,False,False,False,False,79.000000,65.666823,13.333177
2025-05-05,2025,rf_grid,0,1,False,False,False,False,False,False,False,False,78.000000,65.411949,12.588051
2025-05-06,2025,rf_grid,0,0,False,False,False,False,False,False,False,False,78.250000,64.853268,13.396732
2025-05-07,2025,rf_grid,0,1,False,False,False,False,False,False,False,False,76.000000,65.412653,10.587347
2025-05-08,2025,rf_grid,0,1,False,False,False,False,False,False,False,False,77.400000,65.267877,12.132123
2025-05-09,2025,rf_grid,0,1,False,False,False,False,False,False,False,False,74.500000,65.540341,8.959659
2025-05-10,2025,rf_grid,0,0,False,False,False,False,False,False,False,False,73.500000,53.511848,19.988152
2025-05-11,2025,rf_grid,0,0,False,False,False,False,False,False,False,False,71.000000,58.086715,12.913285
2025-05-12,2025,rf_grid,0,0,False,False,False,False,False,False,False,False,67.100000,60.736341,6.363659
2025-05-13,2025,rf_grid,0,0,False,False,False,False,False,False,False,False,65.000000,58.816340,6.183660
2025-05-14,2025,rf_grid,0,0,False,False,False,False,False,False,False,False,64.600000,58.431948,6.168052
2025-05-15,2025,rf_grid,0,0,False,False,False,False,False,False,False,False,62.200000,57.645678,4.554322
2025-05-16,2025,rf_grid,0,0,False,False,False,False,False,False,False,False,63.500000,56.268291,7.231709
2025-05-17,2025,rf_grid,0,0,False,False,False,False,False,False,False,False,60.000000,55.547143,4.452857
2025-05-18,2025,rf_grid,0,0,False,False,False,False,False,False,False,False,58.000000,55.319428,2.680572
2025-05-19,2025,rf_grid,0,0,False,False,False,False,False,False,False,False,55.800000,56.044518,0.244518
2025-05-20,2025,rf_grid,0,0,False,False,False,False,False,False,False,False,55.000000,56.530931,1.530931
2025-05-21,2025,rf_grid,0,0,False,False,False,False,False,False,False,False,53.500000,49.666358,3.833642
2025-05-22,2025,rf_grid,0,0,False,False,False,False,False,False,False,False,53.000000,53.892497,0.892497
2025-05-23,2025,rf_grid,0,0,False,False,False,False,False,False,False,False,51.100000,53.902594,2.802594
2025-05-24,2025,rf_grid,0,0,False,False,False,False,False,False,False,False,48.200000,54.083523,5.883523
2025-05-25,2025,rf_grid,0,0,False,False,False,False,False,False,False,False,49.000000,53.984168,4.984168
2025-05-26,2025,rf_grid,0,0,False,False,False,False,False,False,False,False,47.000000,52.362044,5.362044
2025-05-27,2025,rf_grid,0,0,False,False,False,False,False,False,False,False,40.500000,53.997189,13.497189
2025-05-28,2025,rf_grid,0,0,False,False,False,False,False,False,False,False,43.900000,52.031727,8.131727
2025-05-29,2025,rf_grid,0,0,False,False,False,False,False,False,False,False,46.000000,53.166559,7.166559
2025-05-30,2025,rf_grid,0,0,False,False,False,False,False,False,False,False,45.500000,49.305279,3.805279
2025-05-31,2025,rf_grid,0,0,False,False,False,False,False,False,False,False,43.500000,50.421705,6.921705
2025-06-01,2025,rf_grid,0,0,False,False,False,False,False,False,False,False,42.500000,49.026201,6.526201
2025-06-02,2025,rf_grid,0,0,False,False,False,False,False,False,False,False,42.900000,48.393691,5.493691
2025-06-03,2025,rf_grid,0,0,False,False,False,False,False,False,False,False,42.000000,49.284584,7.284584
2025-06-04,2025,rf_grid,0,0,False,False,False,False,False,False,False,False,41.000000,45.653566,4.653566
2025-06-05,2025,rf_grid,0,0,False,False,False,False,False,False,False,False,41.000000,43.767033,2.767033
2025-06-06,2025,rf_grid,0,0,False,False,False,False,False,False,False,False,39.100000,47.963899,8.863899
2025-06-07,2025,rf_grid,0,0,False,False,False,False,False,False,False,False,40.500000,44.432796,3.932796
2025-06-08,2025,rf_grid,0,0,False,False,False,False,False,False,False,False,41.500000,47.569487,6.069487
2025-06-09,2025,rf_grid,0,0,False,False,False,False,False,False,False,False,44.500000,47.054132,2.554132
2025-06-10,2025,rf_grid,0,0,False,False,False,False,False,False,False,False,43.600000,46.710321,3.110321
2025-06-11,2025,rf_grid,0,0,False,False,False,False,False,False,False,False,41.800000,49.745972,7.945972
2025-06-12,2025,rf_grid,0,0,False,False,False,False,False,False,False,False,42.600000,49.721688,7.121688
2025-06-13,2025,rf_grid,0,1,False,False,False,False,False,False,False,False,41.500000,46.402746,4.902746
2025-06-14,2025,rf_grid,0,1,False,False,False,False,False,False,False,False,41.100000,46.426031,5.326031
2025-06-15,2025,rf_grid,0,1,False,False,False,False,False,False,False,False,40.000000,45.818233,5.818233
2025-06-16,2025,rf_grid,0,0,False,False,False,False,False,False,False,False,43.000000,42.944359,0.055641
2025-06-17,2025,rf_grid,0,0,False,False,False,False,False,False,False,False,40.500000,43.308553,2.808553
2025-06-18,2025,rf_grid,0,0,False,False,False,False,False,False,False,False,40.500000,42.617341,2.117341
2025-06-19,2025,rf_grid,0,0,False,False,False,False,False,False,False,False,41.100000,46.806265,5.706265
2025-06-20,2025,rf_grid,0,0,False,False,False,False,False,False,False,False,42.100000,46.699509,4.599509
2025-06-21,2025,rf_grid,0,0,False,False,False,False,False,False,False,False,40.500000,47.441178,6.941178
2025-06-22,2025,rf_grid,0,0,False,False,False,False,False,False,False,False,40.500000,47.133285,6.633285
2025-06-23,2025,rf_grid,0,0,False,False,False,False,False,False,False,False,41.500000,51.439369,9.939369
2025-06-24,2025,rf_grid,0,0,False,False,False,False,False,False,False,False,42.000000,48.571668,6.571668
2025-06-25,2025,rf_grid,0,0,False,False,False,False,False,False,False,False,41.000000,48.627607,7.627607
2025-06-26,2025,rf_grid,0,0,False,False,False,False,False,False,False,False,42.000000,52.751764,10.751764
2025-06-27,2025,rf_grid,0,0,False,False,False,False,False,False,False,False,41.000000,54.501554,13.501554
2025-06-28,2025,rf_grid,0,0,False,False,False,False,False,False,False,False,41.000000,49.896367,8.896367
2025-06-29,2025,rf_grid,0,0,False,False,False,False,False,False,False,False,40.500000,49.857525,9.357525
2025-06-30,2025,rf_grid,0,0,False,False,False,False,False,False,False,False,40.000000,49.148876,9.148876
2025-07-01,2025,rf_grid,0,0,False,False,False,False,False,False,False,False,41.100000,49.337750,8.237750
2025-07-02,2025,rf_grid,0,0,False,False,False,False,False,False,False,False,41.500000,50.221387,8.721387
2025-07-03,2025,rf_grid,0,0,False,False,False,False,False,False,False,False,41.000000,50.827518,9.827518
2025-07-04,2025,rf_grid,0,0,False,False,False,False,False,False,False,False,42.600000,50.630124,8.030124
2025-07-05,2025,rf_grid,0,0,False,False,False,False,False,False,False,False,42.200000,50.175806,7.975806
2025-07-06,2025,rf_grid,0,0,False,False,False,False,False,False,False,False,43.200000,50.022571,6.822571
2025-07-07,2025,rf_grid,0,0,False,False,False,False,False,False,False,False,44.800000,54.964504,10.164504
2025-07-08,2025,rf_grid,0,0,False,False,False,False,False,False,False,False,44.150000,50.629095,6.479095
2025-07-09,2025,rf_grid,0,0,False,False,False,False,False,False,False,False,44.500000,51.260424,6.760424
2025-07-10,2025,rf_grid,0,0,False,False,False,False,False,False,False,False,46.000000,51.461036,5.461036
2025-07-11,2025,rf_grid,0,0,False,False,False,False,False,False,False,False,47.000000,55.555779,8.555779
2025-07-12,2025,rf_grid,0,0,False,False,False,False,False,False,False,False,48.000000,55.924480,7.924480
2025-07-13,2025,rf_grid,0,0,False,False,False,False,False,False,False,False,48.000000,56.198321,8.198321
2025-07-14,2025,rf_grid,0,0,False,False,False,False,False,False,False,False,53.000000,58.062876,5.062876
2025-07-15,2025,rf_grid,0,0,False,False,False,False,False,False,False,False,54.500000,57.869030,3.369030
2025-07-16,2025,rf_grid,0,0,False,False,False,False,False,False,False,False,55.000000,57.830113,2.830113
2025-07-17,2025,rf_grid,0,0,False,False,False,False,False,False,False,False,57.500000,56.441679,1.058321
2025-07-18,2025,rf_grid,0,0,False,False,False,False,False,False,False,False,55.200000,56.334241,1.134241
2025-07-19,2025,rf_grid,0,0,False,False,False,False,False,False,False,False,56.300000,58.791855,2.491855
2025-07-20,2025,rf_grid,0,0,False,False,False,False,False,False,False,False,56.800000,57.355033,0.555033
2025-07-21,2025,rf_grid,0,0,False,False,False,False,False,False,False,False,56.000000,56.512417,0.512417
2025-07-22,2025,rf_grid,0,0,False,False,False,False,False,False,False,False,57.000000,56.904582,0.095418
2025-07-23,2025,rf_grid,0,0,False,False,False,False,False,False,False,False,58.000000,56.962866,1.037134
2025-07-24,2025,rf_grid,0,0,False,False,False,False,False,False,False,False,55.500000,56.821951,1.321951
2025-07-25,2025,rf_grid,0,0,False,False,False,False,False,False,False,False,58.500000,56.951554,1.548446
2025-07-30,2025,rf_grid,0,0,False,False,False,False,False,False,False,False,60.400000,62.727750,2.327750
2025-07-31,2025,rf_grid,0,0,False,False,False,False,False,False,False,False,60.500000,62.888856,2.388856
2025-08-01,2025,rf_grid,0,0,False,False,False,False,False,False,False,False,62.000000,64.811878,2.811878
2025-08-02,2025,rf_grid,0,0,False,False,False,False,False,False,False,False,63.500000,64.476348,0.976348
2025-08-03,2025,rf_grid,0,0,False,False,False,False,False,False,False,False,64.500000,63.638212,0.861788
2025-08-04,2025,rf_grid,0,0,False,False,False,False,False,False,False,False,63.000000,62.639993,0.360007
2025-08-05,2025,rf_grid,0,0,False,False,False,False,False,False,False,False,61.750000,63.641214,1.891214
2025-08-06,2025,rf_grid,0,0,False,False,False,False,False,False,False,False,61.400000,63.472838,2.072838
2025-08-07,2025,rf_grid,0,0,False,False,False,False,False,False,False,False,67.500000,64.603977,2.896023
2025-08-08,2025,rf_grid,0,0,False,False,False,False,False,False,False,False,65.000000,64.681391,0.318609
2025-08-09,2025,rf_grid,0,0,False,False,False,False,False,False,False,False,63.500000,64.443233,0.943233
2025-08-10,2025,rf_grid,0,0,False,False,False,False,False,False,False,False,64.000000,63.567012,0.432988
2025-08-11,2025,rf_grid,0,0,False,False,False,False,False,False,False,False,65.000000,63.755441,1.244559
2025-08-12,2025,rf_grid,0,0,False,False,False,False,False,False,False,False,64.000000,64.411097,0.411097
2025-08-13,2025,rf_grid,0,0,False,False,False,False,False,False,False,False,63.000000,63.742011,0.742011
2025-08-14,2025,rf_grid,0,0,False,False,False,False,False,False,False,False,64.500000,63.486143,1.013857
2025-08-15,2025,rf_grid,0,0,False,False,False,False,False,False,False,False,65.500000,63.635968,1.864032
2025-08-16,2025,rf_grid,0,0,False,False,False,False,False,False,False,False,63.800000,63.822652,0.022652
2025-08-17,2025,rf_grid,0,0,False,False,False,False,False,False,False,False,63.100000,64.739173,1.639173
2025-08-18,2025,rf_grid,0,0,False,False,False,False,False,False,False,False,64.500000,64.328923,0.171077
2025-08-19,2025,rf_grid,0,0,False,False,False,False,False,False,False,False,65.500000,62.735959,2.764041
2025-08-20,2025,rf_grid,0,0,False,False,False,False,False,False,False,False,64.500000,62.741423,1.758577
2025-08-21,2025,rf_grid,0,0,False,False,False,False,False,False,False,False,65.000000,63.339314,1.660686
2025-08-22,2025,rf_grid,0,0,False,False,False,False,False,False,False,False,66.000000,63.676804,2.323196
2025-08-23,2025,rf_grid,0,0,False,False,False,False,False,False,False,False,66.000000,63.432096,2.567904
2025-08-24,2025,rf_grid,0,0,False,False,False,False,False,False,False,False,67.500000,63.736991,3.763009
2025-08-25,2025,rf_grid,0,0,False,False,False,False,False,False,False,False,65.400000,64.719128,0.680872
2025-08-26,2025,rf_grid,0,0,False,False,False,False,False,False,False,False,63.400000,63.348156,0.051844
2025-08-27,2025,rf_grid,0,0,False,False,False,False,False,False,False,False,63.100000,63.611744,0.511744
2025-08-28,2025,rf_grid,0,0,False,False,False,False,False,False,False,False,62.000000,62.337185,0.337185
2025-08-29,2025,rf_grid,0,0,False,False,False,False,False,False,False,False,58.000000,58.174239,0.174239
2025-08-30,2025,rf_grid,0,0,False,False,False,False,False,False,False,False,59.500000,53.602368,5.897632
2025-08-31,2025,rf_grid,0,0,False,False,False,False,False,False,False,False,60.000000,57.270692,2.729308
2025-09-01,2025,rf_grid,0,0,False,False,False,False,False,False,False,False,60.000000,58.034128,1.965872
2025-09-02,2025,rf_grid,0,0,False,False,False,False,False,False,False,False,59.000000,58.414942,0.585058
2025-09-03,2025,rf_grid,0,0,False,False,False,False,False,False,False,False,59.000000,58.435617,0.564383
2025-09-04,2025,rf_grid,0,0,False,False,False,False,False,False,False,False,57.500000,58.301314,0.801314
2025-09-05,2025,rf_grid,0,0,False,False,False,False,False,False,False,False,59.000000,58.319852,0.680148
2025-09-06,2025,rf_grid,0,0,False,False,False,False,False,False,False,False,59.000000,58.171867,0.828133
2025-09-07,2025,rf_grid,0,0,False,False,False,False,False,False,False,False,60.500000,65.001504,4.501504
2025-09-08,2025,rf_grid,0,0,False,False,False,False,False,False,False,False,61.500000,64.920312,3.420312
2025-09-09,2025,rf_grid,0,0,False,False,False,False,False,False,False,False,62.000000,64.231549,2.231549
2025-09-10,2025,rf_grid,0,0,False,False,False,False,False,False,False,False,63.000000,64.043120,1.043120
2025-09-11,2025,rf_grid,0,0,False,False,False,False,False,False,False,False,63.000000,64.823824,1.823824
2025-09-12,2025,rf_grid,0,0,False,False,False,False,False,False,False,False,62.900000,64.823824,1.923824
2025-09-13,2025,rf_grid,0,0,False,False,False,False,False,False,False,False,67.000000,64.006299,2.993701
2025-09-14,2025,rf_grid,0,0,False,False,False,False,False,False,False,False,64.000000,64.787003,0.787003
2025-09-15,2025,rf_grid,0,0,False,False,False,False,False,False,False,False,64.000000,65.097694,1.097694
2025-09-16,2025,rf_grid,0,0,False,False,False,False,False,False,False,False,62.000000,64.117714,2.117714
2025-09-17,2025,rf_grid,0,0,False,False,False,False,False,False,False,False,61.000000,59.173978,1.826022
2025-09-18,2025,rf_grid,0,0,False,False,False,False,False,False,False,False,63.500000,57.920240,5.579760
2025-09-19,2025,rf_grid,0,0,False,False,False,False,False,False,False,False,61.500000,57.953766,3.546234
2025-09-20,2025,rf_grid,0,0,False,False,False,False,False,False,False,False,59.500000,57.993208,1.506792
2025-09-29,2025,rf_grid,0,0,False,False,False,False,False,False,False,False,59.000000,57.843651,1.156349
2025-09-30,2025,rf_grid,0,0,False,False,False,False,False,False,False,False,59.000000,59.680968,0.680968
2025-10-01,2025,rf_grid,0,0,False,False,False,False,False,False,False,False,58.900000,59.370630,0.470630
2025-10-02,2025,rf_grid,0,0,False,False,False,False,False,False,False,False,59.400000,63.318205,3.918205
2025-10-07,2025,rf_grid,0,0,False,False,False,False,False,False,False,False,59.750000,59.981504,0.231504
2025-10-08,2025,rf_grid,0,0,False,False,False,False,False,False,False,False,61.000000,63.511973,2.511973
2025-10-09,2025,rf_grid,0,0,False,False,False,False,False,False,False,False,63.500000,61.283244,2.216756
2025-10-10,2025,rf_grid,0,0,False,False,False,False,False,False,False,False,62.500000,57.859833,4.640167
2025-10-11,2025,rf_grid,0,0,False,False,False,False,False,False,False,False,60.700000,59.858145,0.841855
2025-10-12,2025,rf_grid,0,0,False,False,False,False,False,False,False,False,61.500000,57.799200,3.700800
2025-10-13,2025,rf_grid,0,0,False,False,False,False,False,False,False,False,62.500000,60.524734,1.975266
2025-10-14,2025,rf_grid,0,0,False,False,False,False,False,False,False,False,63.000000,58.677978,4.322022
2025-10-15,2025,rf_grid,0,0,False,False,False,False,False,False,False,False,62.000000,59.507571,2.492429
2025-10-16,2025,rf_grid,0,0,False,False,False,False,False,False,False,False,61.000000,61.793778,0.793778
2025-10-17,2025,rf_grid,0,0,False,False,False,False,False,False,False,False,60.400000,60.348510,0.051490
2025-10-18,2025,rf_grid,0,0,False,False,False,False,False,False,False,False,57.500000,59.877748,2.377748
2025-10-19,2025,rf_grid,0,0,False,False,False,False,False,False,False,False,58.000000,60.321470,2.321470
2025-10-20,2025,rf_grid,0,0,False,False,False,False,False,False,False,False,61.000000,60.367241,0.632759
2025-10-21,2025,rf_grid,0,0,False,False,False,False,False,False,False,False,58.500000,60.815991,2.315991
2025-10-22,2025,rf_grid,0,0,False,False,False,False,False,False,False,False,59.000000,60.878290,1.878290
2025-10-23,2025,rf_grid,0,0,False,False,False,False,False,False,False,False,55.000000,60.478703,5.478703
2025-10-24,2025,rf_grid,0,0,False,False,False,False,False,False,False,False,60.700000,60.735465,0.035465
2025-10-25,2025,rf_grid,0,0,False,False,False,False,False,False,False,False,60.900000,61.077324,0.177324
2025-10-26,2025,rf_grid,0,0,False,False,False,False,False,False,False,False,60.000000,61.056250,1.056250
2025-10-27,2025,rf_grid,0,0,False,False,False,False,False,False,False,False,61.500000,60.559229,0.940771
2025-10-28,2025,rf_grid,0,0,False,False,False,False,False,False,False,False,60.000000,60.496929,0.496929
2025-10-29,2025,rf_grid,0,0,False,False,False,False,False,False,False,False,60.000000,60.559229,0.559229
2025-10-30,2025,rf_grid,0,0,False,False,False,False,False,False,False,False,58.500000,60.478703,1.978703
2025-10-31,2025,rf_grid,0,0,False,False,False,False,False,False,False,False,55.000000,59.904957,4.904957
2025-11-01,2025,rf_grid,0,1,False,False,False,False,False,False,False,False,54.500000,59.721977,5.221977
2025-11-02,2025,rf_grid,0,2,False,False,False,False,False,False,False,False,55.000000,60.292279,5.292279
2025-11-03,2025,rf_grid,0,1,False,False,False,False,False,False,False,False,56.000000,58.146377,2.146377
2025-11-04,2025,rf_grid,0,1,False,False,False,False,False,False,False,False,62.000000,58.085718,3.914282
2025-11-05,2025,rf_grid,0,2,False,False,False,False,False,False,False,False,59.400000,57.143742,2.256258
2025-11-06,2025,rf_grid,0,1,False,False,False,False,False,False,False,False,51.000000,53.558323,2.558323
2025-11-07,2025,rf_grid,0,1,False,False,False,False,False,False,False,False,57.500000,56.760304,0.739696
2025-11-08,2025,rf_grid,0,1,False,False,False,False,False,False,False,False,61.000000,53.039762,7.960238
2025-11-09,2025,rf_grid,0,1,False,False,False,False,False,False,False,False,59.500000,53.179998,6.320002
2025-11-10,2025,rf_grid,0,1,False,False,False,False,False,False,False,False,60.500000,53.382124,7.117876
2025-11-11,2025,rf_grid,0,1,False,False,False,False,False,False,False,False,59.000000,56.670846,2.329154
2025-11-12,2025,rf_grid,0,1,False,False,False,False,False,False,False,False,58.000000,58.486750,0.486750
2025-11-13,2025,rf_grid,0,2,False,False,False,False,False,False,False,False,60.500000,58.416708,2.083292
2025-11-14,2025,rf_grid,0,2,False,False,False,False,False,False,False,False,58.500000,58.292094,0.207906
2025-11-15,2025,rf_grid,0,1,False,False,False,False,False,False,False,False,59.500000,57.880423,1.619577
2025-11-16,2025,rf_grid,0,1,False,False,False,False,False,False,False,False,58.000000,58.332369,0.332369
2025-11-17,2025,rf_grid,0,1,False,False,False,False,False,False,False,False,60.500000,58.146207,2.353793
2025-11-18,2025,rf_grid,0,1,False,False,False,False,False,False,False,False,58.500000,58.219676,0.280324
2025-11-19,2025,rf_grid,0,1,False,False,False,False,False,False,False,False,64.000000,58.215823,5.784177
2025-11-20,2025,rf_grid,0,1,False,False,False,False,False,False,False,False,64.900000,58.055509,6.844491
2025-11-21,2025,rf_grid,0,1,False,False,False,False,False,False,False,False,64.500000,57.985894,6.514106
2025-11-22,2025,rf_grid,0,1,False,False,False,False,False,False,False,False,65.500000,58.047433,7.452567
2025-11-23,2025,rf_grid,0,1,False,False,False,False,False,False,False,False,65.000000,58.047433,6.952567
2025-11-24,2025,rf_grid,0,1,False,False,False,False,False,False,False,False,65.000000,58.115917,6.884083
2025-11-25,2025,rf_grid,0,1,False,False,False,False,False,False,False,False,64.000000,57.594805,6.405195
2025-11-26,2025,rf_grid,0,1,False,False,False,False,False,False,False,False,65.000000,54.522071,10.477929
2025-11-27,2025,rf_grid,0,2,False,False,False,False,False,False,False,False,63.500000,55.326278,8.173722
2025-04-15,2025,catboost,0,3,False,False,False,False,False,False,False,False,81.500000,76.535475,4.964525
2025-04-16,2025,catboost,0,3,False,False,False,False,False,False,False,False,81.700000,76.619680,5.080320
2025-04-17,2025,catboost,0,3,False,False,False,False,False,False,False,False,81.500000,77.014834,4.485166
2025-04-18,2025,catboost,0,2,False,False,False,False,False,False,False,False,82.500000,76.971890,5.528110
2025-04-19,2025,catboost,0,1,False,False,False,False,False,False,False,False,81.100000,79.189296,1.910704
2025-04-20,2025,catboost,0,1,False,False,False,False,False,False,False,False,79.100000,79.461305,0.361305
2025-04-21,2025,catboost,0,1,False,False,False,False,False,False,False,False,80.500000,80.169808,0.330192
2025-04-22,2025,catboost,0,1,False,False,False,False,False,False,False,False,79.500000,78.316740,1.183260
2025-04-23,2025,catboost,0,1,False,False,False,False,False,False,False,False,81.500000,78.562764,2.937236
2025-04-24,2025,catboost,0,1,False,False,False,False,False,False,False,False,80.500000,77.192033,3.307967
2025-04-25,2025,catboost,0,2,False,False,False,False,False,False,False,False,81.500000,79.257368,2.242632
2025-04-26,2025,catboost,0,2,False,False,False,False,False,False,False,False,81.000000,79.748307,1.251693
2025-04-27,2025,catboost,0,2,False,False,False,False,False,False,False,False,80.000000,80.387858,0.387858
2025-04-28,2025,catboost,0,2,False,False,False,False,False,False,False,False,78.500000,79.297101,0.797101
2025-04-29,2025,catboost,0,3,False,False,False,False,False,False,False,False,80.900000,78.648086,2.251914
2025-04-30,2025,catboost,0,1,False,False,False,False,False,False,False,False,78.500000,79.774464,1.274464
2025-05-01,2025,catboost,0,1,False,False,False,False,False,False,False,False,80.000000,71.850341,8.149659
2025-05-02,2025,catboost,0,1,False,False,False,False,False,False,False,False,78.800000,71.590981,7.209019
2025-05-03,2025,catboost,0,1,False,False,False,False,False,False,False,False,79.000000,71.484309,7.515691
2025-05-04,2025,catboost,0,1,False,False,False,False,False,False,False,False,79.000000,71.428027,7.571973
2025-05-05,2025,catboost,0,1,False,False,False,False,False,False,False,False,78.000000,71.411158,6.588842
2025-05-06,2025,catboost,0,0,False,False,False,False,False,False,False,False,78.250000,68.116751,10.133249
2025-05-07,2025,catboost,0,1,False,False,False,False,False,False,False,False,76.000000,72.137850,3.862150
2025-05-08,2025,catboost,0,1,False,False,False,False,False,False,False,False,77.400000,71.983124,5.416876
2025-05-09,2025,catboost,0,1,False,False,False,False,False,False,False,False,74.500000,71.524639,2.975361
2025-05-10,2025,catboost,0,0,False,False,False,False,False,False,False,False,73.500000,53.915687,19.584313
2025-05-11,2025,catboost,0,0,False,False,False,False,False,False,False,False,71.000000,61.497095,9.502905
2025-05-12,2025,catboost,0,0,False,False,False,False,False,False,False,False,67.100000,62.050586,5.049414
2025-05-13,2025,catboost,0,0,False,False,False,False,False,False,False,False,65.000000,62.639503,2.360497
2025-05-14,2025,catboost,0,0,False,False,False,False,False,False,False,False,64.600000,61.837330,2.762670
2025-05-15,2025,catboost,0,0,False,False,False,False,False,False,False,False,62.200000,59.198852,3.001148
2025-05-16,2025,catboost,0,0,False,False,False,False,False,False,False,False,63.500000,57.177195,6.322805
2025-05-17,2025,catboost,0,0,False,False,False,False,False,False,False,False,60.000000,54.139104,5.860896
2025-05-18,2025,catboost,0,0,False,False,False,False,False,False,False,False,58.000000,53.951249,4.048751
2025-05-19,2025,catboost,0,0,False,False,False,False,False,False,False,False,55.800000,55.761145,0.038855
2025-05-20,2025,catboost,0,0,False,False,False,False,False,False,False,False,55.000000,56.722807,1.722807
2025-05-21,2025,catboost,0,0,False,False,False,False,False,False,False,False,53.500000,47.533752,5.966248
2025-05-22,2025,catboost,0,0,False,False,False,False,False,False,False,False,53.000000,50.171284,2.828716
2025-05-23,2025,catboost,0,0,False,False,False,False,False,False,False,False,51.100000,50.950687,0.149313
2025-05-24,2025,catboost,0,0,False,False,False,False,False,False,False,False,48.200000,52.901257,4.701257
2025-05-25,2025,catboost,0,0,False,False,False,False,False,False,False,False,49.000000,53.862541,4.862541
2025-05-26,2025,catboost,0,0,False,False,False,False,False,False,False,False,47.000000,50.828283,3.828283
2025-05-27,2025,catboost,0,0,False,False,False,False,False,False,False,False,40.500000,51.771162,11.271162
2025-05-28,2025,catboost,0,0,False,False,False,False,False,False,False,False,43.900000,49.236754,5.336754
2025-05-29,2025,catboost,0,0,False,False,False,False,False,False,False,False,46.000000,51.203722,5.203722
2025-05-30,2025,catboost,0,0,False,False,False,False,False,False,False,False,45.500000,48.883092,3.383092
2025-05-31,2025,catboost,0,0,False,False,False,False,False,False,False,False,43.500000,49.878651,6.378651
2025-06-01,2025,catboost,0,0,False,False,False,False,False,False,False,False,42.500000,49.672095,7.172095
2025-06-02,2025,catboost,0,0,False,False,False,False,False,False,False,False,42.900000,47.138637,4.238637
2025-06-03,2025,catboost,0,0,False,False,False,False,False,False,False,False,42.000000,47.009793,5.009793
2025-06-04,2025,catboost,0,0,False,False,False,False,False,False,False,False,41.000000,43.745085,2.745085
2025-06-05,2025,catboost,0,0,False,False,False,False,False,False,False,False,41.000000,40.482916,0.517084
2025-06-06,2025,catboost,0,0,False,False,False,False,False,False,False,False,39.100000,45.084951,5.984951
2025-06-07,2025,catboost,0,0,False,False,False,False,False,False,False,False,40.500000,41.918697,1.418697
2025-06-08,2025,catboost,0,0,False,False,False,False,False,False,False,False,41.500000,44.061845,2.561845
2025-06-09,2025,catboost,0,0,False,False,False,False,False,False,False,False,44.500000,45.613681,1.113681
2025-06-10,2025,catboost,0,0,False,False,False,False,False,False,False,False,43.600000,45.995758,2.395758
2025-06-11,2025,catboost,0,0,False,False,False,False,False,False,False,False,41.800000,49.182066,7.382066
2025-06-12,2025,catboost,0,0,False,False,False,False,False,False,False,False,42.600000,47.616024,5.016024
2025-06-13,2025,catboost,0,1,False,False,False,False,False,False,False,False,41.500000,43.464379,1.964379
2025-06-14,2025,catboost,0,1,False,False,False,False,False,False,False,False,41.100000,43.254633,2.154633
2025-06-15,2025,catboost,0,1,False,False,False,False,False,False,False,False,40.000000,40.862531,0.862531
2025-06-16,2025,catboost,0,0,False,False,False,False,False,False,False,False,43.000000,37.816346,5.183654
2025-06-17,2025,catboost,0,0,False,False,False,False,False,False,False,False,40.500000,39.898676,0.601324
2025-06-18,2025,catboost,0,0,False,False,False,False,False,False,False,False,40.500000,40.736305,0.236305
2025-06-19,2025,catboost,0,0,False,False,False,False,False,False,False,False,41.100000,45.396091,4.296091
2025-06-20,2025,catboost,0,0,False,False,False,False,False,False,False,False,42.100000,43.830815,1.730815
2025-06-21,2025,catboost,0,0,False,False,False,False,False,False,False,False,40.500000,43.059443,2.559443
2025-06-22,2025,catboost,0,0,False,False,False,False,False,False,False,False,40.500000,42.678137,2.178137
2025-06-23,2025,catboost,0,0,False,False,False,False,False,False,False,False,41.500000,46.991899,5.491899
2025-06-24,2025,catboost,0,0,False,False,False,False,False,False,False,False,42.000000,42.449001,0.449001
2025-06-25,2025,catboost,0,0,False,False,False,False,False,False,False,False,41.000000,42.996805,1.996805
2025-06-26,2025,catboost,0,0,False,False,False,False,False,False,False,False,42.000000,48.316837,6.316837
2025-06-27,2025,catboost,0,0,False,False,False,False,False,False,False,False,41.000000,51.487479,10.487479
2025-06-28,2025,catboost,0,0,False,False,False,False,False,False,False,False,41.000000,46.597714,5.597714
2025-06-29,2025,catboost,0,0,False,False,False,False,False,False,False,False,40.500000,47.031492,6.531492
2025-06-30,2025,catboost,0,0,False,False,False,False,False,False,False,False,40.000000,46.791520,6.791520
2025-07-01,2025,catboost,0,0,False,False,False,False,False,False,False,False,41.100000,48.466657,7.366657
2025-07-02,2025,catboost,0,0,False,False,False,False,False,False,False,False,41.500000,49.244540,7.744540
2025-07-03,2025,catboost,0,0,False,False,False,False,False,False,False,False,41.000000,49.760754,8.760754
2025-07-04,2025,catboost,0,0,False,False,False,False,False,False,False,False,42.600000,49.986528,7.386528
2025-07-05,2025,catboost,0,0,False,False,False,False,False,False,False,False,42.200000,49.518297,7.318297
2025-07-06,2025,catboost,0,0,False,False,False,False,False,False,False,False,43.200000,50.727487,7.527487
2025-07-07,2025,catboost,0,0,False,False,False,False,False,False,False,False,44.800000,56.538704,11.738704
2025-07-08,2025,catboost,0,0,False,False,False,False,False,False,False,False,44.150000,52.044528,7.894528
2025-07-09,2025,catboost,0,0,False,False,False,False,False,False,False,False,44.500000,51.331526,6.831526
2025-07-10,2025,catboost,0,0,False,False,False,False,False,False,False,False,46.000000,50.897026,4.897026
2025-07-11,2025,catboost,0,0,False,False,False,False,False,False,False,False,47.000000,55.972213,8.972213
2025-07-12,2025,catboost,0,0,False,False,False,False,False,False,False,False,48.000000,57.220111,9.220111
2025-07-13,2025,catboost,0,0,False,False,False,False,False,False,False,False,48.000000,57.171523,9.171523
2025-07-14,2025,catboost,0,0,False,False,False,False,False,False,False,False,53.000000,58.572954,5.572954
2025-07-15,2025,catboost,0,0,False,False,False,False,False,False,False,False,54.500000,58.536361,4.036361
2025-07-16,2025,catboost,0,0,False,False,False,False,False,False,False,False,55.000000,58.528759,3.528759
2025-07-17,2025,catboost,0,0,False,False,False,False,False,False,False,False,57.500000,59.343356,1.843356
2025-07-18,2025,catboost,0,0,False,False,False,False,False,False,False,False,55.200000,60.744355,5.544355
2025-07-19,2025,catboost,0,0,False,False,False,False,False,False,False,False,56.300000,62.320549,6.020549
2025-07-20,2025,catboost,0,0,False,False,False,False,False,False,False,False,56.800000,63.103313,6.303313
2025-07-21,2025,catboost,0,0,False,False,False,False,False,False,False,False,56.000000,61.960940,5.960940
2025-07-22,2025,catboost,0,0,False,False,False,False,False,False,False,False,57.000000,64.749059,7.749059
2025-07-23,2025,catboost,0,0,False,False,False,False,False,False,False,False,58.000000,65.277166,7.277166
2025-07-24,2025,catboost,0,0,False,False,False,False,False,False,False,False,55.500000,62.215188,6.715188
2025-07-25,2025,catboost,0,0,False,False,False,False,False,False,False,False,58.500000,61.462593,2.962593
2025-07-30,2025,catboost,0,0,False,False,False,False,False,False,False,False,60.400000,65.662747,5.262747
2025-07-31,2025,catboost,0,0,False,False,False,False,False,False,False,False,60.500000,65.764715,5.264715
2025-08-01,2025,catboost,0,0,False,False,False,False,False,False,False,False,62.000000,66.826948,4.826948
2025-08-02,2025,catboost,0,0,False,False,False,False,False,False,False,False,63.500000,66.549488,3.049488
2025-08-03,2025,catboost,0,0,False,False,False,False,False,False,False,False,64.500000,64.848376,0.348376
2025-08-04,2025,catboost,0,0,False,False,False,False,False,False,False,False,63.000000,64.336817,1.336817
2025-08-05,2025,catboost,0,0,False,False,False,False,False,False,False,False,61.750000,64.819690,3.069690
2025-08-06,2025,catboost,0,0,False,False,False,False,False,False,False,False,61.400000,64.799306,3.399306
2025-08-07,2025,catboost,0,0,False,False,False,False,False,False,False,False,67.500000,67.535424,0.035424
2025-08-08,2025,catboost,0,0,False,False,False,False,False,False,False,False,65.000000,67.036381,2.036381
2025-08-09,2025,catboost,0,0,False,False,False,False,False,False,False,False,63.500000,67.386800,3.886800
2025-08-10,2025,catboost,0,0,False,False,False,False,False,False,False,False,64.000000,67.661933,3.661933
2025-08-11,2025,catboost,0,0,False,False,False,False,False,False,False,False,65.000000,67.732131,2.732131
2025-08-12,2025,catboost,0,0,False,False,False,False,False,False,False,False,64.000000,69.060612,5.060612
2025-08-13,2025,catboost,0,0,False,False,False,False,False,False,False,False,63.000000,68.062454,5.062454
2025-08-14,2025,catboost,0,0,False,False,False,False,False,False,False,False,64.500000,67.178461,2.678461
2025-08-15,2025,catboost,0,0,False,False,False,False,False,False,False,False,65.500000,67.024203,1.524203
2025-08-16,2025,catboost,0,0,False,False,False,False,False,False,False,False,63.800000,67.565973,3.765973
2025-08-17,2025,catboost,0,0,False,False,False,False,False,False,False,False,63.100000,68.353729,5.253729
2025-08-18,2025,catboost,0,0,False,False,False,False,False,False,False,False,64.500000,67.821773,3.321773
2025-08-19,2025,catboost,0,0,False,False,False,False,False,False,False,False,65.500000,62.118390,3.381610
2025-08-20,2025,catboost,0,0,False,False,False,False,False,False,False,False,64.500000,62.262856,2.237144
2025-08-21,2025,catboost,0,0,False,False,False,False,False,False,False,False,65.000000,63.367681,1.632319
2025-08-22,2025,catboost,0,0,False,False,False,False,False,False,False,False,66.000000,65.185251,0.814749
2025-08-23,2025,catboost,0,0,False,False,False,False,False,False,False,False,66.000000,64.313047,1.686953
2025-08-24,2025,catboost,0,0,False,False,False,False,False,False,False,False,67.500000,65.300822,2.199178
2025-08-25,2025,catboost,0,0,False,False,False,False,False,False,False,False,65.400000,69.166053,3.766053
2025-08-26,2025,catboost,0,0,False,False,False,False,False,False,False,False,63.400000,63.811939,0.411939
2025-08-27,2025,catboost,0,0,False,False,False,False,False,False,False,False,63.100000,63.424934,0.324934
2025-08-28,2025,catboost,0,0,False,False,False,False,False,False,False,False,62.000000,59.962229,2.037771
2025-08-29,2025,catboost,0,0,False,False,False,False,False,False,False,False,58.000000,58.825401,0.825401
2025-08-30,2025,catboost,0,0,False,False,False,False,False,False,False,False,59.500000,53.984078,5.515922
2025-08-31,2025,catboost,0,0,False,False,False,False,False,False,False,False,60.000000,58.158027,1.841973
2025-09-01,2025,catboost,0,0,False,False,False,False,False,False,False,False,60.000000,60.663537,0.663537
2025-09-02,2025,catboost,0,0,False,False,False,False,False,False,False,False,59.000000,63.415726,4.415726
2025-09-03,2025,catboost,0,0,False,False,False,False,False,False,False,False,59.000000,63.094149,4.094149
2025-09-04,2025,catboost,0,0,False,False,False,False,False,False,False,False,57.500000,63.558978,6.058978
2025-09-05,2025,catboost,0,0,False,False,False,False,False,False,False,False,59.000000,65.008285,6.008285
2025-09-06,2025,catboost,0,0,False,False,False,False,False,False,False,False,59.000000,62.740360,3.740360
2025-09-07,2025,catboost,0,0,False,False,False,False,False,False,False,False,60.500000,69.083492,8.583492
2025-09-08,2025,catboost,0,0,False,False,False,False,False,False,False,False,61.500000,68.593619,7.093619
2025-09-09,2025,catboost,0,0,False,False,False,False,False,False,False,False,62.000000,67.443330,5.443330
2025-09-10,2025,catboost,0,0,False,False,False,False,False,False,False,False,63.000000,66.708351,3.708351
2025-09-11,2025,catboost,0,0,False,False,False,False,False,False,False,False,63.000000,67.668649,4.668649
2025-09-12,2025,catboost,0,0,False,False,False,False,False,False,False,False,62.900000,66.790715,3.890715
2025-09-13,2025,catboost,0,0,False,False,False,False,False,False,False,False,67.000000,66.354484,0.645516
2025-09-14,2025,catboost,0,0,False,False,False,False,False,False,False,False,64.000000,67.104195,3.104195
2025-09-15,2025,catboost,0,0,False,False,False,False,False,False,False,False,64.000000,69.148698,5.148698
2025-09-16,2025,catboost,0,0,False,False,False,False,False,False,False,False,62.000000,65.844528,3.844528
2025-09-17,2025,catboost,0,0,False,False,False,False,False,False,False,False,61.000000,63.537794,2.537794
2025-09-18,2025,catboost,0,0,False,False,False,False,False,False,False,False,63.500000,62.783047,0.716953
2025-09-19,2025,catboost,0,0,False,False,False,False,False,False,False,False,61.500000,61.846243,0.346243
2025-09-20,2025,catboost,0,0,False,False,False,False,False,False,False,False,59.500000,62.286622,2.786622
2025-09-29,2025,catboost,0,0,False,False,False,False,False,False,False,False,59.000000,59.721585,0.721585
2025-09-30,2025,catboost,0,0,False,False,False,False,False,False,False,False,59.000000,63.772401,4.772401
2025-10-01,2025,catboost,0,0,False,False,False,False,False,False,False,False,58.900000,61.666355,2.766355
2025-10-02,2025,catboost,0,0,False,False,False,False,False,False,False,False,59.400000,67.785287,8.385287
2025-10-07,2025,catboost,0,0,False,False,False,False,False,False,False,False,59.750000,63.226886,3.476886
2025-10-08,2025,catboost,0,0,False,False,False,False,False,False,False,False,61.000000,68.841999,7.841999
2025-10-09,2025,catboost,0,0,False,False,False,False,False,False,False,False,63.500000,65.495612,1.995612
2025-10-10,2025,catboost,0,0,False,False,False,False,False,False,False,False,62.500000,61.330850,1.169150
2025-10-11,2025,catboost,0,0,False,False,False,False,False,False,False,False,60.700000,64.434868,3.734868
2025-10-12,2025,catboost,0,0,False,False,False,False,False,False,False,False,61.500000,60.859141,0.640859
2025-10-13,2025,catboost,0,0,False,False,False,False,False,False,False,False,62.500000,64.606976,2.106976
2025-10-14,2025,catboost,0,0,False,False,False,False,False,False,False,False,63.000000,60.764920,2.235080
2025-10-15,2025,catboost,0,0,False,False,False,False,False,False,False,False,62.000000,61.708958,0.291042
2025-10-16,2025,catboost,0,0,False,False,False,False,False,False,False,False,61.000000,65.772853,4.772853
2025-10-17,2025,catboost,0,0,False,False,False,False,False,False,False,False,60.400000,64.492801,4.092801
2025-10-18,2025,catboost,0,0,False,False,False,False,False,False,False,False,57.500000,64.967805,7.467805
2025-10-19,2025,catboost,0,0,False,False,False,False,False,False,False,False,58.000000,64.999621,6.999621
2025-10-20,2025,catboost,0,0,False,False,False,False,False,False,False,False,61.000000,64.739381,3.739381
2025-10-21,2025,catboost,0,0,False,False,False,False,False,False,False,False,58.500000,64.465497,5.965497
2025-10-22,2025,catboost,0,0,False,False,False,False,False,False,False,False,59.000000,64.365695,5.365695
2025-10-23,2025,catboost,0,0,False,False,False,False,False,False,False,False,55.000000,64.385914,9.385914
2025-10-24,2025,catboost,0,0,False,False,False,False,False,False,False,False,60.700000,64.563404,3.863404
2025-10-25,2025,catboost,0,0,False,False,False,False,False,False,False,False,60.900000,64.333816,3.433816
2025-10-26,2025,catboost,0,0,False,False,False,False,False,False,False,False,60.000000,64.890570,4.890570
2025-10-27,2025,catboost,0,0,False,False,False,False,False,False,False,False,61.500000,64.288006,2.788006
2025-10-28,2025,catboost,0,0,False,False,False,False,False,False,False,False,60.000000,64.485716,4.485716
2025-10-29,2025,catboost,0,0,False,False,False,False,False,False,False,False,60.000000,64.071306,4.071306
2025-10-30,2025,catboost,0,0,False,False,False,False,False,False,False,False,58.500000,64.215219,5.715219
2025-10-31,2025,catboost,0,0,False,False,False,False,False,False,False,False,55.000000,64.577909,9.577909
2025-11-01,2025,catboost,0,1,False,False,False,False,False,False,False,False,54.500000,64.958162,10.458162
2025-11-02,2025,catboost,0,2,False,False,False,False,False,False,False,False,55.000000,65.033295,10.033295
2025-11-03,2025,catboost,0,1,False,False,False,False,False,False,False,False,56.000000,61.437143,5.437143
2025-11-04,2025,catboost,0,1,False,False,False,False,False,False,False,False,62.000000,61.292500,0.707500
2025-11-05,2025,catboost,0,2,False,False,False,False,False,False,False,False,59.400000,60.479245,1.079245
2025-11-06,2025,catboost,0,1,False,False,False,False,False,False,False,False,51.000000,54.745427,3.745427
2025-11-07,2025,catboost,0,1,False,False,False,False,False,False,False,False,57.500000,58.493372,0.993372
2025-11-08,2025,catboost,0,1,False,False,False,False,False,False,False,False,61.000000,53.061830,7.938170
2025-11-09,2025,catboost,0,1,False,False,False,False,False,False,False,False,59.500000,53.129094,6.370906
2025-11-10,2025,catboost,0,1,False,False,False,False,False,False,False,False,60.500000,53.230822,7.269178
2025-11-11,2025,catboost,0,1,False,False,False,False,False,False,False,False,59.000000,57.853139,1.146861
2025-11-12,2025,catboost,0,1,False,False,False,False,False,False,False,False,58.000000,61.079512,3.079512
2025-11-13,2025,catboost,0,2,False,False,False,False,False,False,False,False,60.500000,61.756852,1.256852
2025-11-14,2025,catboost,0,2,False,False,False,False,False,False,False,False,58.500000,63.015799,4.515799
2025-11-15,2025,catboost,0,1,False,False,False,False,False,False,False,False,59.500000,60.922884,1.422884
2025-11-16,2025,catboost,0,1,False,False,False,False,False,False,False,False,58.000000,61.700839,3.700839
2025-11-17,2025,catboost,0,1,False,False,False,False,False,False,False,False,60.500000,61.507087,1.007087
2025-11-18,2025,catboost,0,1,False,False,False,False,False,False,False,False,58.500000,61.891901,3.391901
2025-11-19,2025,catboost,0,1,False,False,False,False,False,False,False,False,64.000000,62.146056,1.853944
2025-11-20,2025,catboost,0,1,False,False,False,False,False,False,False,False,64.900000,61.823134,3.076866
2025-11-21,2025,catboost,0,1,False,False,False,False,False,False,False,False,64.500000,61.360062,3.139938
2025-11-22,2025,catboost,0,1,False,False,False,False,False,False,False,False,65.500000,61.591158,3.908842
2025-11-23,2025,catboost,0,1,False,False,False,False,False,False,False,False,65.000000,61.715810,3.284190
2025-11-24,2025,catboost,0,1,False,False,False,False,False,False,False,False,65.000000,61.591158,3.408842
2025-11-25,2025,catboost,0,1,False,False,False,False,False,False,False,False,64.000000,61.336211,2.663789
2025-11-26,2025,catboost,0,1,False,False,False,False,False,False,False,False,65.000000,56.520204,8.479796
2025-11-27,2025,catboost,0,2,False,False,False,False,False,False,False,False,63.500000,57.097617,6.402383
2026-04-07,2026,rf_grid,0,2,False,False,False,False,False,False,False,False,63.500000,75.607628,12.107628
2026-04-08,2026,rf_grid,0,2,False,False,False,False,False,False,False,False,62.000000,76.478068,14.478068
2026-04-09,2026,rf_grid,0,2,False,False,False,False,False,False,False,False,63.000000,77.095369,14.095369
2026-04-10,2026,rf_grid,0,2,False,False,False,False,False,False,False,False,63.600000,77.471143,13.871143
2026-04-11,2026,rf_grid,0,2,False,False,False,False,False,False,False,False,67.100000,77.592108,10.492108
2026-04-12,2026,rf_grid,0,2,False,False,False,False,False,False,False,False,66.400000,78.235475,11.835475
2026-04-13,2026,rf_grid,0,2,False,False,False,False,False,False,False,False,67.000000,78.372576,11.372576
2026-04-14,2026,rf_grid,0,1,False,False,False,False,False,False,False,False,68.500000,75.707545,7.207545
2026-04-15,2026,rf_grid,0,1,False,False,False,False,False,False,False,False,73.200000,75.373092,2.173092
2026-04-16,2026,rf_grid,0,1,False,False,False,False,False,False,False,False,71.400000,75.346112,3.946112
2026-04-17,2026,rf_grid,0,0,False,False,False,False,False,False,False,False,71.100000,75.317681,4.217681
2026-04-18,2026,rf_grid,0,0,False,False,False,False,False,False,False,False,70.000000,75.356017,5.356017
2026-04-19,2026,rf_grid,0,0,False,False,False,False,False,False,False,False,69.000000,76.769406,7.769406
2026-04-20,2026,rf_grid,0,1,False,False,False,False,False,False,False,False,69.700000,78.445302,8.745302
2026-04-21,2026,rf_grid,0,1,False,False,False,False,False,False,False,False,69.600000,77.045214,7.445214
2026-04-22,2026,rf_grid,0,2,False,False,False,False,False,False,False,False,69.500000,76.635163,7.135163
2026-04-23,2026,rf_grid,0,2,False,False,False,False,False,False,False,False,70.500000,77.589287,7.089287
2026-04-24,2026,rf_grid,0,2,False,False,False,False,False,False,False,False,70.400000,76.950947,6.550947
2026-04-25,2026,rf_grid,0,2,False,False,False,False,False,False,False,False,71.900000,77.547067,5.647067
2026-04-26,2026,rf_grid,0,4,False,False,False,False,False,False,False,False,70.400000,77.407130,7.007130
2026-04-27,2026,rf_grid,0,4,False,False,False,False,False,False,False,False,70.900000,77.983374,7.083374
2026-04-28,2026,rf_grid,0,3,False,False,False,False,False,False,False,False,67.000000,77.865827,10.865827
2026-04-29,2026,rf_grid,0,2,False,False,False,False,False,False,False,False,67.000000,75.713616,8.713616
2026-04-30,2026,rf_grid,0,1,False,False,False,False,False,False,False,False,67.800000,72.260282,4.460282
2026-05-01,2026,rf_grid,0,1,False,False,False,False,False,False,False,False,67.200000,63.957126,3.242874
2026-05-02,2026,rf_grid,0,1,False,False,False,False,False,False,False,False,70.000000,65.554558,4.445442
2026-05-03,2026,rf_grid,0,0,False,False,False,False,False,False,False,False,70.000000,65.432533,4.567467
2026-05-04,2026,rf_grid,0,0,False,False,False,False,False,False,False,False,65.500000,64.129426,1.370574
2026-05-08,2026,rf_grid,0,1,False,False,False,False,False,False,False,False,68.500000,66.579717,1.920283
2026-05-09,2026,rf_grid,0,2,False,False,False,False,False,False,False,False,68.500000,66.493743,2.006257
2026-05-10,2026,rf_grid,0,1,False,False,False,False,False,False,False,False,67.500000,62.781950,4.718050
2026-05-11,2026,rf_grid,0,1,False,False,False,False,False,False,False,False,66.500000,63.576374,2.923626
2026-05-12,2026,rf_grid,0,1,False,False,False,False,False,False,False,False,66.000000,62.518290,3.481710
2026-05-13,2026,rf_grid,0,1,False,False,False,False,False,False,False,False,63.000000,62.564722,0.435278
2026-05-14,2026,rf_grid,0,0,False,False,False,False,False,False,False,False,66.000000,61.477042,4.522958
2026-05-15,2026,rf_grid,0,0,False,False,False,False,False,False,False,False,63.000000,61.384818,1.615182
2026-05-16,2026,rf_grid,0,0,False,False,False,False,False,False,False,False,61.000000,62.816561,1.816561
2026-05-17,2026,rf_grid,0,0,False,False,False,False,False,False,False,False,61.500000,60.100455,1.399545
2026-05-18,2026,rf_grid,0,0,False,False,False,False,False,False,False,False,66.200000,59.840101,6.359899
2026-05-19,2026,rf_grid,0,0,False,False,False,False,False,False,False,False,67.800000,59.195155,8.604845
2026-05-20,2026,rf_grid,0,0,False,False,False,False,False,False,False,False,65.800000,61.097212,4.702788
2026-05-21,2026,rf_grid,0,0,False,False,False,False,False,False,False,False,64.400000,60.138532,4.261468
2026-05-22,2026,rf_grid,0,0,False,False,False,False,False,False,False,False,67.500000,57.625724,9.874276
2026-05-23,2026,rf_grid,0,0,False,False,False,False,False,False,False,False,64.200000,60.020764,4.179236
2026-05-24,2026,rf_grid,0,0,False,False,False,False,False,False,False,False,65.200000,61.068164,4.131836
2026-05-25,2026,rf_grid,0,0,False,False,False,False,False,False,False,False,65.400000,60.028483,5.371517
2026-05-26,2026,rf_grid,0,0,False,False,False,False,False,False,False,False,62.500000,60.720150,1.779850
2026-05-27,2026,rf_grid,0,1,False,False,False,False,False,False,False,False,62.000000,62.031883,0.031883
2026-05-28,2026,rf_grid,0,0,False,False,False,False,False,False,False,False,62.000000,62.222520,0.222520
2026-05-29,2026,rf_grid,0,0,False,False,False,False,False,False,False,False,59.500000,62.432274,2.932274
2026-05-30,2026,rf_grid,0,0,False,False,False,False,False,False,False,False,59.900000,62.578458,2.678458
2026-05-31,2026,rf_grid,0,0,False,False,False,False,False,False,False,False,59.100000,61.994769,2.894769
2026-06-01,2026,rf_grid,0,0,False,False,False,False,False,False,False,False,57.800000,58.792850,0.992850
2026-06-02,2026,rf_grid,0,0,False,False,False,False,False,False,False,False,60.250000,56.355794,3.894206
2026-06-03,2026,rf_grid,0,0,False,False,False,False,False,False,False,False,59.500000,55.992166,3.507834
2026-06-04,2026,rf_grid,0,0,False,False,False,False,False,False,False,False,59.800000,56.771903,3.028097
2026-06-05,2026,rf_grid,0,0,False,False,False,False,False,False,False,False,59.400000,58.802296,0.597704
2026-06-06,2026,rf_grid,0,0,False,False,False,False,False,False,False,False,63.000000,59.868465,3.131535
2026-06-07,2026,rf_grid,0,0,False,False,False,False,False,False,False,False,63.500000,59.408046,4.091954
2026-06-08,2026,rf_grid,0,0,False,False,False,False,False,False,False,False,61.400000,59.146558,2.253442
2026-06-09,2026,rf_grid,0,0,False,False,False,False,False,False,False,False,61.600000,59.947444,1.652556
2026-06-10,2026,rf_grid,0,0,False,False,False,False,False,False,False,False,62.000000,59.199032,2.800968
2026-06-11,2026,rf_grid,0,0,False,False,False,False,False,False,False,False,63.000000,57.572853,5.427147
2026-06-12,2026,rf_grid,0,0,False,False,False,False,False,False,False,False,62.500000,57.895111,4.604889
2026-06-13,2026,rf_grid,0,0,False,False,False,False,False,False,False,False,62.500000,58.525725,3.974275
2026-06-14,2026,rf_grid,0,0,False,False,False,False,False,False,False,False,63.600000,58.633389,4.966611
2026-06-15,2026,rf_grid,0,1,False,False,False,False,False,False,False,False,64.000000,59.666207,4.333793
2026-06-16,2026,rf_grid,0,1,False,False,False,False,False,False,False,False,67.000000,60.243845,6.756155
2026-06-17,2026,rf_grid,0,0,False,False,False,False,False,False,False,False,66.100000,60.524438,5.575562
2026-06-18,2026,rf_grid,0,1,False,False,False,False,False,False,False,False,65.500000,60.208625,5.291375
2026-06-19,2026,rf_grid,0,1,False,False,False,False,False,False,False,False,67.500000,58.756868,8.743132
2026-06-20,2026,rf_grid,0,1,False,False,False,False,False,False,False,False,63.500000,59.345661,4.154339
2026-06-21,2026,rf_grid,0,1,False,False,False,False,False,False,False,False,66.000000,59.339331,6.660669
2026-06-22,2026,rf_grid,0,1,False,False,False,False,False,False,False,False,68.800000,60.266438,8.533562
2026-06-23,2026,rf_grid,0,1,False,False,False,False,False,False,False,False,68.800000,60.406761,8.393239
2026-06-24,2026,rf_grid,0,1,False,False,False,False,False,False,False,False,69.000000,61.438437,7.561563
2026-06-25,2026,rf_grid,0,1,False,False,False,False,False,False,False,False,75.500000,61.490833,14.009167
2026-06-26,2026,rf_grid,0,1,False,False,False,False,False,False,False,False,70.500000,61.547540,8.952460
2026-06-27,2026,rf_grid,0,1,False,False,False,False,False,False,False,False,68.200000,63.047066,5.152934
2026-06-28,2026,rf_grid,0,1,False,False,False,False,False,False,False,False,67.400000,65.449853,1.950147
2026-06-29,2026,rf_grid,0,1,False,False,False,False,False,False,False,False,57.500000,65.316869,7.816869
2026-06-30,2026,rf_grid,0,1,False,False,False,False,False,False,False,False,52.500000,62.465586,9.965586
2026-07-01,2026,rf_grid,0,1,False,False,False,False,False,False,False,False,56.000000,62.493499,6.493499
2026-07-02,2026,rf_grid,0,1,False,False,False,False,False,False,False,False,55.800000,62.936908,7.136908
2026-07-03,2026,rf_grid,0,1,False,False,False,False,False,False,False,False,57.300000,65.560422,8.260422
2026-07-04,2026,rf_grid,0,1,False,False,False,False,False,False,False,False,59.500000,64.388941,4.888941
2026-07-05,2026,rf_grid,0,1,False,False,False,False,False,False,False,False,64.000000,65.565054,1.565054
2026-07-06,2026,rf_grid,0,1,False,False,False,False,False,False,False,False,63.000000,65.330080,2.330080
2026-07-07,2026,rf_grid,0,1,False,False,False,False,False,False,False,False,69.250000,65.379597,3.870403
2026-07-08,2026,rf_grid,0,1,False,False,False,False,False,False,False,False,66.000000,65.991632,0.008368
2026-07-09,2026,rf_grid,0,1,False,False,False,False,False,False,False,False,69.000000,65.886900,3.113100
2026-07-10,2026,rf_grid,0,1,False,False,False,False,False,False,False,False,67.000000,65.778713,1.221287
2026-07-11,2026,rf_grid,0,1,False,False,False,False,False,False,False,False,67.600000,65.991914,1.608086
2026-07-12,2026,rf_grid,0,1,False,False,False,False,False,False,False,False,67.200000,65.688302,1.511698
2026-07-13,2026,rf_grid,0,1,False,False,False,False,False,False,False,False,64.500000,62.169718,2.330282
2026-07-14,2026,rf_grid,0,1,False,False,False,False,False,False,False,False,61.500000,60.433487,1.066513
2026-07-15,2026,rf_grid,0,1,False,False,False,False,False,False,False,False,66.500000,59.578271,6.921729
2026-07-16,2026,rf_grid,0,1,False,False,False,False,False,False,False,False,64.000000,60.214353,3.785647
2026-07-17,2026,rf_grid,0,1,False,False,False,False,False,False,False,False,60.500000,61.091808,0.591808
2026-07-18,2026,rf_grid,0,0,False,False,False,False,False,False,False,False,63.000000,61.277115,1.722885
2026-07-19,2026,rf_grid,0,1,False,False,False,False,False,False,False,False,62.000000,62.356706,0.356706
2026-07-20,2026,rf_grid,0,2,False,False,False,False,False,False,False,False,63.300000,61.499601,1.800399
2026-07-21,2026,rf_grid,0,1,False,False,False,False,False,False,False,False,60.600000,59.258706,1.341294
2026-07-22,2026,rf_grid,0,0,False,False,False,False,False,False,False,False,61.300000,54.068396,7.231604
2026-07-23,2026,rf_grid,0,0,False,False,False,False,False,False,False,False,60.600000,55.152539,5.447461
2026-07-24,2026,rf_grid,0,0,False,False,False,False,False,False,False,False,58.600000,53.704592,4.895408
2026-07-25,2026,rf_grid,0,1,False,False,False,False,False,False,False,False,59.000000,55.290859,3.709141
2026-07-26,2026,rf_grid,0,0,False,False,False,False,False,False,False,False,58.900000,56.119291,2.780709
2026-07-27,2026,rf_grid,0,0,False,False,False,False,False,False,False,False,57.200000,54.905927,2.294073
2026-07-28,2026,rf_grid,0,0,False,False,False,False,False,False,False,False,58.500000,56.218903,2.281097
2026-07-29,2026,rf_grid,0,0,False,False,False,False,False,False,False,False,59.100000,55.011315,4.088685
2026-07-30,2026,rf_grid,0,0,False,False,False,False,False,False,False,False,56.300000,57.708254,1.408254
2026-07-31,2026,rf_grid,0,1,False,False,False,False,False,False,False,False,57.600000,56.790114,0.809886
2026-08-01,2026,rf_grid,0,0,False,False,False,False,False,False,False,False,59.800000,57.577461,2.222539
2026-08-02,2026,rf_grid,0,0,False,False,False,False,False,False,False,False,61.500000,57.580515,3.919485
2026-08-03,2026,rf_grid,0,0,False,False,False,False,False,False,False,False,58.500000,57.925858,0.574142
2026-08-04,2026,rf_grid,0,0,False,False,False,False,False,False,False,False,62.250000,58.568359,3.681641
2026-08-05,2026,rf_grid,0,0,False,False,False,False,False,False,False,False,57.000000,58.682010,1.682010
2026-08-06,2026,rf_grid,0,1,False,False,False,False,False,False,False,False,58.500000,58.867682,0.367682
2026-08-07,2026,rf_grid,0,0,False,False,False,False,False,False,False,False,61.500000,59.750441,1.749559
2026-08-08,2026,rf_grid,0,0,False,False,False,False,False,False,False,False,60.500000,60.107667,0.392333
2026-08-09,2026,rf_grid,0,0,False,False,False,False,False,False,False,False,60.500000,60.261353,0.238647
2026-08-10,2026,rf_grid,0,0,False,False,False,False,False,False,False,False,58.000000,59.751233,1.751233
2026-08-11,2026,rf_grid,0,0,False,False,False,False,False,False,False,False,62.000000,59.544520,2.455480
2026-08-12,2026,rf_grid,0,0,False,False,False,False,False,False,False,False,60.500000,58.789563,1.710437
2026-08-13,2026,rf_grid,0,0,False,False,False,False,False,False,False,False,59.000000,59.015855,0.015855
2026-08-14,2026,rf_grid,0,0,False,False,False,False,False,False,False,False,58.000000,59.108533,1.108533
2026-08-15,2026,rf_grid,0,0,False,False,False,False,False,False,False,False,58.500000,58.660873,0.160873
2026-08-16,2026,rf_grid,0,0,False,False,False,False,False,False,False,False,57.000000,58.647143,1.647143
2026-08-20,2026,rf_grid,0,0,False,False,False,False,False,False,False,False,57.000000,59.057768,2.057768
2026-08-21,2026,rf_grid,0,0,False,False,False,False,False,False,False,False,57.500000,58.564530,1.064530
2026-08-22,2026,rf_grid,0,0,False,False,False,False,False,False,False,False,60.900000,59.591441,1.308559
2026-08-23,2026,rf_grid,0,0,False,False,False,False,False,False,False,False,61.300000,60.261802,1.038198
2026-04-07,2026,catboost,0,2,False,False,False,False,False,False,False,False,63.500000,75.027658,11.527658
2026-04-08,2026,catboost,0,2,False,False,False,False,False,False,False,False,62.000000,76.990946,14.990946
2026-04-09,2026,catboost,0,2,False,False,False,False,False,False,False,False,63.000000,77.852558,14.852558
2026-04-10,2026,catboost,0,2,False,False,False,False,False,False,False,False,63.600000,78.284382,14.684382
2026-04-11,2026,catboost,0,2,False,False,False,False,False,False,False,False,67.100000,77.031847,9.931847
2026-04-12,2026,catboost,0,2,False,False,False,False,False,False,False,False,66.400000,77.567775,11.167775
2026-04-13,2026,catboost,0,2,False,False,False,False,False,False,False,False,67.000000,77.599333,10.599333
2026-04-14,2026,catboost,0,1,False,False,False,False,False,False,False,False,68.500000,79.347149,10.847149
2026-04-15,2026,catboost,0,1,False,False,False,False,False,False,False,False,73.200000,79.449444,6.249444
2026-04-16,2026,catboost,0,1,False,False,False,False,False,False,False,False,71.400000,78.765600,7.365600
2026-04-17,2026,catboost,0,0,False,False,False,False,False,False,False,False,71.100000,79.960607,8.860607
2026-04-18,2026,catboost,0,0,False,False,False,False,False,False,False,False,70.000000,78.359463,8.359463
2026-04-19,2026,catboost,0,0,False,False,False,False,False,False,False,False,69.000000,78.667978,9.667978
2026-04-20,2026,catboost,0,1,False,False,False,False,False,False,False,False,69.700000,78.874641,9.174641
2026-04-21,2026,catboost,0,1,False,False,False,False,False,False,False,False,69.600000,77.630044,8.030044
2026-04-22,2026,catboost,0,2,False,False,False,False,False,False,False,False,69.500000,77.724810,8.224810
2026-04-23,2026,catboost,0,2,False,False,False,False,False,False,False,False,70.500000,78.588535,8.088535
2026-04-24,2026,catboost,0,2,False,False,False,False,False,False,False,False,70.400000,75.929922,5.529922
2026-04-25,2026,catboost,0,2,False,False,False,False,False,False,False,False,71.900000,75.288271,3.388271
2026-04-26,2026,catboost,0,4,False,False,False,False,False,False,False,False,70.400000,74.425630,4.025630
2026-04-27,2026,catboost,0,4,False,False,False,False,False,False,False,False,70.900000,75.864710,4.964710
2026-04-28,2026,catboost,0,3,False,False,False,False,False,False,False,False,67.000000,76.535607,9.535607
2026-04-29,2026,catboost,0,2,False,False,False,False,False,False,False,False,67.000000,76.306646,9.306646
2026-04-30,2026,catboost,0,1,False,False,False,False,False,False,False,False,67.800000,75.233847,7.433847
2026-05-01,2026,catboost,0,1,False,False,False,False,False,False,False,False,67.200000,70.247392,3.047392
2026-05-02,2026,catboost,0,1,False,False,False,False,False,False,False,False,70.000000,70.138229,0.138229
2026-05-03,2026,catboost,0,0,False,False,False,False,False,False,False,False,70.000000,71.192675,1.192675
2026-05-04,2026,catboost,0,0,False,False,False,False,False,False,False,False,65.500000,69.049588,3.549588
2026-05-08,2026,catboost,0,1,False,False,False,False,False,False,False,False,68.500000,65.803583,2.696417
2026-05-09,2026,catboost,0,2,False,False,False,False,False,False,False,False,68.500000,65.882396,2.617604
2026-05-10,2026,catboost,0,1,False,False,False,False,False,False,False,False,67.500000,64.035302,3.464698
2026-05-11,2026,catboost,0,1,False,False,False,False,False,False,False,False,66.500000,65.014951,1.485049
2026-05-12,2026,catboost,0,1,False,False,False,False,False,False,False,False,66.000000,64.312859,1.687141
2026-05-13,2026,catboost,0,1,False,False,False,False,False,False,False,False,63.000000,64.246858,1.246858
2026-05-14,2026,catboost,0,0,False,False,False,False,False,False,False,False,66.000000,66.360405,0.360405
2026-05-15,2026,catboost,0,0,False,False,False,False,False,False,False,False,63.000000,64.589287,1.589287
2026-05-16,2026,catboost,0,0,False,False,False,False,False,False,False,False,61.000000,64.141967,3.141967
2026-05-17,2026,catboost,0,0,False,False,False,False,False,False,False,False,61.500000,65.705083,4.205083
2026-05-18,2026,catboost,0,0,False,False,False,False,False,False,False,False,66.200000,64.368531,1.831469
2026-05-19,2026,catboost,0,0,False,False,False,False,False,False,False,False,67.800000,65.229570,2.570430
2026-05-20,2026,catboost,0,0,False,False,False,False,False,False,False,False,65.800000,65.651001,0.148999
2026-05-21,2026,catboost,0,0,False,False,False,False,False,False,False,False,64.400000,64.017188,0.382812
2026-05-22,2026,catboost,0,0,False,False,False,False,False,False,False,False,67.500000,60.243639,7.256361
2026-05-23,2026,catboost,0,0,False,False,False,False,False,False,False,False,64.200000,62.103636,2.096364
2026-05-24,2026,catboost,0,0,False,False,False,False,False,False,False,False,65.200000,64.457063,0.742937
2026-05-25,2026,catboost,0,0,False,False,False,False,False,False,False,False,65.400000,62.318414,3.081586
2026-05-26,2026,catboost,0,0,False,False,False,False,False,False,False,False,62.500000,62.724133,0.224133
2026-05-27,2026,catboost,0,1,False,False,False,False,False,False,False,False,62.000000,64.795243,2.795243
2026-05-28,2026,catboost,0,0,False,False,False,False,False,False,False,False,62.000000,65.138975,3.138975
2026-05-29,2026,catboost,0,0,False,False,False,False,False,False,False,False,59.500000,66.588616,7.088616
2026-05-30,2026,catboost,0,0,False,False,False,False,False,False,False,False,59.900000,66.878396,6.978396
2026-05-31,2026,catboost,0,0,False,False,False,False,False,False,False,False,59.100000,65.245993,6.145993
2026-06-01,2026,catboost,0,0,False,False,False,False,False,False,False,False,57.800000,60.658134,2.858134
2026-06-02,2026,catboost,0,0,False,False,False,False,False,False,False,False,60.250000,57.026467,3.223533
2026-06-03,2026,catboost,0,0,False,False,False,False,False,False,False,False,59.500000,57.922985,1.577015
2026-06-04,2026,catboost,0,0,False,False,False,False,False,False,False,False,59.800000,58.140970,1.659030
2026-06-05,2026,catboost,0,0,False,False,False,False,False,False,False,False,59.400000,58.005953,1.394047
2026-06-06,2026,catboost,0,0,False,False,False,False,False,False,False,False,63.000000,59.454583,3.545417
2026-06-07,2026,catboost,0,0,False,False,False,False,False,False,False,False,63.500000,58.238406,5.261594
2026-06-08,2026,catboost,0,0,False,False,False,False,False,False,False,False,61.400000,58.729877,2.670123
2026-06-09,2026,catboost,0,0,False,False,False,False,False,False,False,False,61.600000,59.950483,1.649517
2026-06-10,2026,catboost,0,0,False,False,False,False,False,False,False,False,62.000000,58.664824,3.335176
2026-06-11,2026,catboost,0,0,False,False,False,False,False,False,False,False,63.000000,57.273780,5.726220
2026-06-12,2026,catboost,0,0,False,False,False,False,False,False,False,False,62.500000,58.051468,4.448532
2026-06-13,2026,catboost,0,0,False,False,False,False,False,False,False,False,62.500000,59.265772,3.234228
2026-06-14,2026,catboost,0,0,False,False,False,False,False,False,False,False,63.600000,58.943725,4.656275
2026-06-15,2026,catboost,0,1,False,False,False,False,False,False,False,False,64.000000,59.050232,4.949768
2026-06-16,2026,catboost,0,1,False,False,False,False,False,False,False,False,67.000000,60.516803,6.483197
2026-06-17,2026,catboost,0,0,False,False,False,False,False,False,False,False,66.100000,62.812837,3.287163
2026-06-18,2026,catboost,0,1,False,False,False,False,False,False,False,False,65.500000,62.950858,2.549142
2026-06-19,2026,catboost,0,1,False,False,False,False,False,False,False,False,67.500000,60.967434,6.532566
2026-06-20,2026,catboost,0,1,False,False,False,False,False,False,False,False,63.500000,61.890710,1.609290
2026-06-21,2026,catboost,0,1,False,False,False,False,False,False,False,False,66.000000,61.223698,4.776302
2026-06-22,2026,catboost,0,1,False,False,False,False,False,False,False,False,68.800000,60.523330,8.276670
2026-06-23,2026,catboost,0,1,False,False,False,False,False,False,False,False,68.800000,61.692185,7.107815
2026-06-24,2026,catboost,0,1,False,False,False,False,False,False,False,False,69.000000,62.612483,6.387517
2026-06-25,2026,catboost,0,1,False,False,False,False,False,False,False,False,75.500000,62.576481,12.923519
2026-06-26,2026,catboost,0,1,False,False,False,False,False,False,False,False,70.500000,62.960571,7.539429
2026-06-27,2026,catboost,0,1,False,False,False,False,False,False,False,False,68.200000,64.590227,3.609773
2026-06-28,2026,catboost,0,1,False,False,False,False,False,False,False,False,67.400000,63.089812,4.310188
2026-06-29,2026,catboost,0,1,False,False,False,False,False,False,False,False,57.500000,63.057587,5.557587
2026-06-30,2026,catboost,0,1,False,False,False,False,False,False,False,False,52.500000,60.872771,8.372771
2026-07-01,2026,catboost,0,1,False,False,False,False,False,False,False,False,56.000000,63.149423,7.149423
2026-07-02,2026,catboost,0,1,False,False,False,False,False,False,False,False,55.800000,64.056990,8.256990
2026-07-03,2026,catboost,0,1,False,False,False,False,False,False,False,False,57.300000,66.394840,9.094840
2026-07-04,2026,catboost,0,1,False,False,False,False,False,False,False,False,59.500000,64.439555,4.939555
2026-07-05,2026,catboost,0,1,False,False,False,False,False,False,False,False,64.000000,65.035580,1.035580
2026-07-06,2026,catboost,0,1,False,False,False,False,False,False,False,False,63.000000,64.632371,1.632371
2026-07-07,2026,catboost,0,1,False,False,False,False,False,False,False,False,69.250000,64.044789,5.205211
2026-07-08,2026,catboost,0,1,False,False,False,False,False,False,False,False,66.000000,63.143324,2.856676
2026-07-09,2026,catboost,0,1,False,False,False,False,False,False,False,False,69.000000,63.270262,5.729738
2026-07-10,2026,catboost,0,1,False,False,False,False,False,False,False,False,67.000000,63.013155,3.986845
2026-07-11,2026,catboost,0,1,False,False,False,False,False,False,False,False,67.600000,64.096797,3.503203
2026-07-12,2026,catboost,0,1,False,False,False,False,False,False,False,False,67.200000,64.715915,2.484085
2026-07-13,2026,catboost,0,1,False,False,False,False,False,False,False,False,64.500000,61.069106,3.430894
2026-07-14,2026,catboost,0,1,False,False,False,False,False,False,False,False,61.500000,61.556419,0.056419
2026-07-15,2026,catboost,0,1,False,False,False,False,False,False,False,False,66.500000,61.873051,4.626949
2026-07-16,2026,catboost,0,1,False,False,False,False,False,False,False,False,64.000000,63.568398,0.431602
2026-07-17,2026,catboost,0,1,False,False,False,False,False,False,False,False,60.500000,63.528277,3.028277
2026-07-18,2026,catboost,0,0,False,False,False,False,False,False,False,False,63.000000,63.894120,0.894120
2026-07-19,2026,catboost,0,1,False,False,False,False,False,False,False,False,62.000000,63.825097,1.825097
2026-07-20,2026,catboost,0,2,False,False,False,False,False,False,False,False,63.300000,63.755087,0.455087
2026-07-21,2026,catboost,0,1,False,False,False,False,False,False,False,False,60.600000,61.487333,0.887333
2026-07-22,2026,catboost,0,0,False,False,False,False,False,False,False,False,61.300000,53.501833,7.798167
2026-07-23,2026,catboost,0,0,False,False,False,False,False,False,False,False,60.600000,58.466871,2.133129
2026-07-24,2026,catboost,0,0,False,False,False,False,False,False,False,False,58.600000,56.404880,2.195120
2026-07-25,2026,catboost,0,1,False,False,False,False,False,False,False,False,59.000000,55.560323,3.439677
2026-07-26,2026,catboost,0,0,False,False,False,False,False,False,False,False,58.900000,56.357712,2.542288
2026-07-27,2026,catboost,0,0,False,False,False,False,False,False,False,False,57.200000,53.584106,3.615894
2026-07-28,2026,catboost,0,0,False,False,False,False,False,False,False,False,58.500000,58.542134,0.042134
2026-07-29,2026,catboost,0,0,False,False,False,False,False,False,False,False,59.100000,55.927235,3.172765
2026-07-30,2026,catboost,0,0,False,False,False,False,False,False,False,False,56.300000,59.318013,3.018013
2026-07-31,2026,catboost,0,1,False,False,False,False,False,False,False,False,57.600000,57.265691,0.334309
2026-08-01,2026,catboost,0,0,False,False,False,False,False,False,False,False,59.800000,57.858527,1.941473
2026-08-02,2026,catboost,0,0,False,False,False,False,False,False,False,False,61.500000,57.845631,3.654369
2026-08-03,2026,catboost,0,0,False,False,False,False,False,False,False,False,58.500000,58.546370,0.046370
2026-08-04,2026,catboost,0,0,False,False,False,False,False,False,False,False,62.250000,58.249837,4.000163
2026-08-05,2026,catboost,0,0,False,False,False,False,False,False,False,False,57.000000,58.235335,1.235335
2026-08-06,2026,catboost,0,1,False,False,False,False,False,False,False,False,58.500000,58.173944,0.326056
2026-08-07,2026,catboost,0,0,False,False,False,False,False,False,False,False,61.500000,57.605214,3.894786
2026-08-08,2026,catboost,0,0,False,False,False,False,False,False,False,False,60.500000,58.518818,1.981182
2026-08-09,2026,catboost,0,0,False,False,False,False,False,False,False,False,60.500000,59.152502,1.347498
2026-08-10,2026,catboost,0,0,False,False,False,False,False,False,False,False,58.000000,57.553671,0.446329
2026-08-11,2026,catboost,0,0,False,False,False,False,False,False,False,False,62.000000,58.769988,3.230012
2026-08-12,2026,catboost,0,0,False,False,False,False,False,False,False,False,60.500000,58.492528,2.007472
2026-08-13,2026,catboost,0,0,False,False,False,False,False,False,False,False,59.000000,59.432050,0.432050
2026-08-14,2026,catboost,0,0,False,False,False,False,False,False,False,False,58.000000,60.632045,2.632045
2026-08-15,2026,catboost,0,0,False,False,False,False,False,False,False,False,58.500000,59.013244,0.513244
2026-08-16,2026,catboost,0,0,False,False,False,False,False,False,False,False,57.000000,58.304052,1.304052
2026-08-20,2026,catboost,0,0,False,False,False,False,False,False,False,False,57.000000,60.321604,3.321604
2026-08-21,2026,catboost,0,0,False,False,False,False,False,False,False,False,57.500000,57.039198,0.460802
2026-08-22,2026,catboost,0,0,False,False,False,False,False,False,False,False,60.900000,58.871977,2.028023
2026-08-23,2026,catboost,0,0,False,False,False,False,False,False,False,False,61.300000,58.271630,3.028370
