date,test_year,model,n_outside_minmax,n_outside_quantiles,Specific_Cond_Mean_outside,month_cos_outside,month_sin_outside,turb_flow_outside,turb_3day_outside,precip_7day_outside,swe_7day_outside,turb/cond_outside,Turbidity_Median_outside,Turbidity_Max_outside,actual,pred,abs_error
2023-04-05,2023,rf_grid,0,4,False,False,False,False,False,False,False,False,False,False,2.200000,2.816696,0.616696
2023-04-06,2023,rf_grid,0,5,False,False,False,False,False,False,False,False,False,False,2.200000,2.849528,0.649528
2023-04-07,2023,rf_grid,1,5,False,False,False,False,False,False,True,False,False,False,2.200000,2.856624,0.656624
2023-04-08,2023,rf_grid,1,5,False,False,False,False,False,False,True,False,False,False,2.300000,2.856624,0.556624
2023-04-09,2023,rf_grid,1,5,False,False,False,False,False,False,True,False,False,False,2.200000,2.852284,0.652284
2023-04-10,2023,rf_grid,1,5,False,False,False,False,False,False,True,False,False,False,2.200000,2.852284,0.652284
2023-04-16,2023,rf_grid,1,1,False,False,False,False,False,False,True,False,False,False,2.300000,2.921851,0.621851
2023-04-17,2023,rf_grid,1,1,False,False,False,False,False,False,True,False,False,False,2.300000,2.924726,0.624726
2023-04-18,2023,rf_grid,1,2,False,False,False,False,False,False,True,False,False,False,2.200000,2.904181,0.704181
2023-04-19,2023,rf_grid,1,3,False,False,False,False,False,False,True,False,False,False,2.300000,2.852284,0.552284
2023-04-20,2023,rf_grid,1,2,False,False,False,False,False,False,True,False,False,False,2.300000,2.852264,0.552264
2023-04-21,2023,rf_grid,1,2,False,False,False,False,False,False,True,False,False,False,2.200000,2.873176,0.673176
2023-04-29,2023,rf_grid,1,3,False,False,False,False,False,False,True,False,False,False,2.000000,2.897442,0.897442
2023-04-30,2023,rf_grid,1,2,False,False,False,False,False,False,True,False,False,False,2.000000,2.927671,0.927671
2023-05-01,2023,rf_grid,1,2,False,False,False,False,False,False,True,False,False,False,2.000000,2.415374,0.415374
2023-05-02,2023,rf_grid,1,3,False,False,False,False,False,False,True,False,False,False,2.000000,2.427131,0.427131
2023-05-03,2023,rf_grid,2,2,False,False,False,False,False,True,True,False,False,False,2.000000,2.433898,0.433898
2023-05-04,2023,rf_grid,2,2,False,False,False,False,False,True,True,False,False,False,2.200000,2.431270,0.231270
2023-05-13,2023,rf_grid,3,5,False,False,False,False,True,False,False,True,True,False,2.600000,2.591241,0.008759
2023-05-14,2023,rf_grid,4,5,False,False,False,True,True,False,False,True,True,False,3.200000,2.592586,0.607414
2023-05-15,2023,rf_grid,4,5,False,False,False,True,True,False,False,True,True,False,6.500000,2.993711,3.506289
2023-05-16,2023,rf_grid,4,5,False,False,False,True,True,False,False,True,True,False,6.200000,3.011161,3.188839
2023-05-17,2023,rf_grid,5,6,False,False,False,True,True,True,False,True,True,False,6.900000,3.031719,3.868281
2023-05-18,2023,rf_grid,5,6,False,False,False,True,True,True,False,True,True,False,7.200000,3.042181,4.157819
2023-05-19,2023,rf_grid,5,7,False,False,False,True,True,True,False,True,True,False,7.300000,3.055362,4.244638
2023-05-20,2023,rf_grid,6,7,True,False,False,True,True,True,False,True,True,False,7.300000,3.055362,4.244638
2023-05-21,2023,rf_grid,6,7,True,False,False,True,True,True,False,True,True,False,7.100000,3.055362,4.044638
2023-05-22,2023,rf_grid,6,7,True,False,False,True,True,True,False,True,True,False,7.100000,3.055362,4.044638
2023-05-23,2023,rf_grid,6,7,True,False,False,True,True,True,False,True,True,False,7.000000,3.055362,3.944638
2023-05-24,2023,rf_grid,6,7,True,False,False,True,True,True,False,True,True,False,6.900000,3.055362,3.844638
2023-05-25,2023,rf_grid,5,6,False,False,False,True,True,True,False,True,True,False,6.800000,3.035783,3.764217
2023-05-26,2023,rf_grid,5,6,False,False,False,True,True,True,False,True,True,False,6.600000,3.031719,3.568281
2023-05-27,2023,rf_grid,4,6,False,False,False,True,True,False,False,True,True,False,6.500000,3.007924,3.492076
2023-05-28,2023,rf_grid,3,5,False,False,False,True,True,False,False,True,False,False,6.200000,2.966763,3.233237
2023-05-29,2023,rf_grid,2,5,False,False,False,True,True,False,False,False,False,False,5.800000,3.014849,2.785151
2023-05-30,2023,rf_grid,1,3,False,False,False,True,False,False,False,False,False,False,5.600000,3.006573,2.593427
2023-05-31,2023,rf_grid,1,3,False,False,False,True,False,False,False,False,False,False,5.200000,2.987904,2.212096
2023-06-01,2023,rf_grid,1,2,False,False,False,True,False,False,False,False,False,False,5.100000,3.040115,2.059885
2023-06-02,2023,rf_grid,0,1,False,False,False,False,False,False,False,False,False,False,4.500000,2.989676,1.510324
2023-06-03,2023,rf_grid,0,1,False,False,False,False,False,False,False,False,False,False,4.400000,2.972628,1.427372
2023-06-04,2023,rf_grid,0,1,False,False,False,False,False,False,False,False,False,False,4.100000,2.969131,1.130869
2023-06-05,2023,rf_grid,0,1,False,False,False,False,False,False,False,False,False,False,4.100000,2.977481,1.122519
2023-06-06,2023,rf_grid,0,0,False,False,False,False,False,False,False,False,False,False,3.950000,2.957102,0.992898
2023-06-07,2023,rf_grid,0,1,False,False,False,False,False,False,False,False,False,False,4.000000,2.453571,1.546429
2023-06-08,2023,rf_grid,0,2,False,False,False,False,False,False,False,False,False,False,4.000000,2.449961,1.550039
2023-06-09,2023,rf_grid,0,2,False,False,False,False,False,False,False,False,False,False,4.000000,2.449961,1.550039
2023-06-10,2023,rf_grid,1,5,True,False,False,False,False,False,False,False,False,False,4.000000,2.447544,1.552456
2023-06-11,2023,rf_grid,1,7,False,False,False,False,False,True,False,False,False,False,4.000000,2.449947,1.550053
2023-06-12,2023,rf_grid,1,4,False,False,False,False,False,True,False,False,False,False,4.000000,2.441446,1.558554
2023-06-13,2023,rf_grid,1,4,False,False,False,False,False,True,False,False,False,False,4.000000,2.437260,1.562740
2023-06-14,2023,rf_grid,1,6,False,False,False,False,False,True,False,False,False,False,3.800000,2.441446,1.358554
2023-06-15,2023,rf_grid,0,5,False,False,False,False,False,False,False,False,False,False,4.000000,2.441446,1.558554
2023-06-16,2023,rf_grid,0,3,False,False,False,False,False,False,False,False,False,False,3.900000,2.441446,1.458554
2023-06-17,2023,rf_grid,0,5,False,False,False,False,False,False,False,False,False,False,3.900000,2.439043,1.460957
2023-06-18,2023,rf_grid,1,5,False,False,False,True,False,False,False,False,False,False,4.000000,2.414752,1.585248
2023-06-19,2023,rf_grid,4,5,False,False,False,True,True,False,False,True,True,False,4.100000,2.439043,1.660957
2023-06-20,2023,rf_grid,4,5,False,False,False,True,True,False,False,True,True,False,4.300000,2.439043,1.860957
2023-06-21,2023,rf_grid,3,4,False,False,False,True,True,False,False,True,False,False,4.400000,2.439043,1.960957
2023-06-22,2023,rf_grid,2,4,False,False,False,True,True,False,False,False,False,False,4.400000,2.439043,1.960957
2023-06-23,2023,rf_grid,1,3,False,False,False,True,False,False,False,False,False,False,4.200000,2.433067,1.766933
2023-06-24,2023,rf_grid,4,5,False,False,False,True,True,False,False,True,True,False,4.400000,2.441446,1.958554
2023-06-25,2023,rf_grid,4,6,False,False,False,True,True,False,False,True,True,False,4.300000,2.449947,1.850053
2023-06-26,2023,rf_grid,3,5,False,False,False,True,True,False,False,True,False,False,4.500000,2.447544,2.052456
2023-06-27,2023,rf_grid,2,3,False,False,False,True,True,False,False,False,False,False,4.400000,2.439043,1.960957
2023-06-28,2023,rf_grid,2,4,False,False,False,True,False,True,False,False,False,False,4.200000,2.444828,1.755172
2023-06-29,2023,rf_grid,1,2,False,False,False,True,False,False,False,False,False,False,4.000000,2.444828,1.555172
2023-06-30,2023,rf_grid,1,2,False,False,False,True,False,False,False,False,False,False,3.800000,2.424428,1.375572
2023-07-01,2023,rf_grid,1,2,False,False,False,True,False,False,False,False,False,False,3.800000,2.434272,1.365728
2023-07-02,2023,rf_grid,0,2,False,False,False,False,False,False,False,False,False,False,3.700000,2.434272,1.265728
2023-07-03,2023,rf_grid,0,1,False,False,False,False,False,False,False,False,False,False,3.600000,2.422443,1.177557
2023-07-04,2023,rf_grid,0,1,False,False,False,False,False,False,False,False,False,False,3.600000,2.422443,1.177557
2023-07-05,2023,rf_grid,0,1,False,False,False,False,False,False,False,False,False,False,3.500000,2.350969,1.149031
2023-07-06,2023,rf_grid,0,1,False,False,False,False,False,False,False,False,False,False,3.500000,2.290035,1.209965
2023-07-07,2023,rf_grid,0,1,False,False,False,False,False,False,False,False,False,False,3.400000,2.321873,1.078127
2023-07-08,2023,rf_grid,0,2,False,False,False,False,False,False,False,False,False,False,3.400000,2.410106,0.989894
2023-07-09,2023,rf_grid,0,1,False,False,False,False,False,False,False,False,False,False,3.400000,2.295975,1.104025
2023-07-10,2023,rf_grid,0,1,False,False,False,False,False,False,False,False,False,False,3.400000,2.414888,0.985112
2023-07-11,2023,rf_grid,0,1,False,False,False,False,False,False,False,False,False,False,3.350000,2.287011,1.062989
2023-07-12,2023,rf_grid,0,0,False,False,False,False,False,False,False,False,False,False,3.300000,2.215873,1.084127
2023-07-13,2023,rf_grid,0,0,False,False,False,False,False,False,False,False,False,False,3.300000,2.097375,1.202625
2023-07-14,2023,rf_grid,0,0,False,False,False,False,False,False,False,False,False,False,3.200000,2.094214,1.105786
2023-07-15,2023,rf_grid,0,0,False,False,False,False,False,False,False,False,False,False,3.200000,2.062489,1.137511
2023-07-16,2023,rf_grid,0,0,False,False,False,False,False,False,False,False,False,False,3.100000,2.062489,1.037511
2023-07-17,2023,rf_grid,0,0,False,False,False,False,False,False,False,False,False,False,3.100000,2.058809,1.041191
2023-07-18,2023,rf_grid,0,0,False,False,False,False,False,False,False,False,False,False,3.000000,2.062925,0.937075
2023-07-19,2023,rf_grid,0,0,False,False,False,False,False,False,False,False,False,False,2.900000,2.062580,0.837420
2023-07-20,2023,rf_grid,0,0,False,False,False,False,False,False,False,False,False,False,2.800000,2.472789,0.327211
2023-07-21,2023,rf_grid,0,0,False,False,False,False,False,False,False,False,False,False,2.700000,2.363239,0.336761
2023-07-22,2023,rf_grid,0,0,False,False,False,False,False,False,False,False,False,False,2.600000,2.078591,0.521409
2023-07-23,2023,rf_grid,0,0,False,False,False,False,False,False,False,False,False,False,2.600000,2.076117,0.523883
2023-07-24,2023,rf_grid,0,0,False,False,False,False,False,False,False,False,False,False,2.500000,2.073683,0.426317
2023-07-25,2023,rf_grid,0,0,False,False,False,False,False,False,False,False,False,False,2.500000,2.070004,0.429996
2023-07-26,2023,rf_grid,0,0,False,False,False,False,False,False,False,False,False,False,2.400000,2.062580,0.337420
2023-07-27,2023,rf_grid,0,0,False,False,False,False,False,False,False,False,False,False,2.400000,2.064963,0.335037
2023-07-28,2023,rf_grid,0,0,False,False,False,False,False,False,False,False,False,False,2.400000,2.065863,0.334137
2023-07-29,2023,rf_grid,0,0,False,False,False,False,False,False,False,False,False,False,2.400000,2.274839,0.125161
2023-07-30,2023,rf_grid,0,1,False,False,False,False,False,False,False,False,False,False,2.400000,2.136957,0.263043
2023-07-31,2023,rf_grid,0,1,False,False,False,False,False,False,False,False,False,False,2.400000,2.274839,0.125161
2023-08-01,2023,rf_grid,0,4,False,False,False,False,False,False,False,False,False,False,2.300000,2.164694,0.135306
2023-08-13,2023,rf_grid,1,1,False,False,False,False,False,True,False,False,False,False,2.500000,2.615837,0.115837
2023-08-14,2023,rf_grid,0,0,False,False,False,False,False,False,False,False,False,False,2.500000,2.617183,0.117183
2023-08-15,2023,rf_grid,0,0,False,False,False,False,False,False,False,False,False,False,2.500000,2.545922,0.045922
2023-08-16,2023,rf_grid,0,0,False,False,False,False,False,False,False,False,False,False,2.400000,2.473635,0.073635
2023-08-17,2023,rf_grid,0,0,False,False,False,False,False,False,False,False,False,False,2.400000,2.538109,0.138109
2023-08-18,2023,rf_grid,0,0,False,False,False,False,False,False,False,False,False,False,2.400000,2.548698,0.148698
2023-08-19,2023,rf_grid,0,0,False,False,False,False,False,False,False,False,False,False,2.400000,2.543761,0.143761
2023-08-20,2023,rf_grid,0,0,False,False,False,False,False,False,False,False,False,False,2.300000,2.456552,0.156552
2023-08-21,2023,rf_grid,0,0,False,False,False,False,False,False,False,False,False,False,2.300000,2.451211,0.151211
2023-08-22,2023,rf_grid,0,0,False,False,False,False,False,False,False,False,False,False,2.300000,2.445436,0.145436
2023-08-23,2023,rf_grid,0,0,False,False,False,False,False,False,False,False,False,False,2.300000,2.441585,0.141585
2023-08-24,2023,rf_grid,0,0,False,False,False,False,False,False,False,False,False,False,2.300000,2.412189,0.112189
2023-08-25,2023,rf_grid,0,0,False,False,False,False,False,False,False,False,False,False,2.300000,2.364488,0.064488
2023-08-26,2023,rf_grid,0,0,False,False,False,False,False,False,False,False,False,False,2.300000,2.372819,0.072819
2023-08-27,2023,rf_grid,0,0,False,False,False,False,False,False,False,False,False,False,2.300000,2.160356,0.139644
2023-08-28,2023,rf_grid,0,0,False,False,False,False,False,False,False,False,False,False,2.300000,2.160420,0.139580
2023-08-29,2023,rf_grid,0,0,False,False,False,False,False,False,False,False,False,False,2.200000,2.159039,0.040961
2023-08-30,2023,rf_grid,0,1,False,False,False,False,False,False,False,False,False,False,2.200000,2.183734,0.016266
2023-08-31,2023,rf_grid,0,0,False,False,False,False,False,False,False,False,False,False,2.300000,2.177218,0.122782
2023-09-01,2023,rf_grid,0,0,False,False,False,False,False,False,False,False,False,False,2.300000,2.171369,0.128631
2023-09-02,2023,rf_grid,0,0,False,False,False,False,False,False,False,False,False,False,2.400000,2.160440,0.239560
2023-09-03,2023,rf_grid,0,0,False,False,False,False,False,False,False,False,False,False,2.200000,2.277589,0.077589
2023-09-04,2023,rf_grid,0,1,False,False,False,False,False,False,False,False,False,False,2.300000,2.494721,0.194721
2023-09-05,2023,rf_grid,0,1,False,False,False,False,False,False,False,False,False,False,2.400000,2.465670,0.065670
2023-09-06,2023,rf_grid,0,1,False,False,False,False,False,False,False,False,False,False,2.500000,2.372091,0.127909
2023-09-07,2023,rf_grid,0,1,False,False,False,False,False,False,False,False,False,False,2.400000,2.559570,0.159570
2023-09-08,2023,rf_grid,0,1,False,False,False,False,False,False,False,False,False,False,2.500000,2.491883,0.008117
2023-09-09,2023,rf_grid,0,0,False,False,False,False,False,False,False,False,False,False,2.400000,2.146414,0.253586
2023-09-10,2023,rf_grid,0,1,False,False,False,False,False,False,False,False,False,False,2.400000,2.141582,0.258418
2023-09-11,2023,rf_grid,0,0,False,False,False,False,False,False,False,False,False,False,2.400000,2.124237,0.275763
2023-09-12,2023,rf_grid,0,0,False,False,False,False,False,False,False,False,False,False,2.500000,2.109460,0.390540
2023-09-13,2023,rf_grid,0,0,False,False,False,False,False,False,False,False,False,False,2.400000,2.132260,0.267740
2023-09-14,2023,rf_grid,0,0,False,False,False,False,False,False,False,False,False,False,2.400000,2.158608,0.241392
2023-09-15,2023,rf_grid,0,0,False,False,False,False,False,False,False,False,False,False,2.400000,2.172417,0.227583
2023-09-16,2023,rf_grid,0,0,False,False,False,False,False,False,False,False,False,False,2.400000,2.120813,0.279187
2023-09-17,2023,rf_grid,0,0,False,False,False,False,False,False,False,False,False,False,2.400000,2.223568,0.176432
2023-09-18,2023,rf_grid,0,0,False,False,False,False,False,False,False,False,False,False,2.500000,2.282307,0.217693
2023-09-19,2023,rf_grid,0,0,False,False,False,False,False,False,False,False,False,False,2.500000,2.390093,0.109907
2023-09-20,2023,rf_grid,0,0,False,False,False,False,False,False,False,False,False,False,2.400000,2.212323,0.187677
2023-09-21,2023,rf_grid,1,1,False,False,False,False,False,True,False,False,False,False,2.500000,2.175873,0.324127
2023-10-04,2023,rf_grid,0,0,False,False,False,False,False,False,False,False,False,False,2.800000,2.173620,0.626380
2023-10-05,2023,rf_grid,0,0,False,False,False,False,False,False,False,False,False,False,2.900000,2.178580,0.721420
2023-10-06,2023,rf_grid,0,0,False,False,False,False,False,False,False,False,False,False,2.800000,2.178580,0.621420
2023-10-07,2023,rf_grid,0,0,False,False,False,False,False,False,False,False,False,False,2.800000,2.178580,0.621420
2023-10-08,2023,rf_grid,0,0,False,False,False,False,False,False,False,False,False,False,3.000000,2.178580,0.821420
2023-10-09,2023,rf_grid,0,0,False,False,False,False,False,False,False,False,False,False,3.000000,2.178580,0.821420
2023-10-10,2023,rf_grid,0,0,False,False,False,False,False,False,False,False,False,False,3.000000,2.178580,0.821420
2023-10-11,2023,rf_grid,0,0,False,False,False,False,False,False,False,False,False,False,3.000000,2.163697,0.836303
2023-10-12,2023,rf_grid,0,0,False,False,False,False,False,False,False,False,False,False,3.000000,2.146943,0.853057
2023-10-13,2023,rf_grid,0,0,False,False,False,False,False,False,False,False,False,False,3.000000,2.131516,0.868484
2023-10-17,2023,rf_grid,0,0,False,False,False,False,False,False,False,False,False,False,2.900000,2.836072,0.063928
2023-10-18,2023,rf_grid,0,0,False,False,False,False,False,False,False,False,False,False,2.800000,2.831558,0.031558
2023-10-19,2023,rf_grid,0,0,False,False,False,False,False,False,False,False,False,False,2.800000,2.816106,0.016106
2023-10-20,2023,rf_grid,0,0,False,False,False,False,False,False,False,False,False,False,2.700000,2.834425,0.134425
2023-10-21,2023,rf_grid,0,0,False,False,False,False,False,False,False,False,False,False,2.700000,2.831105,0.131105
2023-10-22,2023,rf_grid,0,0,False,False,False,False,False,False,False,False,False,False,2.600000,2.820748,0.220748
2023-10-23,2023,rf_grid,0,0,False,False,False,False,False,False,False,False,False,False,2.500000,2.149728,0.350272
2023-10-24,2023,rf_grid,0,0,False,False,False,False,False,False,False,False,False,False,2.500000,2.162917,0.337083
2023-10-25,2023,rf_grid,0,0,False,False,False,False,False,False,False,False,False,False,2.400000,2.169793,0.230207
2023-10-26,2023,rf_grid,0,0,False,False,False,False,False,False,False,False,False,False,2.500000,2.131516,0.368484
2023-10-27,2023,rf_grid,0,0,False,False,False,False,False,False,False,False,False,False,2.300000,2.130543,0.169457
2023-10-28,2023,rf_grid,0,0,False,False,False,False,False,False,False,False,False,False,2.400000,2.131971,0.268029
2023-10-29,2023,rf_grid,0,0,False,False,False,False,False,False,False,False,False,False,2.300000,2.131971,0.168029
2023-10-30,2023,rf_grid,0,0,False,False,False,False,False,False,False,False,False,False,2.400000,2.140330,0.259670
2023-10-31,2023,rf_grid,0,0,False,False,False,False,False,False,False,False,False,False,2.500000,2.140330,0.359670
2023-11-01,2023,rf_grid,1,1,False,True,False,False,False,False,False,False,False,False,2.500000,2.861856,0.361856
2023-11-02,2023,rf_grid,1,1,False,True,False,False,False,False,False,False,False,False,2.500000,2.862534,0.362534
2023-11-03,2023,rf_grid,1,1,False,True,False,False,False,False,False,False,False,False,2.500000,2.889331,0.389331
2023-11-04,2023,rf_grid,1,2,False,True,False,False,False,False,False,False,False,False,2.600000,2.906705,0.306705
2023-11-05,2023,rf_grid,1,2,False,True,False,False,False,False,False,False,False,False,2.500000,3.012484,0.512484
2023-11-06,2023,rf_grid,1,2,False,True,False,False,False,False,False,False,False,False,2.600000,2.904303,0.304303
2023-11-07,2023,rf_grid,1,2,False,True,False,False,False,False,False,False,False,False,2.600000,3.036660,0.436660
2023-11-13,2023,rf_grid,1,2,False,True,False,False,False,False,False,False,False,False,2.500000,2.860359,0.360359
2023-11-14,2023,rf_grid,1,2,False,True,False,False,False,False,False,False,False,False,2.500000,2.848221,0.348221
2023-11-15,2023,rf_grid,1,2,False,True,False,False,False,False,False,False,False,False,2.500000,2.920373,0.420373
2023-11-16,2023,rf_grid,1,2,False,True,False,False,False,False,False,False,False,False,2.500000,3.035521,0.535521
2023-11-17,2023,rf_grid,1,2,False,True,False,False,False,False,False,False,False,False,2.500000,3.035521,0.535521
2023-11-18,2023,rf_grid,1,2,False,True,False,False,False,False,False,False,False,False,2.400000,3.063681,0.663681
2023-11-19,2023,rf_grid,1,2,False,True,False,False,False,False,False,False,False,False,2.500000,3.063681,0.563681
2023-11-20,2023,rf_grid,1,2,False,True,False,False,False,False,False,False,False,False,2.500000,3.063681,0.563681
2023-11-21,2023,rf_grid,1,2,False,True,False,False,False,False,False,False,False,False,2.400000,3.063681,0.663681
2023-11-22,2023,rf_grid,1,2,False,True,False,False,False,False,False,False,False,False,2.400000,3.057841,0.657841
2023-11-23,2023,rf_grid,1,2,False,True,False,False,False,False,False,False,False,False,2.400000,3.024539,0.624539
2023-11-24,2023,rf_grid,1,2,False,True,False,False,False,False,False,False,False,False,2.400000,2.839340,0.439340
2023-11-25,2023,rf_grid,1,2,False,True,False,False,False,False,False,False,False,False,2.400000,2.866976,0.466976
2023-11-26,2023,rf_grid,1,2,False,True,False,False,False,False,False,False,False,False,2.500000,2.864505,0.364505
2023-11-27,2023,rf_grid,1,2,False,True,False,False,False,False,False,False,False,False,2.500000,2.860242,0.360242
2023-11-28,2023,rf_grid,1,2,False,True,False,False,False,False,False,False,False,False,2.600000,2.879236,0.279236
2023-11-29,2023,rf_grid,1,2,False,True,False,False,False,False,False,False,False,False,2.500000,2.878847,0.378847
2023-11-30,2023,rf_grid,1,2,False,True,False,False,False,False,False,False,False,False,2.600000,2.879001,0.279001
2023-12-01,2023,rf_grid,1,2,False,True,False,False,False,False,False,False,False,False,2.500000,2.862323,0.362323
2023-12-02,2023,rf_grid,1,2,False,True,False,False,False,False,False,False,False,False,2.600000,2.857045,0.257045
2023-04-05,2023,catboost,0,4,False,False,False,False,False,False,False,False,False,False,2.200000,2.765159,0.565159
2023-04-06,2023,catboost,0,5,False,False,False,False,False,False,False,False,False,False,2.200000,2.806526,0.606526
2023-04-07,2023,catboost,1,5,False,False,False,False,False,False,True,False,False,False,2.200000,2.815890,0.615890
2023-04-08,2023,catboost,1,5,False,False,False,False,False,False,True,False,False,False,2.300000,2.815689,0.515689
2023-04-09,2023,catboost,1,5,False,False,False,False,False,False,True,False,False,False,2.200000,2.855538,0.655538
2023-04-10,2023,catboost,1,5,False,False,False,False,False,False,True,False,False,False,2.200000,2.854889,0.654889
2023-04-16,2023,catboost,1,1,False,False,False,False,False,False,True,False,False,False,2.300000,2.794568,0.494568
2023-04-17,2023,catboost,1,1,False,False,False,False,False,False,True,False,False,False,2.300000,2.825979,0.525979
2023-04-18,2023,catboost,1,2,False,False,False,False,False,False,True,False,False,False,2.200000,2.861122,0.661122
2023-04-19,2023,catboost,1,3,False,False,False,False,False,False,True,False,False,False,2.300000,2.858109,0.558109
2023-04-20,2023,catboost,1,2,False,False,False,False,False,False,True,False,False,False,2.300000,2.852386,0.552386
2023-04-21,2023,catboost,1,2,False,False,False,False,False,False,True,False,False,False,2.200000,2.703503,0.503503
2023-04-29,2023,catboost,1,3,False,False,False,False,False,False,True,False,False,False,2.000000,2.655965,0.655965
2023-04-30,2023,catboost,1,2,False,False,False,False,False,False,True,False,False,False,2.000000,2.716219,0.716219
2023-05-01,2023,catboost,1,2,False,False,False,False,False,False,True,False,False,False,2.000000,2.409515,0.409515
2023-05-02,2023,catboost,1,3,False,False,False,False,False,False,True,False,False,False,2.000000,2.456700,0.456700
2023-05-03,2023,catboost,2,2,False,False,False,False,False,True,True,False,False,False,2.000000,2.468143,0.468143
2023-05-04,2023,catboost,2,2,False,False,False,False,False,True,True,False,False,False,2.200000,2.450783,0.250783
2023-05-13,2023,catboost,3,5,False,False,False,False,True,False,False,True,True,False,2.600000,2.542503,0.057497
2023-05-14,2023,catboost,4,5,False,False,False,True,True,False,False,True,True,False,3.200000,2.607483,0.592517
2023-05-15,2023,catboost,4,5,False,False,False,True,True,False,False,True,True,False,6.500000,2.688241,3.811759
2023-05-16,2023,catboost,4,5,False,False,False,True,True,False,False,True,True,False,6.200000,2.774170,3.425830
2023-05-17,2023,catboost,5,6,False,False,False,True,True,True,False,True,True,False,6.900000,2.994342,3.905658
2023-05-18,2023,catboost,5,6,False,False,False,True,True,True,False,True,True,False,7.200000,2.998743,4.201257
2023-05-19,2023,catboost,5,7,False,False,False,True,True,True,False,True,True,False,7.300000,3.003767,4.296233
2023-05-20,2023,catboost,6,7,True,False,False,True,True,True,False,True,True,False,7.300000,3.003649,4.296351
2023-05-21,2023,catboost,6,7,True,False,False,True,True,True,False,True,True,False,7.100000,3.009927,4.090073
2023-05-22,2023,catboost,6,7,True,False,False,True,True,True,False,True,True,False,7.100000,3.016507,4.083493
2023-05-23,2023,catboost,6,7,True,False,False,True,True,True,False,True,True,False,7.000000,3.015932,3.984068
2023-05-24,2023,catboost,6,7,True,False,False,True,True,True,False,True,True,False,6.900000,3.013972,3.886028
2023-05-25,2023,catboost,5,6,False,False,False,True,True,True,False,True,True,False,6.800000,3.008010,3.791990
2023-05-26,2023,catboost,5,6,False,False,False,True,True,True,False,True,True,False,6.600000,2.994836,3.605164
2023-05-27,2023,catboost,4,6,False,False,False,True,True,False,False,True,True,False,6.500000,2.919445,3.580555
2023-05-28,2023,catboost,3,5,False,False,False,True,True,False,False,True,False,False,6.200000,2.885290,3.314710
2023-05-29,2023,catboost,2,5,False,False,False,True,True,False,False,False,False,False,5.800000,2.882224,2.917776
2023-05-30,2023,catboost,1,3,False,False,False,True,False,False,False,False,False,False,5.600000,2.894263,2.705737
2023-05-31,2023,catboost,1,3,False,False,False,True,False,False,False,False,False,False,5.200000,2.890283,2.309717
2023-06-01,2023,catboost,1,2,False,False,False,True,False,False,False,False,False,False,5.100000,2.811680,2.288320
2023-06-02,2023,catboost,0,1,False,False,False,False,False,False,False,False,False,False,4.500000,2.883901,1.616099
2023-06-03,2023,catboost,0,1,False,False,False,False,False,False,False,False,False,False,4.400000,2.896739,1.503261
2023-06-04,2023,catboost,0,1,False,False,False,False,False,False,False,False,False,False,4.100000,2.929001,1.170999
2023-06-05,2023,catboost,0,1,False,False,False,False,False,False,False,False,False,False,4.100000,2.864889,1.235111
2023-06-06,2023,catboost,0,0,False,False,False,False,False,False,False,False,False,False,3.950000,2.710337,1.239663
2023-06-07,2023,catboost,0,1,False,False,False,False,False,False,False,False,False,False,4.000000,2.489460,1.510540
2023-06-08,2023,catboost,0,2,False,False,False,False,False,False,False,False,False,False,4.000000,2.529183,1.470817
2023-06-09,2023,catboost,0,2,False,False,False,False,False,False,False,False,False,False,4.000000,2.505191,1.494809
2023-06-10,2023,catboost,1,5,True,False,False,False,False,False,False,False,False,False,4.000000,2.569813,1.430187
2023-06-11,2023,catboost,1,7,False,False,False,False,False,True,False,False,False,False,4.000000,2.593175,1.406825
2023-06-12,2023,catboost,1,4,False,False,False,False,False,True,False,False,False,False,4.000000,2.550840,1.449160
2023-06-13,2023,catboost,1,4,False,False,False,False,False,True,False,False,False,False,4.000000,2.538606,1.461394
2023-06-14,2023,catboost,1,6,False,False,False,False,False,True,False,False,False,False,3.800000,2.600471,1.199529
2023-06-15,2023,catboost,0,5,False,False,False,False,False,False,False,False,False,False,4.000000,2.568201,1.431799
2023-06-16,2023,catboost,0,3,False,False,False,False,False,False,False,False,False,False,3.900000,2.517898,1.382102
2023-06-17,2023,catboost,0,5,False,False,False,False,False,False,False,False,False,False,3.900000,2.558284,1.341716
2023-06-18,2023,catboost,1,5,False,False,False,True,False,False,False,False,False,False,4.000000,2.557167,1.442833
2023-06-19,2023,catboost,4,5,False,False,False,True,True,False,False,True,True,False,4.100000,2.585944,1.514056
2023-06-20,2023,catboost,4,5,False,False,False,True,True,False,False,True,True,False,4.300000,2.559283,1.740717
2023-06-21,2023,catboost,3,4,False,False,False,True,True,False,False,True,False,False,4.400000,2.548461,1.851539
2023-06-22,2023,catboost,2,4,False,False,False,True,True,False,False,False,False,False,4.400000,2.544590,1.855410
2023-06-23,2023,catboost,1,3,False,False,False,True,False,False,False,False,False,False,4.200000,2.521067,1.678933
2023-06-24,2023,catboost,4,5,False,False,False,True,True,False,False,True,True,False,4.400000,2.593168,1.806832
2023-06-25,2023,catboost,4,6,False,False,False,True,True,False,False,True,True,False,4.300000,2.600610,1.699390
2023-06-26,2023,catboost,3,5,False,False,False,True,True,False,False,True,False,False,4.500000,2.558797,1.941203
2023-06-27,2023,catboost,2,3,False,False,False,True,True,False,False,False,False,False,4.400000,2.539789,1.860211
2023-06-28,2023,catboost,2,4,False,False,False,True,False,True,False,False,False,False,4.200000,2.549591,1.650409
2023-06-29,2023,catboost,1,2,False,False,False,True,False,False,False,False,False,False,4.000000,2.544681,1.455319
2023-06-30,2023,catboost,1,2,False,False,False,True,False,False,False,False,False,False,3.800000,2.523291,1.276709
2023-07-01,2023,catboost,1,2,False,False,False,True,False,False,False,False,False,False,3.800000,2.421541,1.378459
2023-07-02,2023,catboost,0,2,False,False,False,False,False,False,False,False,False,False,3.700000,2.437976,1.262024
2023-07-03,2023,catboost,0,1,False,False,False,False,False,False,False,False,False,False,3.600000,2.419693,1.180307
2023-07-04,2023,catboost,0,1,False,False,False,False,False,False,False,False,False,False,3.600000,2.422888,1.177112
2023-07-05,2023,catboost,0,1,False,False,False,False,False,False,False,False,False,False,3.500000,2.326246,1.173754
2023-07-06,2023,catboost,0,1,False,False,False,False,False,False,False,False,False,False,3.500000,2.310656,1.189344
2023-07-07,2023,catboost,0,1,False,False,False,False,False,False,False,False,False,False,3.400000,2.289784,1.110216
2023-07-08,2023,catboost,0,2,False,False,False,False,False,False,False,False,False,False,3.400000,2.328173,1.071827
2023-07-09,2023,catboost,0,1,False,False,False,False,False,False,False,False,False,False,3.400000,2.318740,1.081260
2023-07-10,2023,catboost,0,1,False,False,False,False,False,False,False,False,False,False,3.400000,2.385636,1.014364
2023-07-11,2023,catboost,0,1,False,False,False,False,False,False,False,False,False,False,3.350000,2.415748,0.934252
2023-07-12,2023,catboost,0,0,False,False,False,False,False,False,False,False,False,False,3.300000,2.388951,0.911049
2023-07-13,2023,catboost,0,0,False,False,False,False,False,False,False,False,False,False,3.300000,2.286618,1.013382
2023-07-14,2023,catboost,0,0,False,False,False,False,False,False,False,False,False,False,3.200000,2.239622,0.960378
2023-07-15,2023,catboost,0,0,False,False,False,False,False,False,False,False,False,False,3.200000,2.070999,1.129001
2023-07-16,2023,catboost,0,0,False,False,False,False,False,False,False,False,False,False,3.100000,2.005053,1.094947
2023-07-17,2023,catboost,0,0,False,False,False,False,False,False,False,False,False,False,3.100000,2.021992,1.078008
2023-07-18,2023,catboost,0,0,False,False,False,False,False,False,False,False,False,False,3.000000,2.006086,0.993914
2023-07-19,2023,catboost,0,0,False,False,False,False,False,False,False,False,False,False,2.900000,1.985823,0.914177
2023-07-20,2023,catboost,0,0,False,False,False,False,False,False,False,False,False,False,2.800000,2.253699,0.546301
2023-07-21,2023,catboost,0,0,False,False,False,False,False,False,False,False,False,False,2.700000,2.237611,0.462389
2023-07-22,2023,catboost,0,0,False,False,False,False,False,False,False,False,False,False,2.600000,2.087337,0.512663
2023-07-23,2023,catboost,0,0,False,False,False,False,False,False,False,False,False,False,2.600000,2.058416,0.541584
2023-07-24,2023,catboost,0,0,False,False,False,False,False,False,False,False,False,False,2.500000,2.098257,0.401743
2023-07-25,2023,catboost,0,0,False,False,False,False,False,False,False,False,False,False,2.500000,2.115104,0.384896
2023-07-26,2023,catboost,0,0,False,False,False,False,False,False,False,False,False,False,2.400000,1.979007,0.420993
2023-07-27,2023,catboost,0,0,False,False,False,False,False,False,False,False,False,False,2.400000,1.976382,0.423618
2023-07-28,2023,catboost,0,0,False,False,False,False,False,False,False,False,False,False,2.400000,2.034660,0.365340
2023-07-29,2023,catboost,0,0,False,False,False,False,False,False,False,False,False,False,2.400000,2.095243,0.304757
2023-07-30,2023,catboost,0,1,False,False,False,False,False,False,False,False,False,False,2.400000,2.076478,0.323522
2023-07-31,2023,catboost,0,1,False,False,False,False,False,False,False,False,False,False,2.400000,2.090815,0.309185
2023-08-01,2023,catboost,0,4,False,False,False,False,False,False,False,False,False,False,2.300000,2.107520,0.192480
2023-08-13,2023,catboost,1,1,False,False,False,False,False,True,False,False,False,False,2.500000,2.627697,0.127697
2023-08-14,2023,catboost,0,0,False,False,False,False,False,False,False,False,False,False,2.500000,2.610049,0.110049
2023-08-15,2023,catboost,0,0,False,False,False,False,False,False,False,False,False,False,2.500000,2.513858,0.013858
2023-08-16,2023,catboost,0,0,False,False,False,False,False,False,False,False,False,False,2.400000,2.419650,0.019650
2023-08-17,2023,catboost,0,0,False,False,False,False,False,False,False,False,False,False,2.400000,2.386204,0.013796
2023-08-18,2023,catboost,0,0,False,False,False,False,False,False,False,False,False,False,2.400000,2.448291,0.048291
2023-08-19,2023,catboost,0,0,False,False,False,False,False,False,False,False,False,False,2.400000,2.387051,0.012949
2023-08-20,2023,catboost,0,0,False,False,False,False,False,False,False,False,False,False,2.300000,2.391319,0.091319
2023-08-21,2023,catboost,0,0,False,False,False,False,False,False,False,False,False,False,2.300000,2.370416,0.070416
2023-08-22,2023,catboost,0,0,False,False,False,False,False,False,False,False,False,False,2.300000,2.382953,0.082953
2023-08-23,2023,catboost,0,0,False,False,False,False,False,False,False,False,False,False,2.300000,2.378487,0.078487
2023-08-24,2023,catboost,0,0,False,False,False,False,False,False,False,False,False,False,2.300000,2.329681,0.029681
2023-08-25,2023,catboost,0,0,False,False,False,False,False,False,False,False,False,False,2.300000,2.308540,0.008540
2023-08-26,2023,catboost,0,0,False,False,False,False,False,False,False,False,False,False,2.300000,2.197157,0.102843
2023-08-27,2023,catboost,0,0,False,False,False,False,False,False,False,False,False,False,2.300000,2.186044,0.113956
2023-08-28,2023,catboost,0,0,False,False,False,False,False,False,False,False,False,False,2.300000,2.205441,0.094559
2023-08-29,2023,catboost,0,0,False,False,False,False,False,False,False,False,False,False,2.200000,2.189785,0.010215
2023-08-30,2023,catboost,0,1,False,False,False,False,False,False,False,False,False,False,2.200000,2.211277,0.011277
2023-08-31,2023,catboost,0,0,False,False,False,False,False,False,False,False,False,False,2.300000,2.221851,0.078149
2023-09-01,2023,catboost,0,0,False,False,False,False,False,False,False,False,False,False,2.300000,2.238606,0.061394
2023-09-02,2023,catboost,0,0,False,False,False,False,False,False,False,False,False,False,2.400000,2.165855,0.234145
2023-09-03,2023,catboost,0,0,False,False,False,False,False,False,False,False,False,False,2.200000,2.348005,0.148005
2023-09-04,2023,catboost,0,1,False,False,False,False,False,False,False,False,False,False,2.300000,2.499293,0.199293
2023-09-05,2023,catboost,0,1,False,False,False,False,False,False,False,False,False,False,2.400000,2.572405,0.172405
2023-09-06,2023,catboost,0,1,False,False,False,False,False,False,False,False,False,False,2.500000,2.513480,0.013480
2023-09-07,2023,catboost,0,1,False,False,False,False,False,False,False,False,False,False,2.400000,2.475455,0.075455
2023-09-08,2023,catboost,0,1,False,False,False,False,False,False,False,False,False,False,2.500000,2.409455,0.090545
2023-09-09,2023,catboost,0,0,False,False,False,False,False,False,False,False,False,False,2.400000,2.154545,0.245455
2023-09-10,2023,catboost,0,1,False,False,False,False,False,False,False,False,False,False,2.400000,2.189931,0.210069
2023-09-11,2023,catboost,0,0,False,False,False,False,False,False,False,False,False,False,2.400000,2.126235,0.273765
2023-09-12,2023,catboost,0,0,False,False,False,False,False,False,False,False,False,False,2.500000,2.074523,0.425477
2023-09-13,2023,catboost,0,0,False,False,False,False,False,False,False,False,False,False,2.400000,2.223523,0.176477
2023-09-14,2023,catboost,0,0,False,False,False,False,False,False,False,False,False,False,2.400000,2.225764,0.174236
2023-09-15,2023,catboost,0,0,False,False,False,False,False,False,False,False,False,False,2.400000,2.167778,0.232222
2023-09-16,2023,catboost,0,0,False,False,False,False,False,False,False,False,False,False,2.400000,2.145984,0.254016
2023-09-17,2023,catboost,0,0,False,False,False,False,False,False,False,False,False,False,2.400000,2.297927,0.102073
2023-09-18,2023,catboost,0,0,False,False,False,False,False,False,False,False,False,False,2.500000,2.375815,0.124185
2023-09-19,2023,catboost,0,0,False,False,False,False,False,False,False,False,False,False,2.500000,2.422764,0.077236
2023-09-20,2023,catboost,0,0,False,False,False,False,False,False,False,False,False,False,2.400000,2.198664,0.201336
2023-09-21,2023,catboost,1,1,False,False,False,False,False,True,False,False,False,False,2.500000,2.228471,0.271529
2023-10-04,2023,catboost,0,0,False,False,False,False,False,False,False,False,False,False,2.800000,2.281811,0.518189
2023-10-05,2023,catboost,0,0,False,False,False,False,False,False,False,False,False,False,2.900000,2.266360,0.633640
2023-10-06,2023,catboost,0,0,False,False,False,False,False,False,False,False,False,False,2.800000,2.267754,0.532246
2023-10-07,2023,catboost,0,0,False,False,False,False,False,False,False,False,False,False,2.800000,2.261811,0.538189
2023-10-08,2023,catboost,0,0,False,False,False,False,False,False,False,False,False,False,3.000000,2.264055,0.735945
2023-10-09,2023,catboost,0,0,False,False,False,False,False,False,False,False,False,False,3.000000,2.250501,0.749499
2023-10-10,2023,catboost,0,0,False,False,False,False,False,False,False,False,False,False,3.000000,2.248895,0.751105
2023-10-11,2023,catboost,0,0,False,False,False,False,False,False,False,False,False,False,3.000000,2.284747,0.715253
2023-10-12,2023,catboost,0,0,False,False,False,False,False,False,False,False,False,False,3.000000,2.248032,0.751968
2023-10-13,2023,catboost,0,0,False,False,False,False,False,False,False,False,False,False,3.000000,2.249245,0.750755
2023-10-17,2023,catboost,0,0,False,False,False,False,False,False,False,False,False,False,2.900000,2.391227,0.508773
2023-10-18,2023,catboost,0,0,False,False,False,False,False,False,False,False,False,False,2.800000,2.356448,0.443552
2023-10-19,2023,catboost,0,0,False,False,False,False,False,False,False,False,False,False,2.800000,2.336012,0.463988
2023-10-20,2023,catboost,0,0,False,False,False,False,False,False,False,False,False,False,2.700000,2.283004,0.416996
2023-10-21,2023,catboost,0,0,False,False,False,False,False,False,False,False,False,False,2.700000,2.344801,0.355199
2023-10-22,2023,catboost,0,0,False,False,False,False,False,False,False,False,False,False,2.600000,2.257994,0.342006
2023-10-23,2023,catboost,0,0,False,False,False,False,False,False,False,False,False,False,2.500000,2.224740,0.275260
2023-10-24,2023,catboost,0,0,False,False,False,False,False,False,False,False,False,False,2.500000,2.213466,0.286534
2023-10-25,2023,catboost,0,0,False,False,False,False,False,False,False,False,False,False,2.400000,2.284875,0.115125
2023-10-26,2023,catboost,0,0,False,False,False,False,False,False,False,False,False,False,2.500000,2.280668,0.219332
2023-10-27,2023,catboost,0,0,False,False,False,False,False,False,False,False,False,False,2.300000,2.262962,0.037038
2023-10-28,2023,catboost,0,0,False,False,False,False,False,False,False,False,False,False,2.400000,2.232685,0.167315
2023-10-29,2023,catboost,0,0,False,False,False,False,False,False,False,False,False,False,2.300000,2.244937,0.055063
2023-10-30,2023,catboost,0,0,False,False,False,False,False,False,False,False,False,False,2.400000,2.257175,0.142825
2023-10-31,2023,catboost,0,0,False,False,False,False,False,False,False,False,False,False,2.500000,2.195367,0.304633
2023-11-01,2023,catboost,1,1,False,True,False,False,False,False,False,False,False,False,2.500000,2.404533,0.095467
2023-11-02,2023,catboost,1,1,False,True,False,False,False,False,False,False,False,False,2.500000,2.429855,0.070145
2023-11-03,2023,catboost,1,1,False,True,False,False,False,False,False,False,False,False,2.500000,2.410170,0.089830
2023-11-04,2023,catboost,1,2,False,True,False,False,False,False,False,False,False,False,2.600000,2.433461,0.166539
2023-11-05,2023,catboost,1,2,False,True,False,False,False,False,False,False,False,False,2.500000,2.421358,0.078642
2023-11-06,2023,catboost,1,2,False,True,False,False,False,False,False,False,False,False,2.600000,2.428697,0.171303
2023-11-07,2023,catboost,1,2,False,True,False,False,False,False,False,False,False,False,2.600000,2.441721,0.158279
2023-11-13,2023,catboost,1,2,False,True,False,False,False,False,False,False,False,False,2.500000,2.430059,0.069941
2023-11-14,2023,catboost,1,2,False,True,False,False,False,False,False,False,False,False,2.500000,2.464061,0.035939
2023-11-15,2023,catboost,1,2,False,True,False,False,False,False,False,False,False,False,2.500000,2.378954,0.121046
2023-11-16,2023,catboost,1,2,False,True,False,False,False,False,False,False,False,False,2.500000,2.430950,0.069050
2023-11-17,2023,catboost,1,2,False,True,False,False,False,False,False,False,False,False,2.500000,2.446107,0.053893
2023-11-18,2023,catboost,1,2,False,True,False,False,False,False,False,False,False,False,2.400000,2.494653,0.094653
2023-11-19,2023,catboost,1,2,False,True,False,False,False,False,False,False,False,False,2.500000,2.515179,0.015179
2023-11-20,2023,catboost,1,2,False,True,False,False,False,False,False,False,False,False,2.500000,2.515179,0.015179
2023-11-21,2023,catboost,1,2,False,True,False,False,False,False,False,False,False,False,2.400000,2.510208,0.110208
2023-11-22,2023,catboost,1,2,False,True,False,False,False,False,False,False,False,False,2.400000,2.544538,0.144538
2023-11-23,2023,catboost,1,2,False,True,False,False,False,False,False,False,False,False,2.400000,2.483603,0.083603
2023-11-24,2023,catboost,1,2,False,True,False,False,False,False,False,False,False,False,2.400000,2.488168,0.088168
2023-11-25,2023,catboost,1,2,False,True,False,False,False,False,False,False,False,False,2.400000,2.428241,0.028241
2023-11-26,2023,catboost,1,2,False,True,False,False,False,False,False,False,False,False,2.500000,2.458017,0.041983
2023-11-27,2023,catboost,1,2,False,True,False,False,False,False,False,False,False,False,2.500000,2.421506,0.078494
2023-11-28,2023,catboost,1,2,False,True,False,False,False,False,False,False,False,False,2.600000,2.461444,0.138556
2023-11-29,2023,catboost,1,2,False,True,False,False,False,False,False,False,False,False,2.500000,2.437910,0.062090
2023-11-30,2023,catboost,1,2,False,True,False,False,False,False,False,False,False,False,2.600000,2.454716,0.145284
2023-12-01,2023,catboost,1,2,False,True,False,False,False,False,False,False,False,False,2.500000,2.442042,0.057958
2023-12-02,2023,catboost,1,2,False,True,False,False,False,False,False,False,False,False,2.600000,2.408731,0.191269
2024-04-05,2024,rf_grid,0,1,False,False,False,False,False,False,False,False,False,False,2.800000,2.294879,0.505121
2024-04-06,2024,rf_grid,1,1,False,False,False,False,False,False,True,False,False,False,2.800000,2.314243,0.485757
2024-04-07,2024,rf_grid,1,1,False,False,False,False,False,False,True,False,False,False,2.800000,2.355897,0.444103
2024-04-08,2024,rf_grid,1,1,False,False,False,False,False,False,True,False,False,False,2.800000,2.407107,0.392893
2024-04-09,2024,rf_grid,1,1,False,False,False,False,False,False,True,False,False,False,2.800000,2.412165,0.387835
2024-04-10,2024,rf_grid,1,1,False,False,False,False,False,False,True,False,False,False,2.900000,2.411440,0.488560
2024-04-11,2024,rf_grid,1,1,False,False,False,False,False,False,True,False,False,False,3.000000,2.417098,0.582902
2024-04-12,2024,rf_grid,1,1,False,False,False,False,False,False,True,False,False,False,3.000000,2.414520,0.585480
2024-04-13,2024,rf_grid,1,1,False,False,False,False,False,False,True,False,False,False,3.000000,2.414520,0.585480
2024-04-14,2024,rf_grid,1,1,False,False,False,False,False,False,True,False,False,False,3.000000,2.414520,0.585480
2024-04-15,2024,rf_grid,1,1,False,False,False,False,False,False,True,False,False,False,3.100000,2.407140,0.692860
2024-04-16,2024,rf_grid,1,1,False,False,False,False,False,False,True,False,False,False,3.100000,2.406020,0.693980
2024-04-17,2024,rf_grid,1,1,False,False,False,False,False,False,True,False,False,False,3.200000,2.406871,0.793129
2024-04-18,2024,rf_grid,1,3,False,False,False,False,False,False,True,False,False,False,3.100000,2.433536,0.666464
2024-04-19,2024,rf_grid,1,3,False,False,False,False,False,False,True,False,False,False,3.200000,2.460574,0.739426
2024-04-20,2024,rf_grid,1,4,False,False,False,False,False,False,True,False,False,False,3.300000,2.573173,0.726827
2024-04-21,2024,rf_grid,1,3,False,False,False,False,False,False,True,False,False,False,3.200000,2.581144,0.618856
2024-04-22,2024,rf_grid,1,2,False,False,False,False,False,False,True,False,False,False,3.200000,2.510304,0.689696
2024-04-23,2024,rf_grid,1,2,False,False,False,False,False,False,True,False,False,False,3.300000,2.438579,0.861421
2024-04-24,2024,rf_grid,1,1,False,False,False,False,False,False,True,False,False,False,3.200000,2.435169,0.764831
2024-04-25,2024,rf_grid,1,1,False,False,False,False,False,False,True,False,False,False,3.200000,2.486214,0.713786
2024-04-26,2024,rf_grid,1,1,False,False,False,False,False,False,True,False,False,False,3.200000,2.741918,0.458082
2024-04-27,2024,rf_grid,1,1,False,False,False,False,False,False,True,False,False,False,3.300000,2.965616,0.334384
2024-04-28,2024,rf_grid,1,1,False,False,False,False,False,False,True,False,False,False,3.200000,3.026541,0.173459
2024-04-29,2024,rf_grid,1,2,False,False,False,False,False,False,True,False,False,False,3.300000,3.080562,0.219438
2024-04-30,2024,rf_grid,1,1,False,False,False,False,False,False,True,False,False,False,3.400000,3.080817,0.319183
2024-05-01,2024,rf_grid,1,1,False,False,False,False,False,False,True,False,False,False,3.200000,3.065258,0.134742
2024-05-02,2024,rf_grid,1,1,False,False,False,False,False,False,True,False,False,False,3.400000,3.042560,0.357440
2024-05-03,2024,rf_grid,1,1,False,False,False,False,False,False,True,False,False,False,3.500000,3.079240,0.420760
2024-05-04,2024,rf_grid,1,2,False,False,False,False,False,False,True,False,False,False,3.500000,2.973475,0.526525
2024-05-05,2024,rf_grid,1,3,False,False,False,False,False,False,True,False,False,False,3.700000,2.802786,0.897214
2024-05-06,2024,rf_grid,1,4,False,False,False,False,False,False,True,False,False,False,3.700000,2.848720,0.851280
2024-05-07,2024,rf_grid,1,5,False,False,False,False,False,False,True,False,False,False,3.700000,2.870654,0.829346
2024-05-08,2024,rf_grid,1,6,False,False,False,False,False,False,True,False,False,False,3.700000,3.343594,0.356406
2024-05-09,2024,rf_grid,1,5,False,False,False,False,False,False,True,False,False,False,3.500000,3.157984,0.342016
2024-05-10,2024,rf_grid,1,3,False,False,False,False,False,False,True,False,False,False,3.500000,3.236783,0.263217
2024-05-11,2024,rf_grid,1,1,False,False,False,False,False,False,True,False,False,False,3.500000,2.604603,0.895397
2024-05-12,2024,rf_grid,1,1,False,False,False,False,False,False,True,False,False,False,3.600000,2.528305,1.071695
2024-05-13,2024,rf_grid,1,1,False,False,False,False,False,False,True,False,False,False,3.500000,2.511134,0.988866
2024-05-14,2024,rf_grid,1,5,False,False,False,False,False,False,True,False,False,False,3.500000,5.654223,2.154223
2024-05-15,2024,rf_grid,1,6,False,False,False,False,False,False,True,False,False,False,3.900000,5.698831,1.798831
2024-05-16,2024,rf_grid,1,6,False,False,False,False,False,False,True,False,False,False,4.800000,5.816405,1.016405
2024-05-17,2024,rf_grid,1,6,False,False,False,False,False,False,True,False,False,False,5.300000,5.830145,0.530145
2024-05-18,2024,rf_grid,1,6,False,False,False,False,False,False,True,False,False,False,6.400000,5.740402,0.659598
2024-05-19,2024,rf_grid,1,6,False,False,False,False,False,False,True,False,False,False,5.500000,5.718236,0.218236
2024-05-20,2024,rf_grid,1,6,False,False,False,False,False,False,True,False,False,False,5.600000,5.763303,0.163303
2024-05-21,2024,rf_grid,1,6,False,False,False,False,False,False,True,False,False,False,5.100000,5.848463,0.748463
2024-05-22,2024,rf_grid,1,6,False,False,False,False,False,False,True,False,False,False,5.200000,5.848463,0.648463
2024-05-23,2024,rf_grid,1,6,False,False,False,False,False,False,True,False,False,False,5.000000,5.825717,0.825717
2024-05-24,2024,rf_grid,1,6,False,False,False,False,False,False,True,False,False,False,4.900000,5.825717,0.925717
2024-05-25,2024,rf_grid,1,6,False,False,False,False,False,False,True,False,False,False,4.900000,5.825717,0.925717
2024-05-26,2024,rf_grid,1,6,False,False,False,False,False,False,True,False,False,False,4.800000,5.830145,1.030145
2024-05-27,2024,rf_grid,1,6,False,False,False,False,False,False,True,False,False,False,4.800000,5.830145,1.030145
2024-05-28,2024,rf_grid,0,6,False,False,False,False,False,False,False,False,False,False,4.600000,5.830145,1.230145
2024-05-29,2024,rf_grid,0,6,False,False,False,False,False,False,False,False,False,False,4.600000,5.830145,1.230145
2024-05-30,2024,rf_grid,0,6,False,False,False,False,False,False,False,False,False,False,4.500000,5.830145,1.330145
2024-05-31,2024,rf_grid,0,6,False,False,False,False,False,False,False,False,False,False,4.600000,5.830145,1.230145
2024-06-01,2024,rf_grid,0,6,False,False,False,False,False,False,False,False,False,False,4.500000,5.670837,1.170837
2024-06-02,2024,rf_grid,0,6,False,False,False,False,False,False,False,False,False,False,4.600000,5.670837,1.070837
2024-06-03,2024,rf_grid,0,6,False,False,False,False,False,False,False,False,False,False,4.500000,5.670837,1.170837
2024-06-04,2024,rf_grid,0,6,False,False,False,False,False,False,False,False,False,False,4.500000,5.670837,1.170837
2024-06-05,2024,rf_grid,0,6,False,False,False,False,False,False,False,False,False,False,4.500000,5.670837,1.170837
2024-06-06,2024,rf_grid,0,6,False,False,False,False,False,False,False,False,False,False,4.400000,5.670837,1.270837
2024-06-07,2024,rf_grid,0,6,False,False,False,False,False,False,False,False,False,False,4.400000,5.670837,1.270837
2024-07-31,2024,rf_grid,0,0,False,False,False,False,False,False,False,False,False,False,2.600000,2.476268,0.123732
2024-08-01,2024,rf_grid,0,0,False,False,False,False,False,False,False,False,False,False,2.600000,2.403429,0.196571
2024-08-02,2024,rf_grid,0,0,False,False,False,False,False,False,False,False,False,False,2.600000,2.534128,0.065872
2024-08-03,2024,rf_grid,0,0,False,False,False,False,False,False,False,False,False,False,2.600000,2.620871,0.020871
2024-08-04,2024,rf_grid,0,0,False,False,False,False,False,False,False,False,False,False,2.600000,2.554874,0.045126
2024-08-05,2024,rf_grid,0,0,False,False,False,False,False,False,False,False,False,False,3.000000,2.572902,0.427098
2024-08-06,2024,rf_grid,0,0,False,False,False,False,False,False,False,False,False,False,2.700000,2.547797,0.152203
2024-08-07,2024,rf_grid,0,0,False,False,False,False,False,False,False,False,False,False,2.700000,2.551898,0.148102
2024-08-08,2024,rf_grid,1,2,False,False,False,False,False,False,False,False,False,True,2.700000,2.821185,0.121185
2024-08-09,2024,rf_grid,0,0,False,False,False,False,False,False,False,False,False,False,2.800000,2.706507,0.093493
2024-08-10,2024,rf_grid,0,0,False,False,False,False,False,False,False,False,False,False,2.700000,3.413908,0.713908
2024-08-14,2024,rf_grid,0,0,False,False,False,False,False,False,False,False,False,False,2.800000,2.886349,0.086349
2024-08-15,2024,rf_grid,0,0,False,False,False,False,False,False,False,False,False,False,2.800000,2.854356,0.054356
2024-08-16,2024,rf_grid,0,1,False,False,False,False,False,False,False,False,False,False,2.800000,2.707108,0.092892
2024-08-28,2024,rf_grid,0,0,False,False,False,False,False,False,False,False,False,False,3.300000,2.535416,0.764584
2024-08-29,2024,rf_grid,0,0,False,False,False,False,False,False,False,False,False,False,3.300000,2.540823,0.759177
2024-08-30,2024,rf_grid,0,0,False,False,False,False,False,False,False,False,False,False,3.200000,2.522218,0.677782
2024-08-31,2024,rf_grid,0,0,False,False,False,False,False,False,False,False,False,False,3.200000,2.478386,0.721614
2024-09-01,2024,rf_grid,0,0,False,False,False,False,False,False,False,False,False,False,3.200000,2.450150,0.749850
2024-09-02,2024,rf_grid,0,0,False,False,False,False,False,False,False,False,False,False,3.100000,2.375990,0.724010
2024-09-10,2024,rf_grid,0,0,False,False,False,False,False,False,False,False,False,False,2.700000,2.374756,0.325244
2024-09-14,2024,rf_grid,0,0,False,False,False,False,False,False,False,False,False,False,2.700000,2.293167,0.406833
2024-09-15,2024,rf_grid,0,0,False,False,False,False,False,False,False,False,False,False,2.700000,2.297756,0.402244
2024-09-16,2024,rf_grid,0,0,False,False,False,False,False,False,False,False,False,False,2.700000,2.277585,0.422415
2024-09-17,2024,rf_grid,0,0,False,False,False,False,False,False,False,False,False,False,2.700000,2.266069,0.433931
2024-09-18,2024,rf_grid,0,0,False,False,False,False,False,False,False,False,False,False,2.700000,2.199435,0.500565
2024-09-19,2024,rf_grid,0,0,False,False,False,False,False,False,False,False,False,False,2.600000,2.197750,0.402250
2024-09-20,2024,rf_grid,0,1,False,False,False,False,False,False,False,False,False,False,2.600000,2.197996,0.402004
2024-09-21,2024,rf_grid,0,1,False,False,False,False,False,False,False,False,False,False,2.600000,2.190054,0.409946
2024-09-22,2024,rf_grid,0,1,False,False,False,False,False,False,False,False,False,False,2.600000,2.199476,0.400524
2024-09-23,2024,rf_grid,0,0,False,False,False,False,False,False,False,False,False,False,2.600000,2.195808,0.404192
2024-09-24,2024,rf_grid,0,0,False,False,False,False,False,False,False,False,False,False,2.500000,2.210930,0.289070
2024-09-25,2024,rf_grid,0,0,False,False,False,False,False,False,False,False,False,False,2.500000,2.208960,0.291040
2024-09-26,2024,rf_grid,0,1,False,False,False,False,False,False,False,False,False,False,2.500000,2.207385,0.292615
2024-10-02,2024,rf_grid,0,0,False,False,False,False,False,False,False,False,False,False,2.400000,2.528917,0.128917
2024-10-03,2024,rf_grid,0,0,False,False,False,False,False,False,False,False,False,False,2.400000,2.524018,0.124018
2024-10-04,2024,rf_grid,0,1,False,False,False,False,False,False,False,False,False,False,2.400000,2.527115,0.127115
2024-10-05,2024,rf_grid,0,4,False,False,False,False,False,False,False,False,False,False,2.400000,2.498048,0.098048
2024-10-06,2024,rf_grid,0,4,False,False,False,False,False,False,False,False,False,False,2.400000,2.559263,0.159263
2024-10-07,2024,rf_grid,0,4,False,False,False,False,False,False,False,False,False,False,2.400000,2.566296,0.166296
2024-10-08,2024,rf_grid,0,4,False,False,False,False,False,False,False,False,False,False,2.400000,2.584509,0.184509
2024-10-09,2024,rf_grid,0,4,False,False,False,False,False,False,False,False,False,False,2.500000,2.581051,0.081051
2024-10-10,2024,rf_grid,0,4,False,False,False,False,False,False,False,False,False,False,2.500000,2.581602,0.081602
2024-10-11,2024,rf_grid,0,4,False,False,False,False,False,False,False,False,False,False,2.500000,2.580614,0.080614
2024-10-12,2024,rf_grid,0,4,False,False,False,False,False,False,False,False,False,False,2.500000,2.578698,0.078698
2024-10-13,2024,rf_grid,0,4,False,False,False,False,False,False,False,False,False,False,2.500000,2.570376,0.070376
2024-10-14,2024,rf_grid,0,4,False,False,False,False,False,False,False,False,False,False,2.500000,2.570536,0.070536
2024-10-15,2024,rf_grid,0,4,False,False,False,False,False,False,False,False,False,False,2.500000,2.578858,0.078858
2024-10-16,2024,rf_grid,0,4,False,False,False,False,False,False,False,False,False,False,2.500000,2.559656,0.059656
2024-10-17,2024,rf_grid,0,4,False,False,False,False,False,False,False,False,False,False,2.400000,2.556783,0.156783
2024-10-18,2024,rf_grid,0,4,False,False,False,False,False,False,False,False,False,False,2.400000,2.556783,0.156783
2024-10-19,2024,rf_grid,0,4,False,False,False,False,False,False,False,False,False,False,2.400000,2.548561,0.148561
2024-10-20,2024,rf_grid,0,4,False,False,False,False,False,False,False,False,False,False,2.400000,2.552941,0.152941
2024-10-21,2024,rf_grid,0,4,False,False,False,False,False,False,False,False,False,False,2.400000,2.546217,0.146217
2024-10-22,2024,rf_grid,0,4,False,False,False,False,False,False,False,False,False,False,2.400000,2.584768,0.184768
2024-10-23,2024,rf_grid,0,4,False,False,False,False,False,False,False,False,False,False,2.400000,2.583940,0.183940
2024-10-24,2024,rf_grid,0,4,False,False,False,False,False,False,False,False,False,False,2.300000,2.583940,0.283940
2024-10-25,2024,rf_grid,0,3,False,False,False,False,False,False,False,False,False,False,2.300000,2.519031,0.219031
2024-10-26,2024,rf_grid,0,0,False,False,False,False,False,False,False,False,False,False,2.300000,2.522304,0.222304
2024-10-27,2024,rf_grid,0,1,False,False,False,False,False,False,False,False,False,False,2.300000,2.497435,0.197435
2024-10-28,2024,rf_grid,0,2,False,False,False,False,False,False,False,False,False,False,2.200000,2.495851,0.295851
2024-10-29,2024,rf_grid,0,2,False,False,False,False,False,False,False,False,False,False,2.200000,2.495851,0.295851
2024-04-05,2024,catboost,0,1,False,False,False,False,False,False,False,False,False,False,2.800000,2.318691,0.481309
2024-04-06,2024,catboost,1,1,False,False,False,False,False,False,True,False,False,False,2.800000,2.489725,0.310275
2024-04-07,2024,catboost,1,1,False,False,False,False,False,False,True,False,False,False,2.800000,2.511479,0.288521
2024-04-08,2024,catboost,1,1,False,False,False,False,False,False,True,False,False,False,2.800000,2.490702,0.309298
2024-04-09,2024,catboost,1,1,False,False,False,False,False,False,True,False,False,False,2.800000,2.541772,0.258228
2024-04-10,2024,catboost,1,1,False,False,False,False,False,False,True,False,False,False,2.900000,2.439883,0.460117
2024-04-11,2024,catboost,1,1,False,False,False,False,False,False,True,False,False,False,3.000000,2.553808,0.446192
2024-04-12,2024,catboost,1,1,False,False,False,False,False,False,True,False,False,False,3.000000,2.674938,0.325062
2024-04-13,2024,catboost,1,1,False,False,False,False,False,False,True,False,False,False,3.000000,2.599186,0.400814
2024-04-14,2024,catboost,1,1,False,False,False,False,False,False,True,False,False,False,3.000000,2.533213,0.466787
2024-04-15,2024,catboost,1,1,False,False,False,False,False,False,True,False,False,False,3.100000,2.610573,0.489427
2024-04-16,2024,catboost,1,1,False,False,False,False,False,False,True,False,False,False,3.100000,2.648390,0.451610
2024-04-17,2024,catboost,1,1,False,False,False,False,False,False,True,False,False,False,3.200000,2.696451,0.503549
2024-04-18,2024,catboost,1,3,False,False,False,False,False,False,True,False,False,False,3.100000,2.867371,0.232629
2024-04-19,2024,catboost,1,3,False,False,False,False,False,False,True,False,False,False,3.200000,3.044194,0.155806
2024-04-20,2024,catboost,1,4,False,False,False,False,False,False,True,False,False,False,3.300000,3.176138,0.123862
2024-04-21,2024,catboost,1,3,False,False,False,False,False,False,True,False,False,False,3.200000,3.127228,0.072772
2024-04-22,2024,catboost,1,2,False,False,False,False,False,False,True,False,False,False,3.200000,3.147527,0.052473
2024-04-23,2024,catboost,1,2,False,False,False,False,False,False,True,False,False,False,3.300000,3.036754,0.263246
2024-04-24,2024,catboost,1,1,False,False,False,False,False,False,True,False,False,False,3.200000,2.841587,0.358413
2024-04-25,2024,catboost,1,1,False,False,False,False,False,False,True,False,False,False,3.200000,2.913903,0.286097
2024-04-26,2024,catboost,1,1,False,False,False,False,False,False,True,False,False,False,3.200000,2.763068,0.436932
2024-04-27,2024,catboost,1,1,False,False,False,False,False,False,True,False,False,False,3.300000,2.798482,0.501518
2024-04-28,2024,catboost,1,1,False,False,False,False,False,False,True,False,False,False,3.200000,2.889393,0.310607
2024-04-29,2024,catboost,1,2,False,False,False,False,False,False,True,False,False,False,3.300000,3.020030,0.279970
2024-04-30,2024,catboost,1,1,False,False,False,False,False,False,True,False,False,False,3.400000,3.082581,0.317419
2024-05-01,2024,catboost,1,1,False,False,False,False,False,False,True,False,False,False,3.200000,3.180975,0.019025
2024-05-02,2024,catboost,1,1,False,False,False,False,False,False,True,False,False,False,3.400000,2.961326,0.438674
2024-05-03,2024,catboost,1,1,False,False,False,False,False,False,True,False,False,False,3.500000,3.034574,0.465426
2024-05-04,2024,catboost,1,2,False,False,False,False,False,False,True,False,False,False,3.500000,3.196958,0.303042
2024-05-05,2024,catboost,1,3,False,False,False,False,False,False,True,False,False,False,3.700000,3.081429,0.618571
2024-05-06,2024,catboost,1,4,False,False,False,False,False,False,True,False,False,False,3.700000,3.074837,0.625163
2024-05-07,2024,catboost,1,5,False,False,False,False,False,False,True,False,False,False,3.700000,3.443615,0.256385
2024-05-08,2024,catboost,1,6,False,False,False,False,False,False,True,False,False,False,3.700000,4.248894,0.548894
2024-05-09,2024,catboost,1,5,False,False,False,False,False,False,True,False,False,False,3.500000,3.950899,0.450899
2024-05-10,2024,catboost,1,3,False,False,False,False,False,False,True,False,False,False,3.500000,3.778143,0.278143
2024-05-11,2024,catboost,1,1,False,False,False,False,False,False,True,False,False,False,3.500000,3.044130,0.455870
2024-05-12,2024,catboost,1,1,False,False,False,False,False,False,True,False,False,False,3.600000,3.000407,0.599593
2024-05-13,2024,catboost,1,1,False,False,False,False,False,False,True,False,False,False,3.500000,2.913669,0.586331
2024-05-14,2024,catboost,1,5,False,False,False,False,False,False,True,False,False,False,3.500000,5.042696,1.542696
2024-05-15,2024,catboost,1,6,False,False,False,False,False,False,True,False,False,False,3.900000,5.502655,1.602655
2024-05-16,2024,catboost,1,6,False,False,False,False,False,False,True,False,False,False,4.800000,5.814359,1.014359
2024-05-17,2024,catboost,1,6,False,False,False,False,False,False,True,False,False,False,5.300000,5.818956,0.518956
2024-05-18,2024,catboost,1,6,False,False,False,False,False,False,True,False,False,False,6.400000,5.770795,0.629205
2024-05-19,2024,catboost,1,6,False,False,False,False,False,False,True,False,False,False,5.500000,6.122028,0.622028
2024-05-20,2024,catboost,1,6,False,False,False,False,False,False,True,False,False,False,5.600000,6.106130,0.506130
2024-05-21,2024,catboost,1,6,False,False,False,False,False,False,True,False,False,False,5.100000,6.108796,1.008796
2024-05-22,2024,catboost,1,6,False,False,False,False,False,False,True,False,False,False,5.200000,6.127563,0.927563
2024-05-23,2024,catboost,1,6,False,False,False,False,False,False,True,False,False,False,5.000000,6.070464,1.070464
2024-05-24,2024,catboost,1,6,False,False,False,False,False,False,True,False,False,False,4.900000,6.070464,1.170464
2024-05-25,2024,catboost,1,6,False,False,False,False,False,False,True,False,False,False,4.900000,6.064332,1.164332
2024-05-26,2024,catboost,1,6,False,False,False,False,False,False,True,False,False,False,4.800000,5.658272,0.858272
2024-05-27,2024,catboost,1,6,False,False,False,False,False,False,True,False,False,False,4.800000,5.660577,0.860577
2024-05-28,2024,catboost,0,6,False,False,False,False,False,False,False,False,False,False,4.600000,5.781170,1.181170
2024-05-29,2024,catboost,0,6,False,False,False,False,False,False,False,False,False,False,4.600000,5.974886,1.374886
2024-05-30,2024,catboost,0,6,False,False,False,False,False,False,False,False,False,False,4.500000,6.094330,1.594330
2024-05-31,2024,catboost,0,6,False,False,False,False,False,False,False,False,False,False,4.600000,6.164053,1.564053
2024-06-01,2024,catboost,0,6,False,False,False,False,False,False,False,False,False,False,4.500000,5.244300,0.744300
2024-06-02,2024,catboost,0,6,False,False,False,False,False,False,False,False,False,False,4.600000,5.291056,0.691056
2024-06-03,2024,catboost,0,6,False,False,False,False,False,False,False,False,False,False,4.500000,5.245130,0.745130
2024-06-04,2024,catboost,0,6,False,False,False,False,False,False,False,False,False,False,4.500000,5.246904,0.746904
2024-06-05,2024,catboost,0,6,False,False,False,False,False,False,False,False,False,False,4.500000,5.244611,0.744611
2024-06-06,2024,catboost,0,6,False,False,False,False,False,False,False,False,False,False,4.400000,5.238643,0.838643
2024-06-07,2024,catboost,0,6,False,False,False,False,False,False,False,False,False,False,4.400000,5.172728,0.772728
2024-07-31,2024,catboost,0,0,False,False,False,False,False,False,False,False,False,False,2.600000,2.764753,0.164753
2024-08-01,2024,catboost,0,0,False,False,False,False,False,False,False,False,False,False,2.600000,2.502079,0.097921
2024-08-02,2024,catboost,0,0,False,False,False,False,False,False,False,False,False,False,2.600000,2.666791,0.066791
2024-08-03,2024,catboost,0,0,False,False,False,False,False,False,False,False,False,False,2.600000,2.810549,0.210549
2024-08-04,2024,catboost,0,0,False,False,False,False,False,False,False,False,False,False,2.600000,2.737623,0.137623
2024-08-05,2024,catboost,0,0,False,False,False,False,False,False,False,False,False,False,3.000000,2.741158,0.258842
2024-08-06,2024,catboost,0,0,False,False,False,False,False,False,False,False,False,False,2.700000,2.799608,0.099608
2024-08-07,2024,catboost,0,0,False,False,False,False,False,False,False,False,False,False,2.700000,2.638668,0.061332
2024-08-08,2024,catboost,1,2,False,False,False,False,False,False,False,False,False,True,2.700000,2.768912,0.068912
2024-08-09,2024,catboost,0,0,False,False,False,False,False,False,False,False,False,False,2.800000,2.935421,0.135421
2024-08-10,2024,catboost,0,0,False,False,False,False,False,False,False,False,False,False,2.700000,2.870257,0.170257
2024-08-14,2024,catboost,0,0,False,False,False,False,False,False,False,False,False,False,2.800000,2.894523,0.094523
2024-08-15,2024,catboost,0,0,False,False,False,False,False,False,False,False,False,False,2.800000,2.901064,0.101064
2024-08-16,2024,catboost,0,1,False,False,False,False,False,False,False,False,False,False,2.800000,2.937727,0.137727
2024-08-28,2024,catboost,0,0,False,False,False,False,False,False,False,False,False,False,3.300000,2.655647,0.644353
2024-08-29,2024,catboost,0,0,False,False,False,False,False,False,False,False,False,False,3.300000,2.735877,0.564123
2024-08-30,2024,catboost,0,0,False,False,False,False,False,False,False,False,False,False,3.200000,2.825277,0.374723
2024-08-31,2024,catboost,0,0,False,False,False,False,False,False,False,False,False,False,3.200000,2.635219,0.564781
2024-09-01,2024,catboost,0,0,False,False,False,False,False,False,False,False,False,False,3.200000,2.522162,0.677838
2024-09-02,2024,catboost,0,0,False,False,False,False,False,False,False,False,False,False,3.100000,2.497235,0.602765
2024-09-10,2024,catboost,0,0,False,False,False,False,False,False,False,False,False,False,2.700000,2.420436,0.279564
2024-09-14,2024,catboost,0,0,False,False,False,False,False,False,False,False,False,False,2.700000,2.225905,0.474095
2024-09-15,2024,catboost,0,0,False,False,False,False,False,False,False,False,False,False,2.700000,2.377998,0.322002
2024-09-16,2024,catboost,0,0,False,False,False,False,False,False,False,False,False,False,2.700000,2.229359,0.470641
2024-09-17,2024,catboost,0,0,False,False,False,False,False,False,False,False,False,False,2.700000,2.222678,0.477322
2024-09-18,2024,catboost,0,0,False,False,False,False,False,False,False,False,False,False,2.700000,2.171419,0.528581
2024-09-19,2024,catboost,0,0,False,False,False,False,False,False,False,False,False,False,2.600000,2.196893,0.403107
2024-09-20,2024,catboost,0,1,False,False,False,False,False,False,False,False,False,False,2.600000,2.208580,0.391420
2024-09-21,2024,catboost,0,1,False,False,False,False,False,False,False,False,False,False,2.600000,2.212729,0.387271
2024-09-22,2024,catboost,0,1,False,False,False,False,False,False,False,False,False,False,2.600000,2.208943,0.391057
2024-09-23,2024,catboost,0,0,False,False,False,False,False,False,False,False,False,False,2.600000,2.214177,0.385823
2024-09-24,2024,catboost,0,0,False,False,False,False,False,False,False,False,False,False,2.500000,2.221150,0.278850
2024-09-25,2024,catboost,0,0,False,False,False,False,False,False,False,False,False,False,2.500000,2.213333,0.286667
2024-09-26,2024,catboost,0,1,False,False,False,False,False,False,False,False,False,False,2.500000,2.218793,0.281207
2024-10-02,2024,catboost,0,0,False,False,False,False,False,False,False,False,False,False,2.400000,2.391398,0.008602
2024-10-03,2024,catboost,0,0,False,False,False,False,False,False,False,False,False,False,2.400000,2.378387,0.021613
2024-10-04,2024,catboost,0,1,False,False,False,False,False,False,False,False,False,False,2.400000,2.425203,0.025203
2024-10-05,2024,catboost,0,4,False,False,False,False,False,False,False,False,False,False,2.400000,2.428893,0.028893
2024-10-06,2024,catboost,0,4,False,False,False,False,False,False,False,False,False,False,2.400000,2.505654,0.105654
2024-10-07,2024,catboost,0,4,False,False,False,False,False,False,False,False,False,False,2.400000,2.510825,0.110825
2024-10-08,2024,catboost,0,4,False,False,False,False,False,False,False,False,False,False,2.400000,2.513457,0.113457
2024-10-09,2024,catboost,0,4,False,False,False,False,False,False,False,False,False,False,2.500000,2.557983,0.057983
2024-10-10,2024,catboost,0,4,False,False,False,False,False,False,False,False,False,False,2.500000,2.564397,0.064397
2024-10-11,2024,catboost,0,4,False,False,False,False,False,False,False,False,False,False,2.500000,2.567916,0.067916
2024-10-12,2024,catboost,0,4,False,False,False,False,False,False,False,False,False,False,2.500000,2.554042,0.054042
2024-10-13,2024,catboost,0,4,False,False,False,False,False,False,False,False,False,False,2.500000,2.537671,0.037671
2024-10-14,2024,catboost,0,4,False,False,False,False,False,False,False,False,False,False,2.500000,2.538942,0.038942
2024-10-15,2024,catboost,0,4,False,False,False,False,False,False,False,False,False,False,2.500000,2.541574,0.041574
2024-10-16,2024,catboost,0,4,False,False,False,False,False,False,False,False,False,False,2.500000,2.539558,0.039558
2024-10-17,2024,catboost,0,4,False,False,False,False,False,False,False,False,False,False,2.400000,2.535420,0.135420
2024-10-18,2024,catboost,0,4,False,False,False,False,False,False,False,False,False,False,2.400000,2.535420,0.135420
2024-10-19,2024,catboost,0,4,False,False,False,False,False,False,False,False,False,False,2.400000,2.445869,0.045869
2024-10-20,2024,catboost,0,4,False,False,False,False,False,False,False,False,False,False,2.400000,2.415707,0.015707
2024-10-21,2024,catboost,0,4,False,False,False,False,False,False,False,False,False,False,2.400000,2.411014,0.011014
2024-10-22,2024,catboost,0,4,False,False,False,False,False,False,False,False,False,False,2.400000,2.481278,0.081278
2024-10-23,2024,catboost,0,4,False,False,False,False,False,False,False,False,False,False,2.400000,2.490127,0.090127
2024-10-24,2024,catboost,0,4,False,False,False,False,False,False,False,False,False,False,2.300000,2.490199,0.190199
2024-10-25,2024,catboost,0,3,False,False,False,False,False,False,False,False,False,False,2.300000,2.398798,0.098798
2024-10-26,2024,catboost,0,0,False,False,False,False,False,False,False,False,False,False,2.300000,2.399982,0.099982
2024-10-27,2024,catboost,0,1,False,False,False,False,False,False,False,False,False,False,2.300000,2.321961,0.021961
2024-10-28,2024,catboost,0,2,False,False,False,False,False,False,False,False,False,False,2.200000,2.330573,0.130573
2024-10-29,2024,catboost,0,2,False,False,False,False,False,False,False,False,False,False,2.200000,2.322716,0.122716
2025-04-13,2025,rf_grid,0,2,False,False,False,False,False,False,False,False,False,False,2.600000,2.482231,0.117769
2025-04-14,2025,rf_grid,0,2,False,False,False,False,False,False,False,False,False,False,2.600000,2.482231,0.117769
2025-04-15,2025,rf_grid,0,2,False,False,False,False,False,False,False,False,False,False,2.700000,2.480576,0.219424
2025-04-16,2025,rf_grid,0,1,False,False,False,False,False,False,False,False,False,False,2.700000,2.480576,0.219424
2025-04-17,2025,rf_grid,0,1,False,False,False,False,False,False,False,False,False,False,2.700000,2.475807,0.224193
2025-04-18,2025,rf_grid,0,1,False,False,False,False,False,False,False,False,False,False,2.700000,2.474733,0.225267
2025-04-19,2025,rf_grid,0,2,False,False,False,False,False,False,False,False,False,False,2.700000,2.473078,0.226922
2025-04-20,2025,rf_grid,0,2,False,False,False,False,False,False,False,False,False,False,2.700000,2.473078,0.226922
2025-04-21,2025,rf_grid,0,3,False,False,False,False,False,False,False,False,False,False,2.700000,2.473078,0.226922
2025-04-22,2025,rf_grid,0,5,False,False,False,False,False,False,False,False,False,False,2.800000,2.473078,0.326922
2025-04-23,2025,rf_grid,0,5,False,False,False,False,False,False,False,False,False,False,2.700000,2.476847,0.223153
2025-04-24,2025,rf_grid,0,5,False,False,False,False,False,False,False,False,False,False,2.700000,2.475616,0.224384
2025-04-25,2025,rf_grid,0,5,False,False,False,False,False,False,False,False,False,False,2.700000,2.484345,0.215655
2025-04-26,2025,rf_grid,0,4,False,False,False,False,False,False,False,False,False,False,2.700000,2.484345,0.215655
2025-04-27,2025,rf_grid,0,4,False,False,False,False,False,False,False,False,False,False,2.800000,2.503927,0.296073
2025-04-28,2025,rf_grid,0,1,False,False,False,False,False,False,False,False,False,False,2.800000,2.487541,0.312459
2025-04-29,2025,rf_grid,0,1,False,False,False,False,False,False,False,False,False,False,2.800000,2.482231,0.317769
2025-04-30,2025,rf_grid,0,1,False,False,False,False,False,False,False,False,False,False,2.800000,2.486044,0.313956
2025-05-01,2025,rf_grid,0,1,False,False,False,False,False,False,False,False,False,False,2.900000,2.475402,0.424598
2025-05-02,2025,rf_grid,0,1,False,False,False,False,False,False,False,False,False,False,2.800000,2.466248,0.333752
2025-05-03,2025,rf_grid,0,2,False,False,False,False,False,False,False,False,False,False,2.800000,2.472185,0.327815
2025-05-04,2025,rf_grid,0,0,False,False,False,False,False,False,False,False,False,False,2.800000,2.473840,0.326160
2025-05-05,2025,rf_grid,0,1,False,False,False,False,False,False,False,False,False,False,2.800000,2.473840,0.326160
2025-05-06,2025,rf_grid,0,1,False,False,False,False,False,False,False,False,False,False,2.800000,2.473840,0.326160
2025-05-07,2025,rf_grid,0,0,False,False,False,False,False,False,False,False,False,False,2.700000,2.472609,0.227391
2025-05-08,2025,rf_grid,0,0,False,False,False,False,False,False,False,False,False,False,2.700000,2.491472,0.208528
2025-05-09,2025,rf_grid,0,0,False,False,False,False,False,False,False,False,False,False,2.700000,2.490096,0.209904
2025-05-10,2025,rf_grid,0,0,False,False,False,False,False,False,False,False,False,False,2.700000,2.479217,0.220783
2025-05-11,2025,rf_grid,0,0,False,False,False,False,False,False,False,False,False,False,2.700000,2.479217,0.220783
2025-05-12,2025,rf_grid,0,0,False,False,False,False,False,False,False,False,False,False,2.700000,2.478117,0.221883
2025-05-13,2025,rf_grid,0,1,False,False,False,False,False,False,False,False,False,False,2.800000,2.609892,0.190108
2025-05-14,2025,rf_grid,0,1,False,False,False,False,False,False,False,False,False,False,2.900000,2.771880,0.128120
2025-05-15,2025,rf_grid,0,1,False,False,False,False,False,False,False,False,False,False,3.000000,3.166277,0.166277
2025-05-16,2025,rf_grid,0,1,False,False,False,False,False,False,False,False,False,False,3.100000,3.130438,0.030438
2025-05-17,2025,rf_grid,0,1,False,False,False,False,False,False,False,False,False,False,3.100000,3.193357,0.093357
2025-05-18,2025,rf_grid,0,1,False,False,False,False,False,False,False,False,False,False,3.000000,2.908650,0.091350
2025-05-19,2025,rf_grid,0,1,False,False,False,False,False,False,False,False,False,False,2.900000,3.364199,0.464199
2025-05-20,2025,rf_grid,0,0,False,False,False,False,False,False,False,False,False,False,2.800000,3.335280,0.535280
2025-05-21,2025,rf_grid,0,0,False,False,False,False,False,False,False,False,False,False,2.600000,3.218035,0.618035
2025-05-22,2025,rf_grid,0,0,False,False,False,False,False,False,False,False,False,False,2.600000,2.817933,0.217933
2025-05-23,2025,rf_grid,0,0,False,False,False,False,False,False,False,False,False,False,2.500000,2.750370,0.250370
2025-05-24,2025,rf_grid,0,0,False,False,False,False,False,False,False,False,False,False,2.500000,3.144915,0.644915
2025-05-25,2025,rf_grid,0,0,False,False,False,False,False,False,False,False,False,False,2.300000,3.042463,0.742463
2025-05-26,2025,rf_grid,0,0,False,False,False,False,False,False,False,False,False,False,2.400000,2.970624,0.570624
2025-05-27,2025,rf_grid,0,0,False,False,False,False,False,False,False,False,False,False,2.400000,2.714548,0.314548
2025-05-28,2025,rf_grid,0,0,False,False,False,False,False,False,False,False,False,False,2.400000,2.850848,0.450848
2025-05-29,2025,rf_grid,0,0,False,False,False,False,False,False,False,False,False,False,2.400000,2.808650,0.408650
2025-05-30,2025,rf_grid,0,0,False,False,False,False,False,False,False,False,False,False,2.500000,2.653317,0.153317
2025-05-31,2025,rf_grid,0,0,False,False,False,False,False,False,False,False,False,False,2.600000,2.579544,0.020456
2025-06-01,2025,rf_grid,0,0,False,False,False,False,False,False,False,False,False,False,2.600000,2.655547,0.055547
2025-06-02,2025,rf_grid,0,0,False,False,False,False,False,False,False,False,False,False,2.600000,2.763618,0.163618
2025-06-03,2025,rf_grid,0,0,False,False,False,False,False,False,False,False,False,False,2.600000,3.106291,0.506291
2025-06-04,2025,rf_grid,0,0,False,False,False,False,False,False,False,False,False,False,2.600000,3.273168,0.673168
2025-06-05,2025,rf_grid,0,0,False,False,False,False,False,False,False,False,False,False,2.700000,3.602535,0.902535
2025-06-06,2025,rf_grid,0,0,False,False,False,False,False,False,False,False,False,False,2.800000,3.614026,0.814026
2025-06-07,2025,rf_grid,0,0,False,False,False,False,False,False,False,False,False,False,3.000000,3.485202,0.485202
2025-06-08,2025,rf_grid,0,0,False,False,False,False,False,False,False,False,False,False,3.000000,3.363059,0.363059
2025-06-09,2025,rf_grid,0,0,False,False,False,False,False,False,False,False,False,False,3.000000,3.451339,0.451339
2025-06-10,2025,rf_grid,0,0,False,False,False,False,False,False,False,False,False,False,3.000000,3.339877,0.339877
2025-06-11,2025,rf_grid,0,1,False,False,False,False,False,False,False,False,False,False,3.100000,3.333773,0.233773
2025-06-12,2025,rf_grid,0,1,False,False,False,False,False,False,False,False,False,False,3.000000,3.444940,0.444940
2025-06-13,2025,rf_grid,0,0,False,False,False,False,False,False,False,False,False,False,2.900000,3.464628,0.564628
2025-06-14,2025,rf_grid,0,0,False,False,False,False,False,False,False,False,False,False,2.900000,3.468385,0.568385
2025-06-15,2025,rf_grid,0,0,False,False,False,False,False,False,False,False,False,False,2.800000,3.442808,0.642808
2025-06-16,2025,rf_grid,0,0,False,False,False,False,False,False,False,False,False,False,2.700000,3.383492,0.683492
2025-06-17,2025,rf_grid,0,0,False,False,False,False,False,False,False,False,False,False,2.700000,3.218036,0.518036
2025-06-18,2025,rf_grid,0,0,False,False,False,False,False,False,False,False,False,False,2.500000,2.933054,0.433054
2025-06-19,2025,rf_grid,0,0,False,False,False,False,False,False,False,False,False,False,2.500000,2.814258,0.314258
2025-06-20,2025,rf_grid,0,0,False,False,False,False,False,False,False,False,False,False,2.700000,2.784995,0.084995
2025-06-21,2025,rf_grid,0,0,False,False,False,False,False,False,False,False,False,False,2.400000,2.754740,0.354740
2025-06-22,2025,rf_grid,0,0,False,False,False,False,False,False,False,False,False,False,2.400000,2.795596,0.395596
2025-06-23,2025,rf_grid,0,0,False,False,False,False,False,False,False,False,False,False,2.400000,2.752234,0.352234
2025-06-24,2025,rf_grid,0,0,False,False,False,False,False,False,False,False,False,False,2.400000,2.526754,0.126754
2025-06-25,2025,rf_grid,0,0,False,False,False,False,False,False,False,False,False,False,2.300000,2.490482,0.190482
2025-06-26,2025,rf_grid,0,0,False,False,False,False,False,False,False,False,False,False,2.300000,2.490482,0.190482
2025-06-27,2025,rf_grid,0,0,False,False,False,False,False,False,False,False,False,False,2.200000,2.490482,0.290482
2025-06-28,2025,rf_grid,0,0,False,False,False,False,False,False,False,False,False,False,2.200000,2.490482,0.290482
2025-06-29,2025,rf_grid,0,0,False,False,False,False,False,False,False,False,False,False,2.100000,2.480070,0.380070
2025-06-30,2025,rf_grid,0,0,False,False,False,False,False,False,False,False,False,False,2.100000,2.481301,0.381301
2025-07-01,2025,rf_grid,0,0,False,False,False,False,False,False,False,False,False,False,2.100000,2.475035,0.375035
2025-07-02,2025,rf_grid,0,0,False,False,False,False,False,False,False,False,False,False,2.000000,2.475035,0.475035
2025-07-03,2025,rf_grid,0,0,False,False,False,False,False,False,False,False,False,False,2.000000,2.475412,0.475412
2025-07-04,2025,rf_grid,0,0,False,False,False,False,False,False,False,False,False,False,2.100000,2.476093,0.376093
2025-07-05,2025,rf_grid,0,0,False,False,False,False,False,False,False,False,False,False,2.100000,2.472800,0.372800
2025-07-06,2025,rf_grid,0,0,False,False,False,False,False,False,False,False,False,False,2.000000,2.472800,0.472800
2025-07-07,2025,rf_grid,0,0,False,False,False,False,False,False,False,False,False,False,2.000000,2.475035,0.475035
2025-07-08,2025,rf_grid,0,0,False,False,False,False,False,False,False,False,False,False,2.000000,2.475035,0.475035
2025-07-09,2025,rf_grid,0,0,False,False,False,False,False,False,False,False,False,False,2.000000,2.475035,0.475035
2025-07-10,2025,rf_grid,0,0,False,False,False,False,False,False,False,False,False,False,2.000000,2.472500,0.472500
2025-07-11,2025,rf_grid,0,0,False,False,False,False,False,False,False,False,False,False,2.000000,2.482436,0.482436
2025-07-12,2025,rf_grid,0,0,False,False,False,False,False,False,False,False,False,False,2.100000,2.482060,0.382060
2025-07-13,2025,rf_grid,0,0,False,False,False,False,False,False,False,False,False,False,2.200000,2.484131,0.284131
2025-07-14,2025,rf_grid,0,0,False,False,False,False,False,False,False,False,False,False,2.100000,2.484131,0.384131
2025-07-15,2025,rf_grid,0,0,False,False,False,False,False,False,False,False,False,False,2.100000,2.482060,0.382060
2025-07-16,2025,rf_grid,0,0,False,False,False,False,False,False,False,False,False,False,2.000000,2.480318,0.480318
2025-07-17,2025,rf_grid,0,0,False,False,False,False,False,False,False,False,False,False,2.200000,2.480318,0.280318
2025-07-18,2025,rf_grid,0,0,False,False,False,False,False,False,False,False,False,False,2.200000,2.469527,0.269527
2025-07-19,2025,rf_grid,0,0,False,False,False,False,False,False,False,False,False,False,2.200000,2.475473,0.275473
2025-07-20,2025,rf_grid,0,0,False,False,False,False,False,False,False,False,False,False,2.100000,2.467871,0.367871
2025-07-21,2025,rf_grid,0,0,False,False,False,False,False,False,False,False,False,False,2.100000,2.467871,0.367871
2025-07-22,2025,rf_grid,0,0,False,False,False,False,False,False,False,False,False,False,2.100000,2.467871,0.367871
2025-07-23,2025,rf_grid,0,0,False,False,False,False,False,False,False,False,False,False,2.100000,2.467871,0.367871
2025-07-28,2025,rf_grid,0,0,False,False,False,False,False,False,False,False,False,False,2.200000,2.469527,0.269527
2025-07-29,2025,rf_grid,0,0,False,False,False,False,False,False,False,False,False,False,2.400000,2.473090,0.073090
2025-07-30,2025,rf_grid,0,0,False,False,False,False,False,False,False,False,False,False,2.400000,2.473090,0.073090
2025-07-31,2025,rf_grid,0,0,False,False,False,False,False,False,False,False,False,False,2.200000,2.469527,0.269527
2025-08-01,2025,rf_grid,0,0,False,False,False,False,False,False,False,False,False,False,2.200000,2.474119,0.274119
2025-08-02,2025,rf_grid,0,0,False,False,False,False,False,False,False,False,False,False,2.400000,2.494886,0.094886
2025-08-03,2025,rf_grid,0,0,False,False,False,False,False,False,False,False,False,False,2.300000,2.468173,0.168173
2025-08-04,2025,rf_grid,0,0,False,False,False,False,False,False,False,False,False,False,2.200000,2.468173,0.268173
2025-08-05,2025,rf_grid,0,0,False,False,False,False,False,False,False,False,False,False,2.300000,2.466517,0.166517
2025-08-06,2025,rf_grid,0,0,False,False,False,False,False,False,False,False,False,False,2.400000,2.466517,0.066517
2025-08-07,2025,rf_grid,0,0,False,False,False,False,False,False,False,False,False,False,2.200000,2.468173,0.268173
2025-08-08,2025,rf_grid,0,0,False,False,False,False,False,False,False,False,False,False,2.300000,2.468173,0.168173
2025-08-09,2025,rf_grid,0,0,False,False,False,False,False,False,False,False,False,False,2.400000,2.468173,0.068173
2025-08-10,2025,rf_grid,0,0,False,False,False,False,False,False,False,False,False,False,2.400000,2.468173,0.068173
2025-08-11,2025,rf_grid,0,0,False,False,False,False,False,False,False,False,False,False,2.400000,2.468173,0.068173
2025-08-12,2025,rf_grid,0,0,False,False,False,False,False,False,False,False,False,False,2.300000,2.468173,0.168173
2025-08-13,2025,rf_grid,0,0,False,False,False,False,False,False,False,False,False,False,2.300000,2.468173,0.168173
2025-08-14,2025,rf_grid,0,0,False,False,False,False,False,False,False,False,False,False,2.300000,2.466517,0.166517
2025-08-15,2025,rf_grid,0,0,False,False,False,False,False,False,False,False,False,False,2.300000,2.466517,0.166517
2025-08-16,2025,rf_grid,0,0,False,False,False,False,False,False,False,False,False,False,2.200000,2.467749,0.267749
2025-08-17,2025,rf_grid,0,2,False,False,False,False,False,False,False,False,False,False,2.200000,2.467749,0.267749
2025-08-18,2025,rf_grid,0,1,False,False,False,False,False,False,False,False,False,False,2.200000,2.467749,0.267749
2025-08-19,2025,rf_grid,0,0,False,False,False,False,False,False,False,False,False,False,2.200000,2.467749,0.267749
2025-08-20,2025,rf_grid,0,0,False,False,False,False,False,False,False,False,False,False,2.200000,2.469781,0.269781
2025-08-21,2025,rf_grid,0,0,False,False,False,False,False,False,False,False,False,False,2.300000,2.467749,0.167749
2025-08-22,2025,rf_grid,0,0,False,False,False,False,False,False,False,False,False,False,2.200000,2.467749,0.267749
2025-08-23,2025,rf_grid,0,0,False,False,False,False,False,False,False,False,False,False,2.300000,2.478964,0.178964
2025-08-24,2025,rf_grid,0,0,False,False,False,False,False,False,False,False,False,False,2.300000,2.477309,0.177309
2025-08-25,2025,rf_grid,0,0,False,False,False,False,False,False,False,False,False,False,2.300000,2.496128,0.196128
2025-08-26,2025,rf_grid,0,1,False,False,False,False,False,False,False,False,False,False,2.400000,2.517382,0.117382
2025-08-27,2025,rf_grid,0,0,False,False,False,False,False,False,False,False,False,False,2.300000,2.492689,0.192689
2025-08-28,2025,rf_grid,0,0,False,False,False,False,False,False,False,False,False,False,2.300000,2.486765,0.186765
2025-08-29,2025,rf_grid,0,0,False,False,False,False,False,False,False,False,False,False,2.300000,2.479697,0.179697
2025-09-06,2025,rf_grid,0,1,False,False,False,False,False,False,False,False,False,False,2.300000,2.478964,0.178964
2025-09-07,2025,rf_grid,0,0,False,False,False,False,False,False,False,False,False,False,2.300000,2.478964,0.178964
2025-09-08,2025,rf_grid,0,0,False,False,False,False,False,False,False,False,False,False,2.300000,2.472134,0.172134
2025-09-09,2025,rf_grid,0,0,False,False,False,False,False,False,False,False,False,False,2.300000,2.466517,0.166517
2025-09-10,2025,rf_grid,0,0,False,False,False,False,False,False,False,False,False,False,2.200000,2.468173,0.268173
2025-09-11,2025,rf_grid,0,0,False,False,False,False,False,False,False,False,False,False,2.400000,2.466517,0.066517
2025-09-12,2025,rf_grid,0,0,False,False,False,False,False,False,False,False,False,False,2.400000,2.467749,0.067749
2025-09-13,2025,rf_grid,0,0,False,False,False,False,False,False,False,False,False,False,2.300000,2.467749,0.167749
2025-09-14,2025,rf_grid,0,0,False,False,False,False,False,False,False,False,False,False,2.300000,2.467749,0.167749
2025-09-15,2025,rf_grid,0,0,False,False,False,False,False,False,False,False,False,False,2.200000,2.467749,0.267749
2025-09-16,2025,rf_grid,0,0,False,False,False,False,False,False,False,False,False,False,2.200000,2.469404,0.269404
2025-09-17,2025,rf_grid,0,0,False,False,False,False,False,False,False,False,False,False,2.200000,2.469404,0.269404
2025-09-18,2025,rf_grid,0,0,False,False,False,False,False,False,False,False,False,False,2.200000,2.467749,0.267749
2025-09-27,2025,rf_grid,0,0,False,False,False,False,False,False,False,False,False,False,2.300000,2.469915,0.169915
2025-09-28,2025,rf_grid,0,0,False,False,False,False,False,False,False,False,False,False,2.200000,2.465418,0.265418
2025-09-29,2025,rf_grid,0,0,False,False,False,False,False,False,False,False,False,False,2.200000,2.476209,0.276209
2025-09-30,2025,rf_grid,0,0,False,False,False,False,False,False,False,False,False,False,2.200000,2.476209,0.276209
2025-10-05,2025,rf_grid,0,0,False,False,False,False,False,False,False,False,False,False,2.200000,2.483039,0.283039
2025-10-06,2025,rf_grid,0,0,False,False,False,False,False,False,False,False,False,False,2.200000,2.483039,0.283039
2025-10-07,2025,rf_grid,0,0,False,False,False,False,False,False,False,False,False,False,2.300000,2.473479,0.173479
2025-10-08,2025,rf_grid,0,0,False,False,False,False,False,False,False,False,False,False,2.300000,2.475134,0.175134
2025-10-09,2025,rf_grid,0,0,False,False,False,False,False,False,False,False,False,False,2.300000,2.475134,0.175134
2025-10-10,2025,rf_grid,0,0,False,False,False,False,False,False,False,False,False,False,2.300000,2.475134,0.175134
2025-10-11,2025,rf_grid,0,0,False,False,False,False,False,False,False,False,False,False,2.300000,2.473479,0.173479
2025-10-12,2025,rf_grid,0,0,False,False,False,False,False,False,False,False,False,False,2.200000,2.472247,0.272247
2025-10-13,2025,rf_grid,0,0,False,False,False,False,False,False,False,False,False,False,2.200000,2.473903,0.273903
2025-10-14,2025,rf_grid,0,0,False,False,False,False,False,False,False,False,False,False,2.200000,2.473903,0.273903
2025-10-15,2025,rf_grid,0,0,False,False,False,False,False,False,False,False,False,False,2.200000,2.473903,0.273903
2025-10-16,2025,rf_grid,0,0,False,False,False,False,False,False,False,False,False,False,2.200000,2.473903,0.273903
2025-10-17,2025,rf_grid,0,0,False,False,False,False,False,False,False,False,False,False,2.300000,2.473903,0.173903
2025-10-18,2025,rf_grid,0,0,False,False,False,False,False,False,False,False,False,False,2.200000,2.473903,0.273903
2025-10-19,2025,rf_grid,0,0,False,False,False,False,False,False,False,False,False,False,2.300000,2.475134,0.175134
2025-10-20,2025,rf_grid,0,0,False,False,False,False,False,False,False,False,False,False,2.200000,2.475134,0.275134
2025-10-21,2025,rf_grid,0,0,False,False,False,False,False,False,False,False,False,False,2.200000,2.475134,0.275134
2025-10-22,2025,rf_grid,0,0,False,False,False,False,False,False,False,False,False,False,2.200000,2.475134,0.275134
2025-10-23,2025,rf_grid,0,0,False,False,False,False,False,False,False,False,False,False,2.200000,2.475134,0.275134
2025-10-24,2025,rf_grid,0,0,False,False,False,False,False,False,False,False,False,False,2.300000,2.475134,0.175134
2025-10-25,2025,rf_grid,0,0,False,False,False,False,False,False,False,False,False,False,2.200000,2.475134,0.275134
2025-10-26,2025,rf_grid,0,0,False,False,False,False,False,False,False,False,False,False,2.200000,2.475134,0.275134
2025-10-27,2025,rf_grid,0,0,False,False,False,False,False,False,False,False,False,False,2.200000,2.475134,0.275134
2025-10-28,2025,rf_grid,0,0,False,False,False,False,False,False,False,False,False,False,2.200000,2.475134,0.275134
2025-10-29,2025,rf_grid,0,0,False,False,False,False,False,False,False,False,False,False,2.200000,2.475134,0.275134
2025-10-30,2025,rf_grid,0,0,False,False,False,False,False,False,False,False,False,False,2.200000,2.475134,0.275134
2025-10-31,2025,rf_grid,0,0,False,False,False,False,False,False,False,False,False,False,2.200000,2.475134,0.275134
2025-11-01,2025,rf_grid,0,0,False,False,False,False,False,False,False,False,False,False,2.200000,2.475134,0.275134
2025-11-02,2025,rf_grid,0,0,False,False,False,False,False,False,False,False,False,False,2.200000,2.475134,0.275134
2025-11-03,2025,rf_grid,0,0,False,False,False,False,False,False,False,False,False,False,2.300000,2.473903,0.173903
2025-11-04,2025,rf_grid,0,0,False,False,False,False,False,False,False,False,False,False,2.200000,2.473903,0.273903
2025-11-05,2025,rf_grid,0,0,False,False,False,False,False,False,False,False,False,False,2.200000,2.473903,0.273903
2025-11-06,2025,rf_grid,0,0,False,False,False,False,False,False,False,False,False,False,2.200000,2.473903,0.273903
2025-11-07,2025,rf_grid,0,0,False,False,False,False,False,False,False,False,False,False,2.200000,2.473903,0.273903
2025-11-08,2025,rf_grid,0,0,False,False,False,False,False,False,False,False,False,False,2.200000,2.473903,0.273903
2025-11-09,2025,rf_grid,0,0,False,False,False,False,False,False,False,False,False,False,2.200000,2.473903,0.273903
2025-11-10,2025,rf_grid,0,0,False,False,False,False,False,False,False,False,False,False,2.000000,2.475134,0.475134
2025-11-11,2025,rf_grid,0,0,False,False,False,False,False,False,False,False,False,False,2.000000,2.475134,0.475134
2025-11-12,2025,rf_grid,0,0,False,False,False,False,False,False,False,False,False,False,2.000000,2.475134,0.475134
2025-11-13,2025,rf_grid,0,0,False,False,False,False,False,False,False,False,False,False,2.100000,2.475134,0.375134
2025-11-14,2025,rf_grid,0,0,False,False,False,False,False,False,False,False,False,False,2.200000,2.475134,0.275134
2025-11-15,2025,rf_grid,0,0,False,False,False,False,False,False,False,False,False,False,2.100000,2.475134,0.375134
2025-11-16,2025,rf_grid,0,0,False,False,False,False,False,False,False,False,False,False,2.100000,2.475134,0.375134
2025-11-17,2025,rf_grid,0,0,False,False,False,False,False,False,False,False,False,False,2.100000,2.475134,0.375134
2025-11-18,2025,rf_grid,0,0,False,False,False,False,False,False,False,False,False,False,2.100000,2.475134,0.375134
2025-11-19,2025,rf_grid,0,0,False,False,False,False,False,False,False,False,False,False,2.100000,2.475134,0.375134
2025-11-20,2025,rf_grid,0,0,False,False,False,False,False,False,False,False,False,False,2.100000,2.475134,0.375134
2025-11-21,2025,rf_grid,0,0,False,False,False,False,False,False,False,False,False,False,2.100000,2.475134,0.375134
2025-11-22,2025,rf_grid,0,0,False,False,False,False,False,False,False,False,False,False,2.100000,2.475134,0.375134
2025-11-23,2025,rf_grid,0,0,False,False,False,False,False,False,False,False,False,False,2.100000,2.475134,0.375134
2025-11-24,2025,rf_grid,0,0,False,False,False,False,False,False,False,False,False,False,2.100000,2.475134,0.375134
2025-11-25,2025,rf_grid,0,0,False,False,False,False,False,False,False,False,False,False,2.100000,2.475134,0.375134
2025-04-13,2025,catboost,0,2,False,False,False,False,False,False,False,False,False,False,2.600000,2.145331,0.454669
2025-04-14,2025,catboost,0,2,False,False,False,False,False,False,False,False,False,False,2.600000,2.047810,0.552190
2025-04-15,2025,catboost,0,2,False,False,False,False,False,False,False,False,False,False,2.700000,2.109541,0.590459
2025-04-16,2025,catboost,0,1,False,False,False,False,False,False,False,False,False,False,2.700000,2.112633,0.587367
2025-04-17,2025,catboost,0,1,False,False,False,False,False,False,False,False,False,False,2.700000,2.090683,0.609317
2025-04-18,2025,catboost,0,1,False,False,False,False,False,False,False,False,False,False,2.700000,2.330185,0.369815
2025-04-19,2025,catboost,0,2,False,False,False,False,False,False,False,False,False,False,2.700000,2.330876,0.369124
2025-04-20,2025,catboost,0,2,False,False,False,False,False,False,False,False,False,False,2.700000,2.354789,0.345211
2025-04-21,2025,catboost,0,3,False,False,False,False,False,False,False,False,False,False,2.700000,2.398834,0.301166
2025-04-22,2025,catboost,0,5,False,False,False,False,False,False,False,False,False,False,2.800000,2.371799,0.428201
2025-04-23,2025,catboost,0,5,False,False,False,False,False,False,False,False,False,False,2.700000,2.384206,0.315794
2025-04-24,2025,catboost,0,5,False,False,False,False,False,False,False,False,False,False,2.700000,2.221283,0.478717
2025-04-25,2025,catboost,0,5,False,False,False,False,False,False,False,False,False,False,2.700000,2.313800,0.386200
2025-04-26,2025,catboost,0,4,False,False,False,False,False,False,False,False,False,False,2.700000,2.270033,0.429967
2025-04-27,2025,catboost,0,4,False,False,False,False,False,False,False,False,False,False,2.800000,2.318129,0.481871
2025-04-28,2025,catboost,0,1,False,False,False,False,False,False,False,False,False,False,2.800000,2.200150,0.599850
2025-04-29,2025,catboost,0,1,False,False,False,False,False,False,False,False,False,False,2.800000,2.079155,0.720845
2025-04-30,2025,catboost,0,1,False,False,False,False,False,False,False,False,False,False,2.800000,2.177981,0.622019
2025-05-01,2025,catboost,0,1,False,False,False,False,False,False,False,False,False,False,2.900000,2.047388,0.852612
2025-05-02,2025,catboost,0,1,False,False,False,False,False,False,False,False,False,False,2.800000,2.410753,0.389247
2025-05-03,2025,catboost,0,2,False,False,False,False,False,False,False,False,False,False,2.800000,2.424649,0.375351
2025-05-04,2025,catboost,0,0,False,False,False,False,False,False,False,False,False,False,2.800000,2.648284,0.151716
2025-05-05,2025,catboost,0,1,False,False,False,False,False,False,False,False,False,False,2.800000,2.562210,0.237790
2025-05-06,2025,catboost,0,1,False,False,False,False,False,False,False,False,False,False,2.800000,2.462063,0.337937
2025-05-07,2025,catboost,0,0,False,False,False,False,False,False,False,False,False,False,2.700000,2.319645,0.380355
2025-05-08,2025,catboost,0,0,False,False,False,False,False,False,False,False,False,False,2.700000,2.479644,0.220356
2025-05-09,2025,catboost,0,0,False,False,False,False,False,False,False,False,False,False,2.700000,2.473272,0.226728
2025-05-10,2025,catboost,0,0,False,False,False,False,False,False,False,False,False,False,2.700000,2.425182,0.274818
2025-05-11,2025,catboost,0,0,False,False,False,False,False,False,False,False,False,False,2.700000,2.452775,0.247225
2025-05-12,2025,catboost,0,0,False,False,False,False,False,False,False,False,False,False,2.700000,2.447310,0.252690
2025-05-13,2025,catboost,0,1,False,False,False,False,False,False,False,False,False,False,2.800000,2.539725,0.260275
2025-05-14,2025,catboost,0,1,False,False,False,False,False,False,False,False,False,False,2.900000,2.727186,0.172814
2025-05-15,2025,catboost,0,1,False,False,False,False,False,False,False,False,False,False,3.000000,3.083690,0.083690
2025-05-16,2025,catboost,0,1,False,False,False,False,False,False,False,False,False,False,3.100000,3.011455,0.088545
2025-05-17,2025,catboost,0,1,False,False,False,False,False,False,False,False,False,False,3.100000,3.050107,0.049893
2025-05-18,2025,catboost,0,1,False,False,False,False,False,False,False,False,False,False,3.000000,2.813386,0.186614
2025-05-19,2025,catboost,0,1,False,False,False,False,False,False,False,False,False,False,2.900000,3.253717,0.353717
2025-05-20,2025,catboost,0,0,False,False,False,False,False,False,False,False,False,False,2.800000,3.048934,0.248934
2025-05-21,2025,catboost,0,0,False,False,False,False,False,False,False,False,False,False,2.600000,2.993141,0.393141
2025-05-22,2025,catboost,0,0,False,False,False,False,False,False,False,False,False,False,2.600000,2.710436,0.110436
2025-05-23,2025,catboost,0,0,False,False,False,False,False,False,False,False,False,False,2.500000,2.720458,0.220458
2025-05-24,2025,catboost,0,0,False,False,False,False,False,False,False,False,False,False,2.500000,2.900825,0.400825
2025-05-25,2025,catboost,0,0,False,False,False,False,False,False,False,False,False,False,2.300000,2.808623,0.508623
2025-05-26,2025,catboost,0,0,False,False,False,False,False,False,False,False,False,False,2.400000,2.784125,0.384125
2025-05-27,2025,catboost,0,0,False,False,False,False,False,False,False,False,False,False,2.400000,2.664894,0.264894
2025-05-28,2025,catboost,0,0,False,False,False,False,False,False,False,False,False,False,2.400000,2.643251,0.243251
2025-05-29,2025,catboost,0,0,False,False,False,False,False,False,False,False,False,False,2.400000,2.649070,0.249070
2025-05-30,2025,catboost,0,0,False,False,False,False,False,False,False,False,False,False,2.500000,2.533863,0.033863
2025-05-31,2025,catboost,0,0,False,False,False,False,False,False,False,False,False,False,2.600000,2.611114,0.011114
2025-06-01,2025,catboost,0,0,False,False,False,False,False,False,False,False,False,False,2.600000,2.561893,0.038107
2025-06-02,2025,catboost,0,0,False,False,False,False,False,False,False,False,False,False,2.600000,2.587615,0.012385
2025-06-03,2025,catboost,0,0,False,False,False,False,False,False,False,False,False,False,2.600000,2.871700,0.271700
2025-06-04,2025,catboost,0,0,False,False,False,False,False,False,False,False,False,False,2.600000,2.972267,0.372267
2025-06-05,2025,catboost,0,0,False,False,False,False,False,False,False,False,False,False,2.700000,3.500605,0.800605
2025-06-06,2025,catboost,0,0,False,False,False,False,False,False,False,False,False,False,2.800000,3.482785,0.682785
2025-06-07,2025,catboost,0,0,False,False,False,False,False,False,False,False,False,False,3.000000,3.195281,0.195281
2025-06-08,2025,catboost,0,0,False,False,False,False,False,False,False,False,False,False,3.000000,3.274590,0.274590
2025-06-09,2025,catboost,0,0,False,False,False,False,False,False,False,False,False,False,3.000000,3.486423,0.486423
2025-06-10,2025,catboost,0,0,False,False,False,False,False,False,False,False,False,False,3.000000,3.489094,0.489094
2025-06-11,2025,catboost,0,1,False,False,False,False,False,False,False,False,False,False,3.100000,3.462999,0.362999
2025-06-12,2025,catboost,0,1,False,False,False,False,False,False,False,False,False,False,3.000000,3.687467,0.687467
2025-06-13,2025,catboost,0,0,False,False,False,False,False,False,False,False,False,False,2.900000,3.602410,0.702410
2025-06-14,2025,catboost,0,0,False,False,False,False,False,False,False,False,False,False,2.900000,3.531867,0.631867
2025-06-15,2025,catboost,0,0,False,False,False,False,False,False,False,False,False,False,2.800000,3.463712,0.663712
2025-06-16,2025,catboost,0,0,False,False,False,False,False,False,False,False,False,False,2.700000,3.334747,0.634747
2025-06-17,2025,catboost,0,0,False,False,False,False,False,False,False,False,False,False,2.700000,2.751724,0.051724
2025-06-18,2025,catboost,0,0,False,False,False,False,False,False,False,False,False,False,2.500000,2.705503,0.205503
2025-06-19,2025,catboost,0,0,False,False,False,False,False,False,False,False,False,False,2.500000,2.642554,0.142554
2025-06-20,2025,catboost,0,0,False,False,False,False,False,False,False,False,False,False,2.700000,2.729778,0.029778
2025-06-21,2025,catboost,0,0,False,False,False,False,False,False,False,False,False,False,2.400000,2.656000,0.256000
2025-06-22,2025,catboost,0,0,False,False,False,False,False,False,False,False,False,False,2.400000,2.767321,0.367321
2025-06-23,2025,catboost,0,0,False,False,False,False,False,False,False,False,False,False,2.400000,2.605304,0.205304
2025-06-24,2025,catboost,0,0,False,False,False,False,False,False,False,False,False,False,2.400000,2.272742,0.127258
2025-06-25,2025,catboost,0,0,False,False,False,False,False,False,False,False,False,False,2.300000,2.342642,0.042642
2025-06-26,2025,catboost,0,0,False,False,False,False,False,False,False,False,False,False,2.300000,2.324109,0.024109
2025-06-27,2025,catboost,0,0,False,False,False,False,False,False,False,False,False,False,2.200000,2.347805,0.147805
2025-06-28,2025,catboost,0,0,False,False,False,False,False,False,False,False,False,False,2.200000,2.356821,0.156821
2025-06-29,2025,catboost,0,0,False,False,False,False,False,False,False,False,False,False,2.100000,2.283546,0.183546
2025-06-30,2025,catboost,0,0,False,False,False,False,False,False,False,False,False,False,2.100000,2.395775,0.295775
2025-07-01,2025,catboost,0,0,False,False,False,False,False,False,False,False,False,False,2.100000,2.407197,0.307197
2025-07-02,2025,catboost,0,0,False,False,False,False,False,False,False,False,False,False,2.000000,2.375282,0.375282
2025-07-03,2025,catboost,0,0,False,False,False,False,False,False,False,False,False,False,2.000000,2.300499,0.300499
2025-07-04,2025,catboost,0,0,False,False,False,False,False,False,False,False,False,False,2.100000,2.175329,0.075329
2025-07-05,2025,catboost,0,0,False,False,False,False,False,False,False,False,False,False,2.100000,2.244678,0.144678
2025-07-06,2025,catboost,0,0,False,False,False,False,False,False,False,False,False,False,2.000000,2.268409,0.268409
2025-07-07,2025,catboost,0,0,False,False,False,False,False,False,False,False,False,False,2.000000,2.312846,0.312846
2025-07-08,2025,catboost,0,0,False,False,False,False,False,False,False,False,False,False,2.000000,2.357575,0.357575
2025-07-09,2025,catboost,0,0,False,False,False,False,False,False,False,False,False,False,2.000000,2.399136,0.399136
2025-07-10,2025,catboost,0,0,False,False,False,False,False,False,False,False,False,False,2.000000,2.436667,0.436667
2025-07-11,2025,catboost,0,0,False,False,False,False,False,False,False,False,False,False,2.000000,2.406921,0.406921
2025-07-12,2025,catboost,0,0,False,False,False,False,False,False,False,False,False,False,2.100000,2.423203,0.323203
2025-07-13,2025,catboost,0,0,False,False,False,False,False,False,False,False,False,False,2.200000,2.387736,0.187736
2025-07-14,2025,catboost,0,0,False,False,False,False,False,False,False,False,False,False,2.100000,2.370384,0.270384
2025-07-15,2025,catboost,0,0,False,False,False,False,False,False,False,False,False,False,2.100000,2.362886,0.262886
2025-07-16,2025,catboost,0,0,False,False,False,False,False,False,False,False,False,False,2.000000,2.377045,0.377045
2025-07-17,2025,catboost,0,0,False,False,False,False,False,False,False,False,False,False,2.200000,2.401708,0.201708
2025-07-18,2025,catboost,0,0,False,False,False,False,False,False,False,False,False,False,2.200000,2.332312,0.132312
2025-07-19,2025,catboost,0,0,False,False,False,False,False,False,False,False,False,False,2.200000,2.313464,0.113464
2025-07-20,2025,catboost,0,0,False,False,False,False,False,False,False,False,False,False,2.100000,2.377918,0.277918
2025-07-21,2025,catboost,0,0,False,False,False,False,False,False,False,False,False,False,2.100000,2.402233,0.302233
2025-07-22,2025,catboost,0,0,False,False,False,False,False,False,False,False,False,False,2.100000,2.294067,0.194067
2025-07-23,2025,catboost,0,0,False,False,False,False,False,False,False,False,False,False,2.100000,2.248315,0.148315
2025-07-28,2025,catboost,0,0,False,False,False,False,False,False,False,False,False,False,2.200000,2.416025,0.216025
2025-07-29,2025,catboost,0,0,False,False,False,False,False,False,False,False,False,False,2.400000,2.444651,0.044651
2025-07-30,2025,catboost,0,0,False,False,False,False,False,False,False,False,False,False,2.400000,2.471505,0.071505
2025-07-31,2025,catboost,0,0,False,False,False,False,False,False,False,False,False,False,2.200000,2.344354,0.144354
2025-08-01,2025,catboost,0,0,False,False,False,False,False,False,False,False,False,False,2.200000,2.292719,0.092719
2025-08-02,2025,catboost,0,0,False,False,False,False,False,False,False,False,False,False,2.400000,2.262599,0.137401
2025-08-03,2025,catboost,0,0,False,False,False,False,False,False,False,False,False,False,2.300000,2.329688,0.029688
2025-08-04,2025,catboost,0,0,False,False,False,False,False,False,False,False,False,False,2.200000,2.284676,0.084676
2025-08-05,2025,catboost,0,0,False,False,False,False,False,False,False,False,False,False,2.300000,2.381192,0.081192
2025-08-06,2025,catboost,0,0,False,False,False,False,False,False,False,False,False,False,2.400000,2.358780,0.041220
2025-08-07,2025,catboost,0,0,False,False,False,False,False,False,False,False,False,False,2.200000,2.337942,0.137942
2025-08-08,2025,catboost,0,0,False,False,False,False,False,False,False,False,False,False,2.300000,2.336891,0.036891
2025-08-09,2025,catboost,0,0,False,False,False,False,False,False,False,False,False,False,2.400000,2.361211,0.038789
2025-08-10,2025,catboost,0,0,False,False,False,False,False,False,False,False,False,False,2.400000,2.332260,0.067740
2025-08-11,2025,catboost,0,0,False,False,False,False,False,False,False,False,False,False,2.400000,2.302576,0.097424
2025-08-12,2025,catboost,0,0,False,False,False,False,False,False,False,False,False,False,2.300000,2.278946,0.021054
2025-08-13,2025,catboost,0,0,False,False,False,False,False,False,False,False,False,False,2.300000,2.300247,0.000247
2025-08-14,2025,catboost,0,0,False,False,False,False,False,False,False,False,False,False,2.300000,2.304432,0.004432
2025-08-15,2025,catboost,0,0,False,False,False,False,False,False,False,False,False,False,2.300000,2.326384,0.026384
2025-08-16,2025,catboost,0,0,False,False,False,False,False,False,False,False,False,False,2.200000,2.560846,0.360846
2025-08-17,2025,catboost,0,2,False,False,False,False,False,False,False,False,False,False,2.200000,2.578025,0.378025
2025-08-18,2025,catboost,0,1,False,False,False,False,False,False,False,False,False,False,2.200000,2.577095,0.377095
2025-08-19,2025,catboost,0,0,False,False,False,False,False,False,False,False,False,False,2.200000,2.572762,0.372762
2025-08-20,2025,catboost,0,0,False,False,False,False,False,False,False,False,False,False,2.200000,2.552098,0.352098
2025-08-21,2025,catboost,0,0,False,False,False,False,False,False,False,False,False,False,2.300000,2.613600,0.313600
2025-08-22,2025,catboost,0,0,False,False,False,False,False,False,False,False,False,False,2.200000,2.598226,0.398226
2025-08-23,2025,catboost,0,0,False,False,False,False,False,False,False,False,False,False,2.300000,2.519157,0.219157
2025-08-24,2025,catboost,0,0,False,False,False,False,False,False,False,False,False,False,2.300000,2.509186,0.209186
2025-08-25,2025,catboost,0,0,False,False,False,False,False,False,False,False,False,False,2.300000,2.390592,0.090592
2025-08-26,2025,catboost,0,1,False,False,False,False,False,False,False,False,False,False,2.400000,2.354628,0.045372
2025-08-27,2025,catboost,0,0,False,False,False,False,False,False,False,False,False,False,2.300000,2.437932,0.137932
2025-08-28,2025,catboost,0,0,False,False,False,False,False,False,False,False,False,False,2.300000,2.407996,0.107996
2025-08-29,2025,catboost,0,0,False,False,False,False,False,False,False,False,False,False,2.300000,2.336614,0.036614
2025-09-06,2025,catboost,0,1,False,False,False,False,False,False,False,False,False,False,2.300000,2.504374,0.204374
2025-09-07,2025,catboost,0,0,False,False,False,False,False,False,False,False,False,False,2.300000,2.497765,0.197765
2025-09-08,2025,catboost,0,0,False,False,False,False,False,False,False,False,False,False,2.300000,2.380390,0.080390
2025-09-09,2025,catboost,0,0,False,False,False,False,False,False,False,False,False,False,2.300000,2.380419,0.080419
2025-09-10,2025,catboost,0,0,False,False,False,False,False,False,False,False,False,False,2.200000,2.333440,0.133440
2025-09-11,2025,catboost,0,0,False,False,False,False,False,False,False,False,False,False,2.400000,2.332861,0.067139
2025-09-12,2025,catboost,0,0,False,False,False,False,False,False,False,False,False,False,2.400000,2.561760,0.161760
2025-09-13,2025,catboost,0,0,False,False,False,False,False,False,False,False,False,False,2.300000,2.575215,0.275215
2025-09-14,2025,catboost,0,0,False,False,False,False,False,False,False,False,False,False,2.300000,2.572077,0.272077
2025-09-15,2025,catboost,0,0,False,False,False,False,False,False,False,False,False,False,2.200000,2.564826,0.364826
2025-09-16,2025,catboost,0,0,False,False,False,False,False,False,False,False,False,False,2.200000,2.552725,0.352725
2025-09-17,2025,catboost,0,0,False,False,False,False,False,False,False,False,False,False,2.200000,2.542719,0.342719
2025-09-18,2025,catboost,0,0,False,False,False,False,False,False,False,False,False,False,2.200000,2.540185,0.340185
2025-09-27,2025,catboost,0,0,False,False,False,False,False,False,False,False,False,False,2.300000,2.382356,0.082356
2025-09-28,2025,catboost,0,0,False,False,False,False,False,False,False,False,False,False,2.200000,2.339142,0.139142
2025-09-29,2025,catboost,0,0,False,False,False,False,False,False,False,False,False,False,2.200000,2.435508,0.235508
2025-09-30,2025,catboost,0,0,False,False,False,False,False,False,False,False,False,False,2.200000,2.491033,0.291033
2025-10-05,2025,catboost,0,0,False,False,False,False,False,False,False,False,False,False,2.200000,2.494409,0.294409
2025-10-06,2025,catboost,0,0,False,False,False,False,False,False,False,False,False,False,2.200000,2.404016,0.204016
2025-10-07,2025,catboost,0,0,False,False,False,False,False,False,False,False,False,False,2.300000,2.521162,0.221162
2025-10-08,2025,catboost,0,0,False,False,False,False,False,False,False,False,False,False,2.300000,2.530902,0.230902
2025-10-09,2025,catboost,0,0,False,False,False,False,False,False,False,False,False,False,2.300000,2.490195,0.190195
2025-10-10,2025,catboost,0,0,False,False,False,False,False,False,False,False,False,False,2.300000,2.504595,0.204595
2025-10-11,2025,catboost,0,0,False,False,False,False,False,False,False,False,False,False,2.300000,2.497258,0.197258
2025-10-12,2025,catboost,0,0,False,False,False,False,False,False,False,False,False,False,2.200000,2.392115,0.192115
2025-10-13,2025,catboost,0,0,False,False,False,False,False,False,False,False,False,False,2.200000,2.381447,0.181447
2025-10-14,2025,catboost,0,0,False,False,False,False,False,False,False,False,False,False,2.200000,2.378178,0.178178
2025-10-15,2025,catboost,0,0,False,False,False,False,False,False,False,False,False,False,2.200000,2.380620,0.180620
2025-10-16,2025,catboost,0,0,False,False,False,False,False,False,False,False,False,False,2.200000,2.418976,0.218976
2025-10-17,2025,catboost,0,0,False,False,False,False,False,False,False,False,False,False,2.300000,2.400205,0.100205
2025-10-18,2025,catboost,0,0,False,False,False,False,False,False,False,False,False,False,2.200000,2.394440,0.194440
2025-10-19,2025,catboost,0,0,False,False,False,False,False,False,False,False,False,False,2.300000,2.503313,0.203313
2025-10-20,2025,catboost,0,0,False,False,False,False,False,False,False,False,False,False,2.200000,2.512756,0.312756
2025-10-21,2025,catboost,0,0,False,False,False,False,False,False,False,False,False,False,2.200000,2.519982,0.319982
2025-10-22,2025,catboost,0,0,False,False,False,False,False,False,False,False,False,False,2.200000,2.529066,0.329066
2025-10-23,2025,catboost,0,0,False,False,False,False,False,False,False,False,False,False,2.200000,2.546636,0.346636
2025-10-24,2025,catboost,0,0,False,False,False,False,False,False,False,False,False,False,2.300000,2.542950,0.242950
2025-10-25,2025,catboost,0,0,False,False,False,False,False,False,False,False,False,False,2.200000,2.525866,0.325866
2025-10-26,2025,catboost,0,0,False,False,False,False,False,False,False,False,False,False,2.200000,2.520549,0.320549
2025-10-27,2025,catboost,0,0,False,False,False,False,False,False,False,False,False,False,2.200000,2.503166,0.303166
2025-10-28,2025,catboost,0,0,False,False,False,False,False,False,False,False,False,False,2.200000,2.495730,0.295730
2025-10-29,2025,catboost,0,0,False,False,False,False,False,False,False,False,False,False,2.200000,2.490540,0.290540
2025-10-30,2025,catboost,0,0,False,False,False,False,False,False,False,False,False,False,2.200000,2.495779,0.295779
2025-10-31,2025,catboost,0,0,False,False,False,False,False,False,False,False,False,False,2.200000,2.523452,0.323452
2025-11-01,2025,catboost,0,0,False,False,False,False,False,False,False,False,False,False,2.200000,2.520791,0.320791
2025-11-02,2025,catboost,0,0,False,False,False,False,False,False,False,False,False,False,2.200000,2.510698,0.310698
2025-11-03,2025,catboost,0,0,False,False,False,False,False,False,False,False,False,False,2.300000,2.467674,0.167674
2025-11-04,2025,catboost,0,0,False,False,False,False,False,False,False,False,False,False,2.200000,2.303608,0.103608
2025-11-05,2025,catboost,0,0,False,False,False,False,False,False,False,False,False,False,2.200000,2.338339,0.138339
2025-11-06,2025,catboost,0,0,False,False,False,False,False,False,False,False,False,False,2.200000,2.280582,0.080582
2025-11-07,2025,catboost,0,0,False,False,False,False,False,False,False,False,False,False,2.200000,2.284613,0.084613
2025-11-08,2025,catboost,0,0,False,False,False,False,False,False,False,False,False,False,2.200000,2.294041,0.094041
2025-11-09,2025,catboost,0,0,False,False,False,False,False,False,False,False,False,False,2.200000,2.287913,0.087913
2025-11-10,2025,catboost,0,0,False,False,False,False,False,False,False,False,False,False,2.000000,2.487720,0.487720
2025-11-11,2025,catboost,0,0,False,False,False,False,False,False,False,False,False,False,2.000000,2.548837,0.548837
2025-11-12,2025,catboost,0,0,False,False,False,False,False,False,False,False,False,False,2.000000,2.539787,0.539787
2025-11-13,2025,catboost,0,0,False,False,False,False,False,False,False,False,False,False,2.100000,2.485964,0.385964
2025-11-14,2025,catboost,0,0,False,False,False,False,False,False,False,False,False,False,2.200000,2.518466,0.318466
2025-11-15,2025,catboost,0,0,False,False,False,False,False,False,False,False,False,False,2.100000,2.506429,0.406429
2025-11-16,2025,catboost,0,0,False,False,False,False,False,False,False,False,False,False,2.100000,2.530219,0.430219
2025-11-17,2025,catboost,0,0,False,False,False,False,False,False,False,False,False,False,2.100000,2.505926,0.405926
2025-11-18,2025,catboost,0,0,False,False,False,False,False,False,False,False,False,False,2.100000,2.511986,0.411986
2025-11-19,2025,catboost,0,0,False,False,False,False,False,False,False,False,False,False,2.100000,2.515245,0.415245
2025-11-20,2025,catboost,0,0,False,False,False,False,False,False,False,False,False,False,2.100000,2.490357,0.390357
2025-11-21,2025,catboost,0,0,False,False,False,False,False,False,False,False,False,False,2.100000,2.499321,0.399321
2025-11-22,2025,catboost,0,0,False,False,False,False,False,False,False,False,False,False,2.100000,2.492074,0.392074
2025-11-23,2025,catboost,0,0,False,False,False,False,False,False,False,False,False,False,2.100000,2.471295,0.371295
2025-11-24,2025,catboost,0,0,False,False,False,False,False,False,False,False,False,False,2.100000,2.550700,0.450700
2025-11-25,2025,catboost,0,0,False,False,False,False,False,False,False,False,False,False,2.100000,2.599685,0.499685
2026-04-05,2026,rf_grid,0,1,False,False,False,False,False,False,False,False,False,False,2.200000,2.532768,0.332768
2026-04-06,2026,rf_grid,0,1,False,False,False,False,False,False,False,False,False,False,2.200000,2.516349,0.316349
2026-04-07,2026,rf_grid,0,1,False,False,False,False,False,False,False,False,False,False,2.200000,2.515807,0.315807
2026-04-08,2026,rf_grid,0,1,False,False,False,False,False,False,False,False,False,False,2.300000,2.505013,0.205013
2026-04-09,2026,rf_grid,0,1,False,False,False,False,False,False,False,False,False,False,2.200000,2.481811,0.281811
2026-04-10,2026,rf_grid,0,1,False,False,False,False,False,False,False,False,False,False,2.300000,2.495744,0.195744
2026-04-11,2026,rf_grid,0,1,False,False,False,False,False,False,False,False,False,False,2.300000,2.494236,0.194236
2026-04-12,2026,rf_grid,0,1,False,False,False,False,False,False,False,False,False,False,2.200000,2.460839,0.260839
2026-04-13,2026,rf_grid,0,0,False,False,False,False,False,False,False,False,False,False,1.200000,2.495399,1.295399
2026-04-14,2026,rf_grid,0,0,False,False,False,False,False,False,False,False,False,False,2.300000,2.520995,0.220995
2026-04-15,2026,rf_grid,0,0,False,False,False,False,False,False,False,False,False,False,2.300000,2.469027,0.169027
2026-04-16,2026,rf_grid,0,0,False,False,False,False,False,False,False,False,False,False,2.300000,2.442368,0.142368
2026-04-17,2026,rf_grid,0,1,False,False,False,False,False,False,False,False,False,False,2.700000,2.459282,0.240718
2026-04-18,2026,rf_grid,0,1,False,False,False,False,False,False,False,False,False,False,2.300000,2.476837,0.176837
2026-04-19,2026,rf_grid,0,1,False,False,False,False,False,False,False,False,False,False,2.200000,2.470031,0.270031
2026-04-20,2026,rf_grid,0,1,False,False,False,False,False,False,False,False,False,False,2.200000,2.460920,0.260920
2026-04-21,2026,rf_grid,0,1,False,False,False,False,False,False,False,False,False,False,2.200000,2.461232,0.261232
2026-04-22,2026,rf_grid,0,3,False,False,False,False,False,False,False,False,False,False,2.300000,2.440093,0.140093
2026-04-23,2026,rf_grid,0,2,False,False,False,False,False,False,False,False,False,False,2.300000,2.444775,0.144775
2026-04-24,2026,rf_grid,0,5,False,False,False,False,False,False,False,False,False,False,2.200000,2.452805,0.252805
2026-04-25,2026,rf_grid,0,4,False,False,False,False,False,False,False,False,False,False,2.300000,2.473050,0.173050
2026-04-26,2026,rf_grid,0,3,False,False,False,False,False,False,False,False,False,False,2.300000,2.464530,0.164530
2026-04-27,2026,rf_grid,0,1,False,False,False,False,False,False,False,False,False,False,2.200000,2.419029,0.219029
2026-04-28,2026,rf_grid,0,0,False,False,False,False,False,False,False,False,False,False,2.200000,2.414331,0.214331
2026-04-29,2026,rf_grid,0,0,False,False,False,False,False,False,False,False,False,False,2.300000,2.478355,0.178355
2026-04-30,2026,rf_grid,0,1,False,False,False,False,False,False,False,False,False,False,2.200000,2.406856,0.206856
2026-05-01,2026,rf_grid,0,1,False,False,False,False,False,False,False,False,False,False,2.200000,2.390723,0.190723
2026-05-02,2026,rf_grid,0,1,False,False,False,False,False,False,False,False,False,False,2.200000,2.385857,0.185857
2026-05-06,2026,rf_grid,0,3,False,False,False,False,False,False,False,False,False,False,2.100000,2.421968,0.321968
2026-05-07,2026,rf_grid,0,1,False,False,False,False,False,False,False,False,False,False,2.100000,2.418295,0.318295
2026-05-08,2026,rf_grid,0,1,False,False,False,False,False,False,False,False,False,False,2.100000,2.377753,0.277753
2026-05-09,2026,rf_grid,0,0,False,False,False,False,False,False,False,False,False,False,2.200000,2.383951,0.183951
2026-05-10,2026,rf_grid,0,0,False,False,False,False,False,False,False,False,False,False,2.200000,2.463043,0.263043
2026-05-11,2026,rf_grid,0,0,False,False,False,False,False,False,False,False,False,False,2.100000,2.464290,0.364290
2026-05-12,2026,rf_grid,0,0,False,False,False,False,False,False,False,False,False,False,2.200000,2.465712,0.265712
2026-05-13,2026,rf_grid,0,0,False,False,False,False,False,False,False,False,False,False,2.200000,2.459205,0.259205
2026-05-14,2026,rf_grid,0,0,False,False,False,False,False,False,False,False,False,False,2.200000,2.397068,0.197068
2026-05-15,2026,rf_grid,0,0,False,False,False,False,False,False,False,False,False,False,2.300000,2.590416,0.290416
2026-05-16,2026,rf_grid,0,0,False,False,False,False,False,False,False,False,False,False,2.300000,2.680854,0.380854
2026-05-17,2026,rf_grid,0,0,False,False,False,False,False,False,False,False,False,False,2.400000,2.833109,0.433109
2026-05-18,2026,rf_grid,0,0,False,False,False,False,False,False,False,False,False,False,2.400000,2.765672,0.365672
2026-05-19,2026,rf_grid,0,0,False,False,False,False,False,False,False,False,False,False,2.200000,2.709476,0.509476
2026-05-20,2026,rf_grid,0,0,False,False,False,False,False,False,False,False,False,False,2.200000,2.628890,0.428890
2026-05-21,2026,rf_grid,0,0,False,False,False,False,False,False,False,False,False,False,2.200000,2.542462,0.342462
2026-05-22,2026,rf_grid,0,0,False,False,False,False,False,False,False,False,False,False,2.200000,2.546398,0.346398
2026-05-23,2026,rf_grid,0,0,False,False,False,False,False,False,False,False,False,False,2.200000,2.534356,0.334356
2026-05-24,2026,rf_grid,0,0,False,False,False,False,False,False,False,False,False,False,2.200000,2.488605,0.288605
2026-05-25,2026,rf_grid,0,0,False,False,False,False,False,False,False,False,False,False,2.200000,2.486258,0.286258
2026-05-26,2026,rf_grid,0,0,False,False,False,False,False,False,False,False,False,False,2.300000,2.401817,0.101817
2026-05-27,2026,rf_grid,0,0,False,False,False,False,False,False,False,False,False,False,2.300000,2.445648,0.145648
2026-05-28,2026,rf_grid,0,0,False,False,False,False,False,False,False,False,False,False,2.300000,2.454092,0.154092
2026-05-29,2026,rf_grid,0,0,False,False,False,False,False,False,False,False,False,False,2.300000,2.432901,0.132901
2026-05-30,2026,rf_grid,0,0,False,False,False,False,False,False,False,False,False,False,2.300000,2.554197,0.254197
2026-05-31,2026,rf_grid,0,0,False,False,False,False,False,False,False,False,False,False,2.300000,2.712046,0.412046
2026-06-01,2026,rf_grid,0,0,False,False,False,False,False,False,False,False,False,False,2.400000,2.730413,0.330413
2026-06-02,2026,rf_grid,0,0,False,False,False,False,False,False,False,False,False,False,2.400000,2.546050,0.146050
2026-06-03,2026,rf_grid,0,0,False,False,False,False,False,False,False,False,False,False,2.200000,2.366433,0.166433
2026-06-04,2026,rf_grid,0,0,False,False,False,False,False,False,False,False,False,False,2.300000,2.375370,0.075370
2026-06-05,2026,rf_grid,0,0,False,False,False,False,False,False,False,False,False,False,2.300000,2.377193,0.077193
2026-06-06,2026,rf_grid,0,0,False,False,False,False,False,False,False,False,False,False,2.300000,2.379305,0.079305
2026-06-07,2026,rf_grid,0,0,False,False,False,False,False,False,False,False,False,False,2.200000,2.383967,0.183967
2026-06-08,2026,rf_grid,0,0,False,False,False,False,False,False,False,False,False,False,2.200000,2.379324,0.179324
2026-06-09,2026,rf_grid,0,0,False,False,False,False,False,False,False,False,False,False,2.200000,2.384301,0.184301
2026-06-10,2026,rf_grid,0,0,False,False,False,False,False,False,False,False,False,False,2.200000,2.390347,0.190347
2026-06-11,2026,rf_grid,0,0,False,False,False,False,False,False,False,False,False,False,2.200000,2.386511,0.186511
2026-06-12,2026,rf_grid,0,0,False,False,False,False,False,False,False,False,False,False,2.200000,2.310587,0.110587
2026-06-13,2026,rf_grid,0,0,False,False,False,False,False,False,False,False,False,False,2.200000,2.295324,0.095324
2026-06-14,2026,rf_grid,0,0,False,False,False,False,False,False,False,False,False,False,2.200000,2.302248,0.102248
2026-06-15,2026,rf_grid,0,0,False,False,False,False,False,False,False,False,False,False,2.200000,2.317795,0.117795
2026-06-16,2026,rf_grid,0,0,False,False,False,False,False,False,False,False,False,False,2.300000,2.322935,0.022935
2026-06-17,2026,rf_grid,0,0,False,False,False,False,False,False,False,False,False,False,2.400000,2.348913,0.051087
2026-06-18,2026,rf_grid,0,0,False,False,False,False,False,False,False,False,False,False,2.200000,2.377567,0.177567
2026-06-19,2026,rf_grid,0,0,False,False,False,False,False,False,False,False,False,False,2.200000,2.334489,0.134489
2026-06-20,2026,rf_grid,0,0,False,False,False,False,False,False,False,False,False,False,2.300000,2.320475,0.020475
2026-06-21,2026,rf_grid,0,0,False,False,False,False,False,False,False,False,False,False,2.300000,2.320724,0.020724
2026-06-22,2026,rf_grid,0,0,False,False,False,False,False,False,False,False,False,False,2.200000,2.317478,0.117478
2026-06-23,2026,rf_grid,0,0,False,False,False,False,False,False,False,False,False,False,2.200000,2.299264,0.099264
2026-06-24,2026,rf_grid,0,0,False,False,False,False,False,False,False,False,False,False,2.200000,2.310759,0.110759
2026-06-25,2026,rf_grid,0,0,False,False,False,False,False,False,False,False,False,False,2.400000,2.316275,0.083725
2026-06-26,2026,rf_grid,0,0,False,False,False,False,False,False,False,False,False,False,2.400000,2.328849,0.071151
2026-06-27,2026,rf_grid,0,1,False,False,False,False,False,False,False,False,False,False,2.200000,2.311550,0.111550
2026-06-28,2026,rf_grid,0,0,False,False,False,False,False,False,False,False,False,False,2.200000,2.318308,0.118308
2026-06-29,2026,rf_grid,0,0,False,False,False,False,False,False,False,False,False,False,2.200000,2.318112,0.118112
2026-06-30,2026,rf_grid,0,0,False,False,False,False,False,False,False,False,False,False,2.200000,2.321716,0.121716
2026-07-01,2026,rf_grid,0,1,False,False,False,False,False,False,False,False,False,False,2.200000,2.296422,0.096422
2026-07-02,2026,rf_grid,0,0,False,False,False,False,False,False,False,False,False,False,2.100000,2.274552,0.174552
2026-07-03,2026,rf_grid,0,0,False,False,False,False,False,False,False,False,False,False,2.100000,2.302041,0.202041
2026-07-04,2026,rf_grid,0,0,False,False,False,False,False,False,False,False,False,False,2.100000,2.299777,0.199777
2026-07-05,2026,rf_grid,0,0,False,False,False,False,False,False,False,False,False,False,2.200000,2.300628,0.100628
2026-07-06,2026,rf_grid,0,0,False,False,False,False,False,False,False,False,False,False,2.200000,2.306453,0.106453
2026-07-07,2026,rf_grid,0,0,False,False,False,False,False,False,False,False,False,False,2.200000,2.307716,0.107716
2026-07-08,2026,rf_grid,0,0,False,False,False,False,False,False,False,False,False,False,2.200000,2.276155,0.076155
2026-07-09,2026,rf_grid,0,1,False,False,False,False,False,False,False,False,False,False,2.100000,2.282142,0.182142
2026-07-10,2026,rf_grid,0,3,False,False,False,False,False,False,False,False,False,False,2.200000,2.297881,0.097881
2026-07-11,2026,rf_grid,0,0,False,False,False,False,False,False,False,False,False,False,2.200000,2.259627,0.059627
2026-07-12,2026,rf_grid,0,0,False,False,False,False,False,False,False,False,False,False,2.200000,2.266086,0.066086
2026-07-13,2026,rf_grid,0,0,False,False,False,False,False,False,False,False,False,False,2.100000,2.265332,0.165332
2026-07-14,2026,rf_grid,0,0,False,False,False,False,False,False,False,False,False,False,2.100000,2.254188,0.154188
2026-07-15,2026,rf_grid,0,0,False,False,False,False,False,False,False,False,False,False,2.100000,2.269099,0.169099
2026-07-16,2026,rf_grid,0,0,False,False,False,False,False,False,False,False,False,False,2.200000,2.269379,0.069379
2026-07-17,2026,rf_grid,0,2,False,False,False,False,False,False,False,False,False,False,2.100000,2.282122,0.182122
2026-07-18,2026,rf_grid,0,4,False,False,False,False,False,False,False,False,False,False,2.100000,2.277342,0.177342
2026-07-19,2026,rf_grid,0,2,False,False,False,False,False,False,False,False,False,False,2.100000,2.274645,0.174645
2026-07-20,2026,rf_grid,0,0,False,False,False,False,False,False,False,False,False,False,2.000000,2.450442,0.450442
2026-07-21,2026,rf_grid,0,0,False,False,False,False,False,False,False,False,False,False,2.000000,2.448580,0.448580
2026-07-22,2026,rf_grid,0,0,False,False,False,False,False,False,False,False,False,False,2.000000,2.444001,0.444001
2026-07-23,2026,rf_grid,0,0,False,False,False,False,False,False,False,False,False,False,2.000000,2.344326,0.344326
2026-07-24,2026,rf_grid,0,1,False,False,False,False,False,False,False,False,False,False,2.100000,2.315061,0.215061
2026-07-25,2026,rf_grid,0,1,False,False,False,False,False,False,False,False,False,False,2.100000,2.369654,0.269654
2026-07-26,2026,rf_grid,0,0,False,False,False,False,False,False,False,False,False,False,2.100000,2.359535,0.259535
2026-07-27,2026,rf_grid,0,0,False,False,False,False,False,False,False,False,False,False,2.000000,2.358108,0.358108
2026-07-28,2026,rf_grid,0,0,False,False,False,False,False,False,False,False,False,False,2.400000,2.251081,0.148919
2026-07-29,2026,rf_grid,0,0,False,False,False,False,False,False,False,False,False,False,1.900000,2.292365,0.392365
2026-07-30,2026,rf_grid,0,1,False,False,False,False,False,False,False,False,False,False,2.000000,2.357160,0.357160
2026-07-31,2026,rf_grid,0,0,False,False,False,False,False,False,False,False,False,False,2.000000,2.352007,0.352007
2026-08-01,2026,rf_grid,0,0,False,False,False,False,False,False,False,False,False,False,2.000000,2.391025,0.391025
2026-08-02,2026,rf_grid,0,0,False,False,False,False,False,False,False,False,False,False,1.800000,2.289378,0.489378
2026-08-03,2026,rf_grid,0,0,False,False,False,False,False,False,False,False,False,False,1.900000,2.295246,0.395246
2026-08-04,2026,rf_grid,0,0,False,False,False,False,False,False,False,False,False,False,2.000000,2.296144,0.296144
2026-08-05,2026,rf_grid,0,0,False,False,False,False,False,False,False,False,False,False,2.000000,2.296090,0.296090
2026-08-06,2026,rf_grid,0,0,False,False,False,False,False,False,False,False,False,False,1.900000,2.284752,0.384752
2026-08-07,2026,rf_grid,0,0,False,False,False,False,False,False,False,False,False,False,1.900000,2.272338,0.372338
2026-08-08,2026,rf_grid,0,0,False,False,False,False,False,False,False,False,False,False,1.900000,2.269684,0.369684
2026-08-09,2026,rf_grid,0,0,False,False,False,False,False,False,False,False,False,False,2.000000,2.269026,0.269026
2026-08-10,2026,rf_grid,0,0,False,False,False,False,False,False,False,False,False,False,2.000000,2.273189,0.273189
2026-08-11,2026,rf_grid,0,0,False,False,False,False,False,False,False,False,False,False,2.000000,2.266466,0.266466
2026-08-12,2026,rf_grid,0,0,False,False,False,False,False,False,False,False,False,False,2.000000,2.270861,0.270861
2026-08-13,2026,rf_grid,0,0,False,False,False,False,False,False,False,False,False,False,2.000000,2.275121,0.275121
2026-08-14,2026,rf_grid,0,0,False,False,False,False,False,False,False,False,False,False,2.000000,2.285743,0.285743
2026-08-18,2026,rf_grid,0,0,False,False,False,False,False,False,False,False,False,False,2.300000,2.506280,0.206280
2026-08-19,2026,rf_grid,0,0,False,False,False,False,False,False,False,False,False,False,2.200000,2.391657,0.191657
2026-08-20,2026,rf_grid,0,0,False,False,False,False,False,False,False,False,False,False,2.100000,2.284714,0.184714
2026-08-21,2026,rf_grid,0,0,False,False,False,False,False,False,False,False,False,False,2.200000,2.291718,0.091718
2026-08-22,2026,rf_grid,0,1,False,False,False,False,False,False,False,False,False,False,1.900000,2.315627,0.415627
2026-08-23,2026,rf_grid,0,1,False,False,False,False,False,False,False,False,False,False,1.900000,2.325635,0.425635
2026-04-05,2026,catboost,0,1,False,False,False,False,False,False,False,False,False,False,2.200000,2.600804,0.400804
2026-04-06,2026,catboost,0,1,False,False,False,False,False,False,False,False,False,False,2.200000,2.542514,0.342514
2026-04-07,2026,catboost,0,1,False,False,False,False,False,False,False,False,False,False,2.200000,2.518626,0.318626
2026-04-08,2026,catboost,0,1,False,False,False,False,False,False,False,False,False,False,2.300000,2.511848,0.211848
2026-04-09,2026,catboost,0,1,False,False,False,False,False,False,False,False,False,False,2.200000,2.513792,0.313792
2026-04-10,2026,catboost,0,1,False,False,False,False,False,False,False,False,False,False,2.300000,2.516493,0.216493
2026-04-11,2026,catboost,0,1,False,False,False,False,False,False,False,False,False,False,2.300000,2.603845,0.303845
2026-04-12,2026,catboost,0,1,False,False,False,False,False,False,False,False,False,False,2.200000,2.620283,0.420283
2026-04-13,2026,catboost,0,0,False,False,False,False,False,False,False,False,False,False,1.200000,2.577771,1.377771
2026-04-14,2026,catboost,0,0,False,False,False,False,False,False,False,False,False,False,2.300000,2.568515,0.268515
2026-04-15,2026,catboost,0,0,False,False,False,False,False,False,False,False,False,False,2.300000,2.490715,0.190715
2026-04-16,2026,catboost,0,0,False,False,False,False,False,False,False,False,False,False,2.300000,2.358887,0.058887
2026-04-17,2026,catboost,0,1,False,False,False,False,False,False,False,False,False,False,2.700000,2.383567,0.316433
2026-04-18,2026,catboost,0,1,False,False,False,False,False,False,False,False,False,False,2.300000,2.395463,0.095463
2026-04-19,2026,catboost,0,1,False,False,False,False,False,False,False,False,False,False,2.200000,2.387337,0.187337
2026-04-20,2026,catboost,0,1,False,False,False,False,False,False,False,False,False,False,2.200000,2.381956,0.181956
2026-04-21,2026,catboost,0,1,False,False,False,False,False,False,False,False,False,False,2.200000,2.386352,0.186352
2026-04-22,2026,catboost,0,3,False,False,False,False,False,False,False,False,False,False,2.300000,2.407088,0.107088
2026-04-23,2026,catboost,0,2,False,False,False,False,False,False,False,False,False,False,2.300000,2.420556,0.120556
2026-04-24,2026,catboost,0,5,False,False,False,False,False,False,False,False,False,False,2.200000,2.504862,0.304862
2026-04-25,2026,catboost,0,4,False,False,False,False,False,False,False,False,False,False,2.300000,2.491433,0.191433
2026-04-26,2026,catboost,0,3,False,False,False,False,False,False,False,False,False,False,2.300000,2.422980,0.122980
2026-04-27,2026,catboost,0,1,False,False,False,False,False,False,False,False,False,False,2.200000,2.449268,0.249268
2026-04-28,2026,catboost,0,0,False,False,False,False,False,False,False,False,False,False,2.200000,2.443872,0.243872
2026-04-29,2026,catboost,0,0,False,False,False,False,False,False,False,False,False,False,2.300000,2.464397,0.164397
2026-04-30,2026,catboost,0,1,False,False,False,False,False,False,False,False,False,False,2.200000,2.343156,0.143156
2026-05-01,2026,catboost,0,1,False,False,False,False,False,False,False,False,False,False,2.200000,2.325213,0.125213
2026-05-02,2026,catboost,0,1,False,False,False,False,False,False,False,False,False,False,2.200000,2.284203,0.084203
2026-05-06,2026,catboost,0,3,False,False,False,False,False,False,False,False,False,False,2.100000,2.431974,0.331974
2026-05-07,2026,catboost,0,1,False,False,False,False,False,False,False,False,False,False,2.100000,2.436928,0.336928
2026-05-08,2026,catboost,0,1,False,False,False,False,False,False,False,False,False,False,2.100000,2.435111,0.335111
2026-05-09,2026,catboost,0,0,False,False,False,False,False,False,False,False,False,False,2.200000,2.465924,0.265924
2026-05-10,2026,catboost,0,0,False,False,False,False,False,False,False,False,False,False,2.200000,2.474970,0.274970
2026-05-11,2026,catboost,0,0,False,False,False,False,False,False,False,False,False,False,2.100000,2.535217,0.435217
2026-05-12,2026,catboost,0,0,False,False,False,False,False,False,False,False,False,False,2.200000,2.458269,0.258269
2026-05-13,2026,catboost,0,0,False,False,False,False,False,False,False,False,False,False,2.200000,2.439375,0.239375
2026-05-14,2026,catboost,0,0,False,False,False,False,False,False,False,False,False,False,2.200000,2.424840,0.224840
2026-05-15,2026,catboost,0,0,False,False,False,False,False,False,False,False,False,False,2.300000,2.566755,0.266755
2026-05-16,2026,catboost,0,0,False,False,False,False,False,False,False,False,False,False,2.300000,2.615496,0.315496
2026-05-17,2026,catboost,0,0,False,False,False,False,False,False,False,False,False,False,2.400000,2.764234,0.364234
2026-05-18,2026,catboost,0,0,False,False,False,False,False,False,False,False,False,False,2.400000,2.633718,0.233718
2026-05-19,2026,catboost,0,0,False,False,False,False,False,False,False,False,False,False,2.200000,2.535434,0.335434
2026-05-20,2026,catboost,0,0,False,False,False,False,False,False,False,False,False,False,2.200000,2.528878,0.328878
2026-05-21,2026,catboost,0,0,False,False,False,False,False,False,False,False,False,False,2.200000,2.532426,0.332426
2026-05-22,2026,catboost,0,0,False,False,False,False,False,False,False,False,False,False,2.200000,2.561411,0.361411
2026-05-23,2026,catboost,0,0,False,False,False,False,False,False,False,False,False,False,2.200000,2.575285,0.375285
2026-05-24,2026,catboost,0,0,False,False,False,False,False,False,False,False,False,False,2.200000,2.536551,0.336551
2026-05-25,2026,catboost,0,0,False,False,False,False,False,False,False,False,False,False,2.200000,2.578688,0.378688
2026-05-26,2026,catboost,0,0,False,False,False,False,False,False,False,False,False,False,2.300000,2.428826,0.128826
2026-05-27,2026,catboost,0,0,False,False,False,False,False,False,False,False,False,False,2.300000,2.384910,0.084910
2026-05-28,2026,catboost,0,0,False,False,False,False,False,False,False,False,False,False,2.300000,2.396831,0.096831
2026-05-29,2026,catboost,0,0,False,False,False,False,False,False,False,False,False,False,2.300000,2.387067,0.087067
2026-05-30,2026,catboost,0,0,False,False,False,False,False,False,False,False,False,False,2.300000,2.478999,0.178999
2026-05-31,2026,catboost,0,0,False,False,False,False,False,False,False,False,False,False,2.300000,2.492950,0.192950
2026-06-01,2026,catboost,0,0,False,False,False,False,False,False,False,False,False,False,2.400000,2.489186,0.089186
2026-06-02,2026,catboost,0,0,False,False,False,False,False,False,False,False,False,False,2.400000,2.408657,0.008657
2026-06-03,2026,catboost,0,0,False,False,False,False,False,False,False,False,False,False,2.200000,2.279656,0.079656
2026-06-04,2026,catboost,0,0,False,False,False,False,False,False,False,False,False,False,2.300000,2.326296,0.026296
2026-06-05,2026,catboost,0,0,False,False,False,False,False,False,False,False,False,False,2.300000,2.330955,0.030955
2026-06-06,2026,catboost,0,0,False,False,False,False,False,False,False,False,False,False,2.300000,2.301332,0.001332
2026-06-07,2026,catboost,0,0,False,False,False,False,False,False,False,False,False,False,2.200000,2.288377,0.088377
2026-06-08,2026,catboost,0,0,False,False,False,False,False,False,False,False,False,False,2.200000,2.297416,0.097416
2026-06-09,2026,catboost,0,0,False,False,False,False,False,False,False,False,False,False,2.200000,2.188115,0.011885
2026-06-10,2026,catboost,0,0,False,False,False,False,False,False,False,False,False,False,2.200000,2.173188,0.026812
2026-06-11,2026,catboost,0,0,False,False,False,False,False,False,False,False,False,False,2.200000,2.293373,0.093373
2026-06-12,2026,catboost,0,0,False,False,False,False,False,False,False,False,False,False,2.200000,2.199357,0.000643
2026-06-13,2026,catboost,0,0,False,False,False,False,False,False,False,False,False,False,2.200000,2.151783,0.048217
2026-06-14,2026,catboost,0,0,False,False,False,False,False,False,False,False,False,False,2.200000,2.200053,0.000053
2026-06-15,2026,catboost,0,0,False,False,False,False,False,False,False,False,False,False,2.200000,2.190779,0.009221
2026-06-16,2026,catboost,0,0,False,False,False,False,False,False,False,False,False,False,2.300000,2.223403,0.076597
2026-06-17,2026,catboost,0,0,False,False,False,False,False,False,False,False,False,False,2.400000,2.344698,0.055302
2026-06-18,2026,catboost,0,0,False,False,False,False,False,False,False,False,False,False,2.200000,2.324931,0.124931
2026-06-19,2026,catboost,0,0,False,False,False,False,False,False,False,False,False,False,2.200000,2.218361,0.018361
2026-06-20,2026,catboost,0,0,False,False,False,False,False,False,False,False,False,False,2.300000,2.220884,0.079116
2026-06-21,2026,catboost,0,0,False,False,False,False,False,False,False,False,False,False,2.300000,2.258223,0.041777
2026-06-22,2026,catboost,0,0,False,False,False,False,False,False,False,False,False,False,2.200000,2.217755,0.017755
2026-06-23,2026,catboost,0,0,False,False,False,False,False,False,False,False,False,False,2.200000,2.173338,0.026662
2026-06-24,2026,catboost,0,0,False,False,False,False,False,False,False,False,False,False,2.200000,2.216080,0.016080
2026-06-25,2026,catboost,0,0,False,False,False,False,False,False,False,False,False,False,2.400000,2.183530,0.216470
2026-06-26,2026,catboost,0,0,False,False,False,False,False,False,False,False,False,False,2.400000,2.203535,0.196465
2026-06-27,2026,catboost,0,1,False,False,False,False,False,False,False,False,False,False,2.200000,2.210003,0.010003
2026-06-28,2026,catboost,0,0,False,False,False,False,False,False,False,False,False,False,2.200000,2.201898,0.001898
2026-06-29,2026,catboost,0,0,False,False,False,False,False,False,False,False,False,False,2.200000,2.206605,0.006605
2026-06-30,2026,catboost,0,0,False,False,False,False,False,False,False,False,False,False,2.200000,2.212713,0.012713
2026-07-01,2026,catboost,0,1,False,False,False,False,False,False,False,False,False,False,2.200000,2.318394,0.118394
2026-07-02,2026,catboost,0,0,False,False,False,False,False,False,False,False,False,False,2.100000,2.296711,0.196711
2026-07-03,2026,catboost,0,0,False,False,False,False,False,False,False,False,False,False,2.100000,2.361993,0.261993
2026-07-04,2026,catboost,0,0,False,False,False,False,False,False,False,False,False,False,2.100000,2.355777,0.255777
2026-07-05,2026,catboost,0,0,False,False,False,False,False,False,False,False,False,False,2.200000,2.355423,0.155423
2026-07-06,2026,catboost,0,0,False,False,False,False,False,False,False,False,False,False,2.200000,2.352311,0.152311
2026-07-07,2026,catboost,0,0,False,False,False,False,False,False,False,False,False,False,2.200000,2.352267,0.152267
2026-07-08,2026,catboost,0,0,False,False,False,False,False,False,False,False,False,False,2.200000,2.209237,0.009237
2026-07-09,2026,catboost,0,1,False,False,False,False,False,False,False,False,False,False,2.100000,2.218744,0.118744
2026-07-10,2026,catboost,0,3,False,False,False,False,False,False,False,False,False,False,2.200000,2.273146,0.073146
2026-07-11,2026,catboost,0,0,False,False,False,False,False,False,False,False,False,False,2.200000,2.211407,0.011407
2026-07-12,2026,catboost,0,0,False,False,False,False,False,False,False,False,False,False,2.200000,2.214669,0.014669
2026-07-13,2026,catboost,0,0,False,False,False,False,False,False,False,False,False,False,2.100000,2.294951,0.194951
2026-07-14,2026,catboost,0,0,False,False,False,False,False,False,False,False,False,False,2.100000,2.206655,0.106655
2026-07-15,2026,catboost,0,0,False,False,False,False,False,False,False,False,False,False,2.100000,2.206344,0.106344
2026-07-16,2026,catboost,0,0,False,False,False,False,False,False,False,False,False,False,2.200000,2.235274,0.035274
2026-07-17,2026,catboost,0,2,False,False,False,False,False,False,False,False,False,False,2.100000,2.234381,0.134381
2026-07-18,2026,catboost,0,4,False,False,False,False,False,False,False,False,False,False,2.100000,2.309772,0.209772
2026-07-19,2026,catboost,0,2,False,False,False,False,False,False,False,False,False,False,2.100000,2.265825,0.165825
2026-07-20,2026,catboost,0,0,False,False,False,False,False,False,False,False,False,False,2.000000,2.200844,0.200844
2026-07-21,2026,catboost,0,0,False,False,False,False,False,False,False,False,False,False,2.000000,2.245114,0.245114
2026-07-22,2026,catboost,0,0,False,False,False,False,False,False,False,False,False,False,2.000000,2.377709,0.377709
2026-07-23,2026,catboost,0,0,False,False,False,False,False,False,False,False,False,False,2.000000,2.145475,0.145475
2026-07-24,2026,catboost,0,1,False,False,False,False,False,False,False,False,False,False,2.100000,2.335211,0.235211
2026-07-25,2026,catboost,0,1,False,False,False,False,False,False,False,False,False,False,2.100000,2.369423,0.269423
2026-07-26,2026,catboost,0,0,False,False,False,False,False,False,False,False,False,False,2.100000,2.196664,0.096664
2026-07-27,2026,catboost,0,0,False,False,False,False,False,False,False,False,False,False,2.000000,2.193464,0.193464
2026-07-28,2026,catboost,0,0,False,False,False,False,False,False,False,False,False,False,2.400000,2.126879,0.273121
2026-07-29,2026,catboost,0,0,False,False,False,False,False,False,False,False,False,False,1.900000,2.277069,0.377069
2026-07-30,2026,catboost,0,1,False,False,False,False,False,False,False,False,False,False,2.000000,2.344788,0.344788
2026-07-31,2026,catboost,0,0,False,False,False,False,False,False,False,False,False,False,2.000000,2.195675,0.195675
2026-08-01,2026,catboost,0,0,False,False,False,False,False,False,False,False,False,False,2.000000,2.267112,0.267112
2026-08-02,2026,catboost,0,0,False,False,False,False,False,False,False,False,False,False,1.800000,2.232355,0.432355
2026-08-03,2026,catboost,0,0,False,False,False,False,False,False,False,False,False,False,1.900000,2.247759,0.347759
2026-08-04,2026,catboost,0,0,False,False,False,False,False,False,False,False,False,False,2.000000,2.244369,0.244369
2026-08-05,2026,catboost,0,0,False,False,False,False,False,False,False,False,False,False,2.000000,2.259195,0.259195
2026-08-06,2026,catboost,0,0,False,False,False,False,False,False,False,False,False,False,1.900000,2.218631,0.318631
2026-08-07,2026,catboost,0,0,False,False,False,False,False,False,False,False,False,False,1.900000,2.207958,0.307958
2026-08-08,2026,catboost,0,0,False,False,False,False,False,False,False,False,False,False,1.900000,2.178089,0.278089
2026-08-09,2026,catboost,0,0,False,False,False,False,False,False,False,False,False,False,2.000000,2.166874,0.166874
2026-08-10,2026,catboost,0,0,False,False,False,False,False,False,False,False,False,False,2.000000,2.225765,0.225765
2026-08-11,2026,catboost,0,0,False,False,False,False,False,False,False,False,False,False,2.000000,2.160143,0.160143
2026-08-12,2026,catboost,0,0,False,False,False,False,False,False,False,False,False,False,2.000000,2.160942,0.160942
2026-08-13,2026,catboost,0,0,False,False,False,False,False,False,False,False,False,False,2.000000,2.193118,0.193118
2026-08-14,2026,catboost,0,0,False,False,False,False,False,False,False,False,False,False,2.000000,2.209998,0.209998
2026-08-18,2026,catboost,0,0,False,False,False,False,False,False,False,False,False,False,2.300000,2.347380,0.047380
2026-08-19,2026,catboost,0,0,False,False,False,False,False,False,False,False,False,False,2.200000,2.338108,0.138108
2026-08-20,2026,catboost,0,0,False,False,False,False,False,False,False,False,False,False,2.100000,2.260991,0.160991
2026-08-21,2026,catboost,0,0,False,False,False,False,False,False,False,False,False,False,2.200000,2.239755,0.039755
2026-08-22,2026,catboost,0,1,False,False,False,False,False,False,False,False,False,False,1.900000,2.392251,0.492251
2026-08-23,2026,catboost,0,1,False,False,False,False,False,False,False,False,False,False,1.900000,2.383280,0.483280
