measDate,Flow_CFS
1900-01-01,175.0
1900-01-02,160.0
1900-01-03,146.0
1900-01-04,146.0
1900-01-05,146.0
1900-01-06,146.0
1900-01-07,133.0
1900-01-08,133.0
1900-01-09,109.0
1900-01-10,87.0
1900-01-11,98.0
1900-01-12,77.0
1900-01-13,87.0
1900-01-14,87.0
1900-01-15,87.0
1900-01-16,77.0
1900-01-17,77.0
1900-01-18,77.0
1900-01-19,87.0
1900-01-20,87.0
1900-01-21,87.0
1900-01-22,87.0
1900-01-23,98.0
1900-01-24,98.0
1900-01-25,87.0
1900-01-26,77.0
1900-01-27,87.0
1900-01-28,87.0
1900-01-29,98.0
1900-01-30,87.0
1900-01-31,68.0
1900-02-01,68.0
1900-02-02,68.0
1900-02-03,59.0
1900-02-04,59.0
1900-02-05,59.0
1900-02-06,59.0
1900-02-07,59.0
1900-02-08,59.0
1900-02-09,59.0
1900-02-10,59.0
1900-02-11,50.0
1900-02-12,50.0
1900-02-13,41.0
1900-02-14,41.0
1900-02-15,41.0
1900-02-16,41.0
1900-02-17,50.0
1900-02-18,50.0
1900-02-19,50.0
1900-02-20,50.0
1900-02-21,59.0
1900-02-22,59.0
1900-02-23,68.0
1900-02-24,59.0
1900-02-25,59.0
1900-02-26,59.0
1900-02-27,59.0
1900-02-28,59.0
1900-03-01,77.0
1900-03-02,87.0
1900-03-03,98.0
1900-03-04,98.0
1900-03-05,98.0
1900-03-06,77.0
1900-03-07,87.0
1900-03-08,109.0
1900-03-09,121.0
1900-03-10,109.0
1900-03-11,121.0
1900-03-12,160.0
1900-03-13,190.0
1900-03-14,225.0
1900-03-15,206.0
1900-03-16,225.0
1900-03-17,206.0
1900-03-18,206.0
1900-03-19,206.0
1900-03-20,190.0
1900-03-21,175.0
1900-03-22,175.0
1900-03-23,175.0
1900-03-24,190.0
1900-03-25,190.0
1900-03-26,190.0
1900-03-27,190.0
1900-03-28,175.0
1900-03-29,175.0
1900-03-30,175.0
1900-03-31,160.0
1900-04-01,160.0
1900-04-02,160.0
1900-04-03,160.0
1900-04-04,175.0
1900-04-05,190.0
1900-04-06,225.0
1900-04-07,225.0
1900-04-08,267.0
1900-04-09,267.0
1900-04-10,291.0
1900-04-11,245.0
1900-04-12,267.0
1900-04-13,317.0
1900-04-14,345.0
1900-04-15,505.0
1900-04-16,505.0
1900-04-17,436.0
1900-04-18,505.0
1900-04-19,622.0
1900-04-20,954.0
1900-04-21,1360.0
1900-04-22,1600.0
1900-04-23,1660.0
1900-04-24,1660.0
1900-04-25,1720.0
1900-04-26,1660.0
1900-04-27,1660.0
1900-04-28,1900.0
1900-04-29,2440.0
1900-04-30,2260.0
1900-05-01,2210.0
1900-05-02,2150.0
1900-05-03,2450.0
1900-05-04,2560.0
1900-05-05,2560.0
1900-05-06,2600.0
1900-05-07,2600.0
1900-05-08,2500.0
1900-05-09,2800.0
1900-05-10,2900.0
1900-05-11,3000.0
1900-05-12,3100.0
1900-05-13,2800.0
1900-05-14,2700.0
1900-05-15,2600.0
1900-05-16,2570.0
1900-05-17,2570.0
1900-05-18,2630.0
1900-05-19,2630.0
1900-05-20,2090.0
1900-05-21,2090.0
1900-05-22,2270.0
1900-05-23,2270.0
1900-05-24,2150.0
1900-05-25,2150.0
1900-05-26,2270.0
1900-05-27,2330.0
1900-05-28,2510.0
1900-05-29,2570.0
1900-05-30,2630.0
1900-05-31,2690.0
1900-06-01,
1900-06-02,
1900-06-03,
1900-06-04,
1900-06-05,
1900-06-06,
1900-06-07,
1900-06-08,
1900-06-09,
1900-06-10,
1900-06-11,
1900-06-12,
1900-06-13,
1900-06-14,
1900-06-15,
1900-06-16,
1900-06-17,
1900-06-18,
1900-06-19,
1900-06-20,
1900-06-21,
1900-06-22,
1900-06-23,
1900-06-24,
1900-06-25,
1900-06-26,
1900-06-27,
1900-06-28,
1900-06-29,
1900-06-30,
1900-07-01,
1900-07-02,
1900-07-03,
1900-07-04,
1900-07-05,
1900-07-06,
1900-07-07,
1900-07-08,
1900-07-09,
1900-07-10,
1900-07-11,
1900-07-12,
1900-07-13,
1900-07-14,
1900-07-15,
1900-07-16,
1900-07-17,
1900-07-18,
1900-07-19,
1900-07-20,
1900-07-21,
1900-07-22,
1900-07-23,
1900-07-24,
1900-07-25,
1900-07-26,
1900-07-27,
1900-07-28,
1900-07-29,
1900-07-30,
1900-07-31,
1900-08-01,
1900-08-02,
1900-08-03,
1900-08-04,
1900-08-05,
1900-08-06,
1900-08-07,
1900-08-08,
1900-08-09,
1900-08-10,
1900-08-11,
1900-08-12,
1900-08-13,
1900-08-14,
1900-08-15,
1900-08-16,
1900-08-17,
1900-08-18,
1900-08-19,
1900-08-20,
1900-08-21,
1900-08-22,
1900-08-23,
1900-08-24,
1900-08-25,
1900-08-26,
1900-08-27,
1900-08-28,
1900-08-29,
1900-08-30,
1900-08-31,
1900-09-01,
1900-09-02,
1900-09-03,
1900-09-04,
1900-09-05,
1900-09-06,
1900-09-07,
1900-09-08,
1900-09-09,
1900-09-10,
1900-09-11,
1900-09-12,
1900-09-13,
1900-09-14,
1900-09-15,
1900-09-16,
1900-09-17,
1900-09-18,
1900-09-19,
1900-09-20,
1900-09-21,
1900-09-22,
1900-09-23,
1900-09-24,
1900-09-25,
1900-09-26,
1900-09-27,
1900-09-28,
1900-09-29,
1900-09-30,
1900-10-01,
1900-10-02,
1900-10-03,
1900-10-04,
1900-10-05,
1900-10-06,
1900-10-07,
1900-10-08,
1900-10-09,
1900-10-10,
1900-10-11,
1900-10-12,
1900-10-13,
1900-10-14,
1900-10-15,
1900-10-16,
1900-10-17,
1900-10-18,
1900-10-19,
1900-10-20,
1900-10-21,
1900-10-22,
1900-10-23,
1900-10-24,
1900-10-25,
1900-10-26,
1900-10-27,
1900-10-28,
1900-10-29,
1900-10-30,
1900-10-31,
1900-11-01,
1900-11-02,
1900-11-03,
1900-11-04,
1900-11-05,
1900-11-06,
1900-11-07,
1900-11-08,
1900-11-09,
1900-11-10,
1900-11-11,
1900-11-12,
1900-11-13,
1900-11-14,
1900-11-15,
1900-11-16,
1900-11-17,
1900-11-18,
1900-11-19,
1900-11-20,
1900-11-21,
1900-11-22,
1900-11-23,
1900-11-24,
1900-11-25,
1900-11-26,
1900-11-27,
1900-11-28,
1900-11-29,
1900-11-30,
1900-12-01,
1900-12-02,
1900-12-03,
1900-12-04,
1900-12-05,
1900-12-06,
1900-12-07,
1900-12-08,
1900-12-09,
1900-12-10,
1900-12-11,
1900-12-12,
1900-12-13,
1900-12-14,
1900-12-15,
1900-12-16,
1900-12-17,
1900-12-18,
1900-12-19,
1900-12-20,
1900-12-21,
1900-12-22,
1900-12-23,
1900-12-24,
1900-12-25,
1900-12-26,
1900-12-27,
1900-12-28,
1900-12-29,
1900-12-30,
1900-12-31,
1901-01-01,
1901-01-02,
1901-01-03,
1901-01-04,
1901-01-05,
1901-01-06,
1901-01-07,
1901-01-08,
1901-01-09,
1901-01-10,
1901-01-11,
1901-01-12,
1901-01-13,
1901-01-14,
1901-01-15,
1901-01-16,
1901-01-17,
1901-01-18,
1901-01-19,
1901-01-20,
1901-01-21,
1901-01-22,
1901-01-23,
1901-01-24,
1901-01-25,
1901-01-26,
1901-01-27,
1901-01-28,
1901-01-29,
1901-01-30,
1901-01-31,
1901-02-01,
1901-02-02,
1901-02-03,
1901-02-04,
1901-02-05,
1901-02-06,
1901-02-07,
1901-02-08,
1901-02-09,
1901-02-10,
1901-02-11,
1901-02-12,
1901-02-13,
1901-02-14,
1901-02-15,
1901-02-16,
1901-02-17,
1901-02-18,
1901-02-19,
1901-02-20,
1901-02-21,
1901-02-22,
1901-02-23,
1901-02-24,
1901-02-25,
1901-02-26,
1901-02-27,
1901-02-28,
1901-03-01,
1901-03-02,
1901-03-03,
1901-03-04,
1901-03-05,
1901-03-06,
1901-03-07,
1901-03-08,
1901-03-09,
1901-03-10,
1901-03-11,
1901-03-12,
1901-03-13,
1901-03-14,
1901-03-15,
1901-03-16,
1901-03-17,
1901-03-18,
1901-03-19,
1901-03-20,
1901-03-21,
1901-03-22,
1901-03-23,
1901-03-24,
1901-03-25,
1901-03-26,
1901-03-27,
1901-03-28,
1901-03-29,
1901-03-30,
1901-03-31,
1901-04-01,
1901-04-02,
1901-04-03,
1901-04-04,
1901-04-05,
1901-04-06,
1901-04-07,
1901-04-08,
1901-04-09,
1901-04-10,
1901-04-11,
1901-04-12,
1901-04-13,
1901-04-14,
1901-04-15,
1901-04-16,
1901-04-17,
1901-04-18,
1901-04-19,
1901-04-20,
1901-04-21,
1901-04-22,
1901-04-23,
1901-04-24,
1901-04-25,
1901-04-26,
1901-04-27,
1901-04-28,
1901-04-29,
1901-04-30,
1901-05-01,
1901-05-02,
1901-05-03,
1901-05-04,
1901-05-05,
1901-05-06,
1901-05-07,
1901-05-08,
1901-05-09,
1901-05-10,
1901-05-11,
1901-05-12,
1901-05-13,
1901-05-14,
1901-05-15,
1901-05-16,
1901-05-17,
1901-05-18,
1901-05-19,
1901-05-20,
1901-05-21,
1901-05-22,
1901-05-23,
1901-05-24,
1901-05-25,
1901-05-26,
1901-05-27,
1901-05-28,
1901-05-29,
1901-05-30,
1901-05-31,
1901-06-01,1040.0
1901-06-02,1100.0
1901-06-03,1100.0
1901-06-04,1070.0
1901-06-05,1010.0
1901-06-06,628.0
1901-06-07,393.0
1901-06-08,407.0
1901-06-09,547.0
1901-06-10,521.0
1901-06-11,470.0
1901-06-12,444.0
1901-06-13,523.0
1901-06-14,550.0
1901-06-15,812.0
1901-06-16,866.0
1901-06-17,826.0
1901-06-18,586.0
1901-06-19,505.0
1901-06-20,525.0
1901-06-21,453.0
1901-06-22,469.0
1901-06-23,525.0
1901-06-24,505.0
1901-06-25,487.0
1901-06-26,505.0
1901-06-27,437.0
1901-06-28,446.0
1901-06-29,428.0
1901-06-30,390.0
1901-07-01,376.0
1901-07-02,444.0
1901-07-03,394.0
1901-07-04,346.0
1901-07-05,300.0
1901-07-06,278.0
1901-07-07,300.0
1901-07-08,300.0
1901-07-09,300.0
1901-07-10,278.0
1901-07-11,256.0
1901-07-12,256.0
1901-07-13,235.0
1901-07-14,214.0
1901-07-15,214.0
1901-07-16,195.0
1901-07-17,174.0
1901-07-18,174.0
1901-07-19,175.0
1901-07-20,175.0
1901-07-21,139.0
1901-07-22,139.0
1901-07-23,157.0
1901-07-24,157.0
1901-07-25,175.0
1901-07-26,175.0
1901-07-27,235.0
1901-07-28,232.0
1901-07-29,228.0
1901-07-30,223.0
1901-07-31,217.0
1901-08-01,211.0
1901-08-02,205.0
1901-08-03,199.0
1901-08-04,276.0
1901-08-05,337.0
1901-08-06,840.0
1901-08-07,634.0
1901-08-08,676.0
1901-08-09,697.0
1901-08-10,994.0
1901-08-11,760.0
1901-08-12,550.0
1901-08-13,370.0
1901-08-14,323.0
1901-08-15,300.0
1901-08-16,256.0
1901-08-17,235.0
1901-08-18,370.0
1901-08-19,346.0
1901-08-20,394.0
1901-08-21,370.0
1901-08-22,346.0
1901-08-23,323.0
1901-08-24,278.0
1901-08-25,278.0
1901-08-26,256.0
1901-08-27,256.0
1901-08-28,235.0
1901-08-29,256.0
1901-08-30,323.0
1901-08-31,370.0
1901-09-01,346.0
1901-09-02,346.0
1901-09-03,323.0
1901-09-04,300.0
1901-09-05,256.0
1901-09-06,235.0
1901-09-07,214.0
1901-09-08,214.0
1901-09-09,195.0
1901-09-10,175.0
1901-09-11,195.0
1901-09-12,195.0
1901-09-13,175.0
1901-09-14,157.0
1901-09-15,175.0
1901-09-16,175.0
1901-09-17,157.0
1901-09-18,157.0
1901-09-19,139.0
1901-09-20,139.0
1901-09-21,157.0
1901-09-22,139.0
1901-09-23,157.0
1901-09-24,157.0
1901-09-25,139.0
1901-09-26,123.0
1901-09-27,139.0
1901-09-28,157.0
1901-09-29,139.0
1901-09-30,139.0
1901-10-01,123.0
1901-10-02,123.0
1901-10-03,117.0
1901-10-04,100.0
1901-10-05,100.0
1901-10-06,114.0
1901-10-07,143.0
1901-10-08,128.0
1901-10-09,128.0
1901-10-10,143.0
1901-10-11,158.0
1901-10-12,158.0
1901-10-13,178.0
1901-10-14,178.0
1901-10-15,158.0
1901-10-16,127.0
1901-10-17,108.0
1901-10-18,108.0
1901-10-19,100.0
1901-10-20,100.0
1901-10-21,96.0
1901-10-22,81.0
1901-10-23,85.0
1901-10-24,89.0
1901-10-25,89.0
1901-10-26,93.0
1901-10-27,93.0
1901-10-28,93.0
1901-10-29,93.0
1901-10-30,93.0
1901-10-31,93.0
1901-11-01,110.0
1901-11-02,110.0
1901-11-03,110.0
1901-11-04,110.0
1901-11-05,110.0
1901-11-06,110.0
1901-11-07,110.0
1901-11-08,110.0
1901-11-09,110.0
1901-11-10,110.0
1901-11-11,110.0
1901-11-12,110.0
1901-11-13,110.0
1901-11-14,110.0
1901-11-15,110.0
1901-11-16,110.0
1901-11-17,110.0
1901-11-18,110.0
1901-11-19,110.0
1901-11-20,110.0
1901-11-21,110.0
1901-11-22,110.0
1901-11-23,110.0
1901-11-24,110.0
1901-11-25,110.0
1901-11-26,110.0
1901-11-27,110.0
1901-11-28,110.0
1901-11-29,110.0
1901-11-30,110.0
1901-12-01,110.0
1901-12-02,110.0
1901-12-03,110.0
1901-12-04,110.0
1901-12-05,110.0
1901-12-06,110.0
1901-12-07,110.0
1901-12-08,110.0
1901-12-09,110.0
1901-12-10,110.0
1901-12-11,110.0
1901-12-12,110.0
1901-12-13,110.0
1901-12-14,110.0
1901-12-15,110.0
1901-12-16,110.0
1901-12-17,110.0
1901-12-18,110.0
1901-12-19,110.0
1901-12-20,110.0
1901-12-21,110.0
1901-12-22,110.0
1901-12-23,110.0
1901-12-24,110.0
1901-12-25,110.0
1901-12-26,110.0
1901-12-27,110.0
1901-12-28,110.0
1901-12-29,110.0
1901-12-30,110.0
1901-12-31,110.0
1902-01-01,75.0
1902-01-02,75.0
1902-01-03,75.0
1902-01-04,75.0
1902-01-05,75.0
1902-01-06,75.0
1902-01-07,75.0
1902-01-08,75.0
1902-01-09,75.0
1902-01-10,75.0
1902-01-11,75.0
1902-01-12,75.0
1902-01-13,75.0
1902-01-14,75.0
1902-01-15,75.0
1902-01-16,75.0
1902-01-17,75.0
1902-01-18,75.0
1902-01-19,75.0
1902-01-20,75.0
1902-01-21,75.0
1902-01-22,75.0
1902-01-23,75.0
1902-01-24,75.0
1902-01-25,75.0
1902-01-26,75.0
1902-01-27,75.0
1902-01-28,75.0
1902-01-29,75.0
1902-01-30,75.0
1902-01-31,75.0
1902-02-01,70.0
1902-02-02,70.0
1902-02-03,70.0
1902-02-04,70.0
1902-02-05,70.0
1902-02-06,70.0
1902-02-07,70.0
1902-02-08,70.0
1902-02-09,70.0
1902-02-10,70.0
1902-02-11,70.0
1902-02-12,70.0
1902-02-13,70.0
1902-02-14,70.0
1902-02-15,70.0
1902-02-16,70.0
1902-02-17,70.0
1902-02-18,70.0
1902-02-19,70.0
1902-02-20,70.0
1902-02-21,70.0
1902-02-22,70.0
1902-02-23,70.0
1902-02-24,70.0
1902-02-25,70.0
1902-02-26,70.0
1902-02-27,70.0
1902-02-28,70.0
1902-03-01,125.0
1902-03-02,125.0
1902-03-03,125.0
1902-03-04,125.0
1902-03-05,125.0
1902-03-06,125.0
1902-03-07,125.0
1902-03-08,125.0
1902-03-09,125.0
1902-03-10,125.0
1902-03-11,125.0
1902-03-12,125.0
1902-03-13,125.0
1902-03-14,125.0
1902-03-15,125.0
1902-03-16,125.0
1902-03-17,125.0
1902-03-18,125.0
1902-03-19,125.0
1902-03-20,125.0
1902-03-21,125.0
1902-03-22,125.0
1902-03-23,125.0
1902-03-24,125.0
1902-03-25,125.0
1902-03-26,125.0
1902-03-27,125.0
1902-03-28,125.0
1902-03-29,125.0
1902-03-30,125.0
1902-03-31,125.0
1902-04-01,143.0
1902-04-02,143.0
1902-04-03,127.0
1902-04-04,119.0
1902-04-05,119.0
1902-04-06,143.0
1902-04-07,160.0
1902-04-08,218.0
1902-04-09,593.0
1902-04-10,414.0
1902-04-11,467.0
1902-04-12,290.0
1902-04-13,414.0
1902-04-14,449.0
1902-04-15,431.0
1902-04-16,304.0
1902-04-17,252.0
1902-04-18,240.0
1902-04-19,240.0
1902-04-20,264.0
1902-04-21,264.0
1902-04-22,575.0
1902-04-23,197.0
1902-04-24,178.0
1902-04-25,178.0
1902-04-26,178.0
1902-04-27,178.0
1902-04-28,178.0
1902-04-29,160.0
1902-04-30,178.0
1902-05-01,65.0
1902-05-02,119.0
1902-05-03,197.0
1902-05-04,119.0
1902-05-05,119.0
1902-05-06,119.0
1902-05-07,119.0
1902-05-08,119.0
1902-05-09,65.0
1902-05-10,119.0
1902-05-11,135.0
1902-05-12,229.0
1902-05-13,229.0
1902-05-14,229.0
1902-05-15,229.0
1902-05-16,229.0
1902-05-17,229.0
1902-05-18,218.0
1902-05-19,207.0
1902-05-20,119.0
1902-05-21,65.0
1902-05-22,178.0
1902-05-23,169.0
1902-05-24,160.0
1902-05-25,151.0
1902-05-26,105.0
1902-05-27,252.0
1902-05-28,290.0
1902-05-29,364.0
1902-05-30,333.0
1902-05-31,304.0
1902-06-01,318.0
1902-06-02,229.0
1902-06-03,119.0
1902-06-04,119.0
1902-06-05,119.0
1902-06-06,119.0
1902-06-07,119.0
1902-06-08,119.0
1902-06-09,119.0
1902-06-10,65.0
1902-06-11,119.0
1902-06-12,65.0
1902-06-13,112.0
1902-06-14,105.0
1902-06-15,112.0
1902-06-16,112.0
1902-06-17,105.0
1902-06-18,105.0
1902-06-19,105.0
1902-06-20,105.0
1902-06-21,160.0
1902-06-22,151.0
1902-06-23,127.0
1902-06-24,127.0
1902-06-25,119.0
1902-06-26,112.0
1902-06-27,119.0
1902-06-28,112.0
1902-06-29,169.0
1902-06-30,135.0
1902-07-01,119.0
1902-07-02,112.0
1902-07-03,112.0
1902-07-04,112.0
1902-07-05,98.0
1902-07-06,92.0
1902-07-07,86.0
1902-07-08,86.0
1902-07-09,86.0
1902-07-10,98.0
1902-07-11,80.0
1902-07-12,92.0
1902-07-13,92.0
1902-07-14,80.0
1902-07-15,70.0
1902-07-16,55.0
1902-07-17,92.0
1902-07-18,98.0
1902-07-19,98.0
1902-07-20,92.0
1902-07-21,80.0
1902-07-22,75.0
1902-07-23,80.0
1902-07-24,75.0
1902-07-25,75.0
1902-07-26,75.0
1902-07-27,75.0
1902-07-28,70.0
1902-07-29,70.0
1902-07-30,65.0
1902-07-31,55.0
1902-08-01,55.0
1902-08-02,55.0
1902-08-03,55.0
1902-08-04,21.0
1902-08-05,80.0
1902-08-06,127.0
1902-08-07,86.0
1902-08-08,75.0
1902-08-09,65.0
1902-08-10,65.0
1902-08-11,65.0
1902-08-12,55.0
1902-08-13,60.0
1902-08-14,55.0
1902-08-15,70.0
1902-08-16,86.0
1902-08-17,98.0
1902-08-18,98.0
1902-08-19,98.0
1902-08-20,98.0
1902-08-21,98.0
1902-08-22,127.0
1902-08-23,127.0
1902-08-24,75.0
1902-08-25,75.0
1902-08-26,98.0
1902-08-27,98.0
1902-08-28,98.0
1902-08-29,92.0
1902-08-30,75.0
1902-08-31,80.0
1902-09-01,75.0
1902-09-02,75.0
1902-09-03,75.0
1902-09-04,80.0
1902-09-05,75.0
1902-09-06,86.0
1902-09-07,86.0
1902-09-08,86.0
1902-09-09,98.0
1902-09-10,86.0
1902-09-11,86.0
1902-09-12,75.0
1902-09-13,80.0
1902-09-14,86.0
1902-09-15,86.0
1902-09-16,86.0
1902-09-17,75.0
1902-09-18,75.0
1902-09-19,75.0
1902-09-20,86.0
1902-09-21,98.0
1902-09-22,127.0
1902-09-23,92.0
1902-09-24,80.0
1902-09-25,70.0
1902-09-26,65.0
1902-09-27,65.0
1902-09-28,70.0
1902-09-29,75.0
1902-09-30,75.0
1902-10-01,75.0
1902-10-02,86.0
1902-10-03,75.0
1902-10-04,65.0
1902-10-05,65.0
1902-10-06,75.0
1902-10-07,65.0
1902-10-08,65.0
1902-10-09,65.0
1902-10-10,55.0
1902-10-11,55.0
1902-10-12,75.0
1902-10-13,75.0
1902-10-14,65.0
1902-10-15,65.0
1902-10-16,65.0
1902-10-17,65.0
1902-10-18,65.0
1902-10-19,55.0
1902-10-20,55.0
1902-10-21,55.0
1902-10-22,55.0
1902-10-23,50.0
1902-10-24,45.0
1902-10-25,45.0
1902-10-26,55.0
1902-10-27,55.0
1902-10-28,50.0
1902-10-29,55.0
1902-10-30,55.0
1902-10-31,55.0
1902-11-01,50.0
1902-11-02,50.0
1902-11-03,50.0
1902-11-04,50.0
1902-11-05,50.0
1902-11-06,40.0
1902-11-07,40.0
1902-11-08,45.0
1902-11-09,50.0
1902-11-10,55.0
1902-11-11,55.0
1902-11-12,65.0
1902-11-13,65.0
1902-11-14,65.0
1902-11-15,65.0
1902-11-16,65.0
1902-11-17,65.0
1902-11-18,65.0
1902-11-19,65.0
1902-11-20,65.0
1902-11-21,65.0
1902-11-22,65.0
1902-11-23,65.0
1902-11-24,65.0
1902-11-25,65.0
1902-11-26,65.0
1902-11-27,65.0
1902-11-28,65.0
1902-11-29,65.0
1902-11-30,65.0
1902-12-01,55.0
1902-12-02,55.0
1902-12-03,55.0
1902-12-04,55.0
1902-12-05,55.0
1902-12-06,55.0
1902-12-07,55.0
1902-12-08,55.0
1902-12-09,55.0
1902-12-10,55.0
1902-12-11,55.0
1902-12-12,55.0
1902-12-13,55.0
1902-12-14,55.0
1902-12-15,55.0
1902-12-16,55.0
1902-12-17,55.0
1902-12-18,55.0
1902-12-19,55.0
1902-12-20,55.0
1902-12-21,55.0
1902-12-22,55.0
1902-12-23,55.0
1902-12-24,55.0
1902-12-25,55.0
1902-12-26,55.0
1902-12-27,55.0
1902-12-28,55.0
1902-12-29,55.0
1902-12-30,55.0
1902-12-31,55.0
1903-01-01,55.0
1903-01-02,55.0
1903-01-03,55.0
1903-01-04,55.0
1903-01-05,55.0
1903-01-06,55.0
1903-01-07,55.0
1903-01-08,55.0
1903-01-09,55.0
1903-01-10,55.0
1903-01-11,55.0
1903-01-12,55.0
1903-01-13,55.0
1903-01-14,55.0
1903-01-15,55.0
1903-01-16,55.0
1903-01-17,55.0
1903-01-18,55.0
1903-01-19,55.0
1903-01-20,55.0
1903-01-21,55.0
1903-01-22,55.0
1903-01-23,55.0
1903-01-24,55.0
1903-01-25,55.0
1903-01-26,55.0
1903-01-27,55.0
1903-01-28,55.0
1903-01-29,55.0
1903-01-30,55.0
1903-01-31,55.0
1903-02-01,60.0
1903-02-02,60.0
1903-02-03,60.0
1903-02-04,60.0
1903-02-05,60.0
1903-02-06,60.0
1903-02-07,60.0
1903-02-08,60.0
1903-02-09,60.0
1903-02-10,60.0
1903-02-11,60.0
1903-02-12,60.0
1903-02-13,60.0
1903-02-14,60.0
1903-02-15,60.0
1903-02-16,60.0
1903-02-17,60.0
1903-02-18,60.0
1903-02-19,60.0
1903-02-20,60.0
1903-02-21,60.0
1903-02-22,60.0
1903-02-23,60.0
1903-02-24,60.0
1903-02-25,60.0
1903-02-26,60.0
1903-02-27,60.0
1903-02-28,60.0
1903-03-01,58.0
1903-03-02,58.0
1903-03-03,58.0
1903-03-04,58.0
1903-03-05,58.0
1903-03-06,58.0
1903-03-07,58.0
1903-03-08,58.0
1903-03-09,58.0
1903-03-10,58.0
1903-03-11,58.0
1903-03-12,59.0
1903-03-13,59.0
1903-03-14,59.0
1903-03-15,59.0
1903-03-16,59.0
1903-03-17,59.0
1903-03-18,59.0
1903-03-19,59.0
1903-03-20,59.0
1903-03-21,59.0
1903-03-22,59.0
1903-03-23,59.0
1903-03-24,59.0
1903-03-25,59.0
1903-03-26,59.0
1903-03-27,59.0
1903-03-28,96.0
1903-03-29,123.0
1903-03-30,109.0
1903-03-31,105.0
1903-04-01,114.0
1903-04-02,114.0
1903-04-03,96.0
1903-04-04,123.0
1903-04-05,134.0
1903-04-06,105.0
1903-04-07,110.0
1903-04-08,105.0
1903-04-09,119.0
1903-04-10,119.0
1903-04-11,123.0
1903-04-12,202.0
1903-04-13,132.0
1903-04-14,123.0
1903-04-15,128.0
1903-04-16,123.0
1903-04-17,128.0
1903-04-18,180.0
1903-04-19,162.0
1903-04-20,180.0
1903-04-21,180.0
1903-04-22,180.0
1903-04-23,173.0
1903-04-24,148.0
1903-04-25,169.0
1903-04-26,162.0
1903-04-27,173.0
1903-04-28,180.0
1903-04-29,184.0
1903-04-30,148.0
1903-05-01,173.0
1903-05-02,162.0
1903-05-03,169.0
1903-05-04,169.0
1903-05-05,158.0
1903-05-06,162.0
1903-05-07,184.0
1903-05-08,206.0
1903-05-09,224.0
1903-05-10,228.0
1903-05-11,259.0
1903-05-12,235.0
1903-05-13,264.0
1903-05-14,283.0
1903-05-15,295.0
1903-05-16,276.0
1903-05-17,295.0
1903-05-18,259.0
1903-05-19,228.0
1903-05-20,195.0
1903-05-21,169.0
1903-05-22,184.0
1903-05-23,169.0
1903-05-24,158.0
1903-05-25,235.0
1903-05-26,202.0
1903-05-27,288.0
1903-05-28,184.0
1903-05-29,191.0
1903-05-30,173.0
1903-05-31,202.0
1903-06-01,276.0
1903-06-02,264.0
1903-06-03,307.0
1903-06-04,345.0
1903-06-05,345.0
1903-06-06,358.0
1903-06-07,410.0
1903-06-08,436.0
1903-06-09,522.0
1903-06-10,627.0
1903-06-11,695.0
1903-06-12,1040.0
1903-06-13,1080.0
1903-06-14,1360.0
1903-06-15,1640.0
1903-06-16,1620.0
1903-06-17,1680.0
1903-06-18,1640.0
1903-06-19,1540.0
1903-06-20,1210.0
1903-06-21,1190.0
1903-06-22,1140.0
1903-06-23,1070.0
1903-06-24,914.0
1903-06-25,937.0
1903-06-26,762.0
1903-06-27,654.0
1903-06-28,513.0
1903-06-29,595.0
1903-06-30,654.0
1903-07-01,623.0
1903-07-02,553.0
1903-07-03,526.0
1903-07-04,526.0
1903-07-05,432.0
1903-07-06,413.0
1903-07-07,378.0
1903-07-08,345.0
1903-07-09,378.0
1903-07-10,352.0
1903-07-11,352.0
1903-07-12,345.0
1903-07-13,330.0
1903-07-14,334.0
1903-07-15,363.0
1903-07-16,330.0
1903-07-17,345.0
1903-07-18,374.0
1903-07-19,378.0
1903-07-20,363.0
1903-07-21,345.0
1903-07-22,323.0
1903-07-23,290.0
1903-07-24,286.0
1903-07-25,260.0
1903-07-26,240.0
1903-07-27,270.0
1903-07-28,236.0
1903-07-29,231.0
1903-07-30,209.0
1903-07-31,200.0
1903-08-01,186.0
1903-08-02,169.0
1903-08-03,158.0
1903-08-04,145.0
1903-08-05,161.0
1903-08-06,153.0
1903-08-07,145.0
1903-08-08,137.0
1903-08-09,129.0
1903-08-10,161.0
1903-08-11,182.0
1903-08-12,158.0
1903-08-13,153.0
1903-08-14,150.0
1903-08-15,150.0
1903-08-16,186.0
1903-08-17,218.0
1903-08-18,280.0
1903-08-19,266.0
1903-08-20,218.0
1903-08-21,236.0
1903-08-22,487.0
1903-08-23,345.0
1903-08-24,345.0
1903-08-25,280.0
1903-08-26,280.0
1903-08-27,286.0
1903-08-28,286.0
1903-08-29,290.0
1903-08-30,323.0
1903-08-31,312.0
1903-09-01,308.0
1903-09-02,290.0
1903-09-03,280.0
1903-09-04,280.0
1903-09-05,270.0
1903-09-06,260.0
1903-09-07,260.0
1903-09-08,256.0
1903-09-09,246.0
1903-09-10,250.0
1903-09-11,250.0
1903-09-12,260.0
1903-09-13,270.0
1903-09-14,290.0
1903-09-15,301.0
1903-09-16,290.0
1903-09-17,213.0
1903-09-18,152.0
1903-09-19,142.0
1903-09-20,152.0
1903-09-21,142.0
1903-09-22,152.0
1903-09-23,138.0
1903-09-24,128.0
1903-09-25,123.0
1903-09-26,105.0
1903-09-27,123.0
1903-09-28,132.0
1903-09-29,142.0
1903-09-30,132.0
1903-10-01,123.0
1903-10-02,119.0
1903-10-03,110.0
1903-10-04,114.0
1903-10-05,123.0
1903-10-06,114.0
1903-10-07,96.0
1903-10-08,92.0
1903-10-09,105.0
1903-10-10,87.0
1903-10-11,78.0
1903-10-12,78.0
1903-10-13,75.0
1903-10-14,75.0
1903-10-15,87.0
1903-10-16,110.0
1903-10-17,123.0
1903-10-18,87.0
1903-10-19,128.0
1903-10-20,162.0
1903-10-21,142.0
1903-10-22,142.0
1903-10-23,142.0
1903-10-24,123.0
1903-10-25,123.0
1903-10-26,132.0
1903-10-27,123.0
1903-10-28,123.0
1903-10-29,119.0
1903-10-30,119.0
1903-10-31,123.0
1903-11-01,114.0
1903-11-02,123.0
1903-11-03,123.0
1903-11-04,152.0
1903-11-05,158.0
1903-11-06,240.0
1903-11-07,371.0
1903-11-08,371.0
1903-11-09,358.0
1903-11-10,295.0
1903-11-11,228.0
1903-11-12,180.0
1903-11-13,152.0
1903-11-14,123.0
1903-11-15,101.0
1903-11-16,92.0
1903-11-17,105.0
1903-11-18,123.0
1903-11-19,132.0
1903-11-20,191.0
1903-11-21,142.0
1903-11-22,123.0
1903-11-23,119.0
1903-11-24,105.0
1903-11-25,110.0
1903-11-26,114.0
1903-11-27,119.0
1903-11-28,105.0
1903-11-29,105.0
1903-11-30,110.0
1903-12-01,105.0
1903-12-02,96.0
1903-12-03,123.0
1903-12-04,110.0
1903-12-05,105.0
1903-12-06,101.0
1903-12-07,87.0
1903-12-08,96.0
1903-12-09,105.0
1903-12-10,96.0
1903-12-11,78.0
1903-12-12,70.0
1903-12-13,87.0
1903-12-14,92.0
1903-12-15,70.0
1903-12-16,87.0
1903-12-17,96.0
1903-12-18,105.0
1903-12-19,87.0
1903-12-20,70.0
1903-12-21,67.0
1903-12-22,67.0
1903-12-23,75.0
1903-12-24,87.0
1903-12-25,70.0
1903-12-26,62.0
1903-12-27,54.0
1903-12-28,92.0
1903-12-29,169.0
1903-12-30,217.0
1903-12-31,184.0
1904-01-01,55.0
1904-01-02,55.0
1904-01-03,55.0
1904-01-04,55.0
1904-01-05,55.0
1904-01-06,55.0
1904-01-07,55.0
1904-01-08,55.0
1904-01-09,55.0
1904-01-10,55.0
1904-01-11,55.0
1904-01-12,55.0
1904-01-13,55.0
1904-01-14,55.0
1904-01-15,55.0
1904-01-16,55.0
1904-01-17,55.0
1904-01-18,55.0
1904-01-19,55.0
1904-01-20,55.0
1904-01-21,55.0
1904-01-22,55.0
1904-01-23,55.0
1904-01-24,55.0
1904-01-25,55.0
1904-01-26,55.0
1904-01-27,55.0
1904-01-28,55.0
1904-01-29,55.0
1904-01-30,55.0
1904-01-31,55.0
1904-02-01,55.0
1904-02-02,55.0
1904-02-03,55.0
1904-02-04,55.0
1904-02-05,55.0
1904-02-06,55.0
1904-02-07,55.0
1904-02-08,55.0
1904-02-09,55.0
1904-02-10,55.0
1904-02-11,55.0
1904-02-12,55.0
1904-02-13,55.0
1904-02-14,55.0
1904-02-15,55.0
1904-02-16,55.0
1904-02-17,55.0
1904-02-18,55.0
1904-02-19,55.0
1904-02-20,55.0
1904-02-21,55.0
1904-02-22,55.0
1904-02-23,55.0
1904-02-24,55.0
1904-02-25,55.0
1904-02-26,55.0
1904-02-27,55.0
1904-02-28,55.0
1904-02-29,55.0
1904-03-01,55.0
1904-03-02,55.0
1904-03-03,58.0
1904-03-04,51.0
1904-03-05,58.0
1904-03-06,64.0
1904-03-07,64.0
1904-03-08,58.0
1904-03-09,54.0
1904-03-10,50.0
1904-03-11,45.0
1904-03-12,40.0
1904-03-13,37.0
1904-03-14,37.0
1904-03-15,40.0
1904-03-16,54.0
1904-03-17,40.0
1904-03-18,58.0
1904-03-19,64.0
1904-03-20,54.0
1904-03-21,54.0
1904-03-22,58.0
1904-03-23,54.0
1904-03-24,51.0
1904-03-25,37.0
1904-03-26,51.0
1904-03-27,58.0
1904-03-28,51.0
1904-03-29,58.0
1904-03-30,54.0
1904-03-31,71.0
1904-04-01,58.0
1904-04-02,75.0
1904-04-03,75.0
1904-04-04,79.0
1904-04-05,79.0
1904-04-06,71.0
1904-04-07,79.0
1904-04-08,86.0
1904-04-09,116.0
1904-04-10,116.0
1904-04-11,147.0
1904-04-12,214.0
1904-04-13,214.0
1904-04-14,257.0
1904-04-15,214.0
1904-04-16,242.0
1904-04-17,281.0
1904-04-18,341.0
1904-04-19,323.0
1904-04-20,323.0
1904-04-21,257.0
1904-04-22,251.0
1904-04-23,263.0
1904-04-24,214.0
1904-04-25,178.0
1904-04-26,214.0
1904-04-27,242.0
1904-04-28,281.0
1904-04-29,332.0
1904-04-30,257.0
1904-05-01,214.0
1904-05-02,287.0
1904-05-03,362.0
1904-05-04,323.0
1904-05-05,323.0
1904-05-06,347.0
1904-05-07,413.0
1904-05-08,407.0
1904-05-09,401.0
1904-05-10,377.0
1904-05-11,401.0
1904-05-12,423.0
1904-05-13,502.0
1904-05-14,600.0
1904-05-15,593.0
1904-05-16,508.0
1904-05-17,432.0
1904-05-18,438.0
1904-05-19,454.0
1904-05-20,583.0
1904-05-21,496.0
1904-05-22,502.0
1904-05-23,767.0
1904-05-24,774.0
1904-05-25,685.0
1904-05-26,567.0
1904-05-27,508.0
1904-05-28,476.0
1904-05-29,438.0
1904-05-30,463.0
1904-05-31,518.0
1904-06-01,454.0
1904-06-02,470.0
1904-06-03,792.0
1904-06-04,470.0
1904-06-05,413.0
1904-06-06,407.0
1904-06-07,432.0
1904-06-08,508.0
1904-06-09,502.0
1904-06-10,444.0
1904-06-11,423.0
1904-06-12,617.0
1904-06-13,685.0
1904-06-14,617.0
1904-06-15,675.0
1904-06-16,583.0
1904-06-17,600.0
1904-06-18,550.0
1904-06-19,641.0
1904-06-20,583.0
1904-06-21,560.0
1904-06-22,502.0
1904-06-23,476.0
1904-06-24,438.0
1904-06-25,470.0
1904-06-26,454.0
1904-06-27,438.0
1904-06-28,634.0
1904-06-29,774.0
1904-06-30,617.0
1904-07-01,454.0
1904-07-02,423.0
1904-07-03,470.0
1904-07-04,518.0
1904-07-05,541.0
1904-07-06,518.0
1904-07-07,377.0
1904-07-08,407.0
1904-07-09,518.0
1904-07-10,738.0
1904-07-11,583.0
1904-07-12,392.0
1904-07-13,377.0
1904-07-14,332.0
1904-07-15,317.0
1904-07-16,287.0
1904-07-17,257.0
1904-07-18,200.0
1904-07-19,200.0
1904-07-20,195.0
1904-07-21,200.0
1904-07-22,228.0
1904-07-23,214.0
1904-07-24,1310.0
1904-07-25,438.0
1904-07-26,251.0
1904-07-27,392.0
1904-07-28,502.0
1904-07-29,502.0
1904-07-30,423.0
1904-07-31,486.0
1904-08-01,567.0
1904-08-02,567.0
1904-08-03,550.0
1904-08-04,583.0
1904-08-05,567.0
1904-08-06,438.0
1904-08-07,365.0
1904-08-08,347.0
1904-08-09,347.0
1904-08-10,323.0
1904-08-11,407.0
1904-08-12,470.0
1904-08-13,550.0
1904-08-14,738.0
1904-08-15,920.0
1904-08-16,920.0
1904-08-17,864.0
1904-08-18,810.0
1904-08-19,1100.0
1904-08-20,1080.0
1904-08-21,883.0
1904-08-22,651.0
1904-08-23,567.0
1904-08-24,534.0
1904-08-25,534.0
1904-08-26,438.0
1904-08-27,470.0
1904-08-28,550.0
1904-08-29,810.0
1904-08-30,883.0
1904-08-31,810.0
1904-09-01,685.0
1904-09-02,574.0
1904-09-03,583.0
1904-09-04,550.0
1904-09-05,541.0
1904-09-06,1080.0
1904-09-07,528.0
1904-09-08,311.0
1904-09-09,332.0
1904-09-10,341.0
1904-09-11,383.0
1904-09-12,407.0
1904-09-13,407.0
1904-09-14,371.0
1904-09-15,323.0
1904-09-16,302.0
1904-09-17,287.0
1904-09-18,311.0
1904-09-19,281.0
1904-09-20,228.0
1904-09-21,178.0
1904-09-22,160.0
1904-09-23,173.0
1904-09-24,147.0
1904-09-25,173.0
1904-09-26,194.0
1904-09-27,228.0
1904-09-28,272.0
1904-09-29,293.0
1904-09-30,317.0
1904-10-01,302.0
1904-10-02,281.0
1904-10-03,222.0
1904-10-04,257.0
1904-10-05,311.0
1904-10-06,362.0
1904-10-07,371.0
1904-10-08,392.0
1904-10-09,407.0
1904-10-10,383.0
1904-10-11,407.0
1904-10-12,383.0
1904-10-13,332.0
1904-10-14,287.0
1904-10-15,287.0
1904-10-16,281.0
1904-10-17,293.0
1904-10-18,317.0
1904-10-19,311.0
1904-10-20,287.0
1904-10-21,263.0
1904-10-22,287.0
1904-10-23,311.0
1904-10-24,332.0
1904-10-25,341.0
1904-10-26,311.0
1904-10-27,287.0
1904-10-28,251.0
1904-10-29,187.0
1904-10-30,160.0
1904-10-31,126.0
1904-11-01,103.0
1904-11-02,75.0
1904-11-03,51.0
1904-11-04,37.0
1904-11-05,45.0
1904-11-06,37.0
1904-11-07,34.0
1904-11-08,37.0
1904-11-09,40.0
1904-11-10,45.0
1904-11-11,37.0
1904-11-12,54.0
1904-11-13,37.0
1904-11-14,28.0
1904-11-15,40.0
1904-11-16,58.0
1904-11-17,54.0
1904-11-18,37.0
1904-11-19,40.0
1904-11-20,37.0
1904-11-21,54.0
1904-11-22,54.0
1904-11-23,37.0
1904-11-24,54.0
1904-11-25,64.0
1904-11-26,40.0
1904-11-27,45.0
1904-11-28,71.0
1904-11-29,75.0
1904-11-30,58.0
1904-12-01,45.0
1904-12-02,37.0
1904-12-03,45.0
1904-12-04,45.0
1904-12-05,45.0
1904-12-06,51.0
1904-12-07,54.0
1904-12-08,54.0
1904-12-09,75.0
1904-12-10,79.0
1904-12-11,64.0
1904-12-12,86.0
1904-12-13,46.0
1904-12-14,46.0
1904-12-15,46.0
1904-12-16,46.0
1904-12-17,46.0
1904-12-18,46.0
1904-12-19,46.0
1904-12-20,46.0
1904-12-21,46.0
1904-12-22,46.0
1904-12-23,46.0
1904-12-24,46.0
1904-12-25,46.0
1904-12-26,46.0
1904-12-27,46.0
1904-12-28,45.0
1904-12-29,45.0
1904-12-30,45.0
1904-12-31,45.0
1905-01-01,55.0
1905-01-02,55.0
1905-01-03,55.0
1905-01-04,55.0
1905-01-05,55.0
1905-01-06,55.0
1905-01-07,55.0
1905-01-08,55.0
1905-01-09,55.0
1905-01-10,55.0
1905-01-11,55.0
1905-01-12,55.0
1905-01-13,55.0
1905-01-14,55.0
1905-01-15,55.0
1905-01-16,55.0
1905-01-17,55.0
1905-01-18,55.0
1905-01-19,55.0
1905-01-20,55.0
1905-01-21,55.0
1905-01-22,55.0
1905-01-23,55.0
1905-01-24,55.0
1905-01-25,55.0
1905-01-26,55.0
1905-01-27,55.0
1905-01-28,55.0
1905-01-29,55.0
1905-01-30,55.0
1905-01-31,55.0
1905-02-01,50.0
1905-02-02,50.0
1905-02-03,50.0
1905-02-04,50.0
1905-02-05,50.0
1905-02-06,50.0
1905-02-07,50.0
1905-02-08,50.0
1905-02-09,50.0
1905-02-10,50.0
1905-02-11,50.0
1905-02-12,50.0
1905-02-13,50.0
1905-02-14,50.0
1905-02-15,50.0
1905-02-16,50.0
1905-02-17,50.0
1905-02-18,50.0
1905-02-19,50.0
1905-02-20,50.0
1905-02-21,50.0
1905-02-22,50.0
1905-02-23,50.0
1905-02-24,50.0
1905-02-25,50.0
1905-02-26,50.0
1905-02-27,50.0
1905-02-28,50.0
1905-03-01,95.0
1905-03-02,95.0
1905-03-03,95.0
1905-03-04,95.0
1905-03-05,95.0
1905-03-06,95.0
1905-03-07,95.0
1905-03-08,95.0
1905-03-09,95.0
1905-03-10,95.0
1905-03-11,95.0
1905-03-12,95.0
1905-03-13,95.0
1905-03-14,95.0
1905-03-15,95.0
1905-03-16,95.0
1905-03-17,95.0
1905-03-18,95.0
1905-03-19,95.0
1905-03-20,95.0
1905-03-21,95.0
1905-03-22,95.0
1905-03-23,95.0
1905-03-24,95.0
1905-03-25,95.0
1905-03-26,95.0
1905-03-27,95.0
1905-03-28,95.0
1905-03-29,95.0
1905-03-30,95.0
1905-03-31,95.0
1905-04-01,95.0
1905-04-02,95.0
1905-04-03,95.0
1905-04-04,100.0
1905-04-05,115.0
1905-04-06,198.0
1905-04-07,298.0
1905-04-08,368.0
1905-04-09,435.0
1905-04-10,518.0
1905-04-11,435.0
1905-04-12,415.0
1905-04-13,435.0
1905-04-14,423.0
1905-04-15,475.0
1905-04-16,423.0
1905-04-17,435.0
1905-04-18,495.0
1905-04-19,562.0
1905-04-20,475.0
1905-04-21,415.0
1905-04-22,475.0
1905-04-23,518.0
1905-04-24,549.0
1905-04-25,518.0
1905-04-26,655.0
1905-04-27,808.0
1905-04-28,1110.0
1905-04-29,1270.0
1905-04-30,1380.0
1905-05-01,1590.0
1905-05-02,1590.0
1905-05-03,1410.0
1905-05-04,1340.0
1905-05-05,1300.0
1905-05-06,1170.0
1905-05-07,1110.0
1905-05-08,1010.0
1905-05-09,980.0
1905-05-10,1140.0
1905-05-11,1140.0
1905-05-12,1140.0
1905-05-13,1200.0
1905-05-14,1170.0
1905-05-15,1110.0
1905-05-16,1140.0
1905-05-17,1200.0
1905-05-18,1240.0
1905-05-19,1270.0
1905-05-20,1410.0
1905-05-21,1410.0
1905-05-22,1380.0
1905-05-23,1480.0
1905-05-24,1590.0
1905-05-25,1620.0
1905-05-26,1620.0
1905-05-27,1660.0
1905-05-28,1550.0
1905-05-29,1340.0
1905-05-30,1300.0
1905-05-31,1340.0
1905-06-01,1550.0
1905-06-02,1440.0
1905-06-03,1590.0
1905-06-04,1700.0
1905-06-05,1890.0
1905-06-06,1740.0
1905-06-07,1890.0
1905-06-08,2130.0
1905-06-09,2050.0
1905-06-10,2010.0
1905-06-11,1930.0
1905-06-12,1740.0
1905-06-13,1780.0
1905-06-14,1700.0
1905-06-15,1480.0
1905-06-16,1300.0
1905-06-17,1200.0
1905-06-18,1080.0
1905-06-19,938.0
1905-06-20,835.0
1905-06-21,755.0
1905-06-22,705.0
1905-06-23,680.0
1905-06-24,655.0
1905-06-25,585.0
1905-06-26,540.0
1905-06-27,518.0
1905-06-28,455.0
1905-06-29,455.0
1905-06-30,455.0
1905-07-01,455.0
1905-07-02,435.0
1905-07-03,435.0
1905-07-04,375.0
1905-07-05,340.0
1905-07-06,340.0
1905-07-07,340.0
1905-07-08,358.0
1905-07-09,375.0
1905-07-10,375.0
1905-07-11,340.0
1905-07-12,340.0
1905-07-13,340.0
1905-07-14,340.0
1905-07-15,340.0
1905-07-16,322.0
1905-07-17,277.0
1905-07-18,240.0
1905-07-19,240.0
1905-07-20,270.0
1905-07-21,305.0
1905-07-22,305.0
1905-07-23,305.0
1905-07-24,415.0
1905-07-25,347.0
1905-07-26,298.0
1905-07-27,322.0
1905-07-28,340.0
1905-07-29,340.0
1905-07-30,340.0
1905-07-31,340.0
1905-08-01,375.0
1905-08-02,465.0
1905-08-03,411.0
1905-08-04,384.0
1905-08-05,355.0
1905-08-06,367.0
1905-08-07,367.0
1905-08-08,328.0
1905-08-09,328.0
1905-08-10,293.0
1905-08-11,293.0
1905-08-12,367.0
1905-08-13,398.0
1905-08-14,375.0
1905-08-15,335.0
1905-08-16,300.0
1905-08-17,274.0
1905-08-18,237.0
1905-08-19,224.0
1905-08-20,224.0
1905-08-21,198.0
1905-08-22,198.0
1905-08-23,190.0
1905-08-24,232.0
1905-08-25,243.0
1905-08-26,243.0
1905-08-27,274.0
1905-08-28,274.0
1905-08-29,274.0
1905-08-30,343.0
1905-08-31,307.0
1905-09-01,300.0
1905-09-02,300.0
1905-09-03,300.0
1905-09-04,300.0
1905-09-05,335.0
1905-09-06,375.0
1905-09-07,343.0
1905-09-08,335.0
1905-09-09,335.0
1905-09-10,318.0
1905-09-11,300.0
1905-09-12,274.0
1905-09-13,267.0
1905-09-14,267.0
1905-09-15,243.0
1905-09-16,237.0
1905-09-17,237.0
1905-09-18,237.0
1905-09-19,237.0
1905-09-20,237.0
1905-09-21,237.0
1905-09-22,210.0
1905-09-23,210.0
1905-09-24,185.0
1905-09-25,162.0
1905-09-26,162.0
1905-09-27,162.0
1905-09-28,162.0
1905-09-29,162.0
1905-09-30,162.0
1905-10-01,162.0
1905-10-02,162.0
1905-10-03,162.0
1905-10-04,162.0
1905-10-05,162.0
1905-10-06,162.0
1905-10-07,162.0
1905-10-08,162.0
1905-10-09,142.0
1905-10-10,142.0
1905-10-11,162.0
1905-10-12,162.0
1905-10-13,162.0
1905-10-14,162.0
1905-10-15,167.0
1905-10-16,174.0
1905-10-17,190.0
1905-10-18,185.0
1905-10-19,185.0
1905-10-20,162.0
1905-10-21,162.0
1905-10-22,180.0
1905-10-23,185.0
1905-10-24,174.0
1905-10-25,162.0
1905-10-26,162.0
1905-10-27,162.0
1905-10-28,162.0
1905-10-29,185.0
1905-10-30,185.0
1905-10-31,174.0
1905-11-01,162.0
1905-11-02,180.0
1905-11-03,180.0
1905-11-04,185.0
1905-11-05,185.0
1905-11-06,180.0
1905-11-07,210.0
1905-11-08,185.0
1905-11-09,185.0
1905-11-10,174.0
1905-11-11,162.0
1905-11-12,174.0
1905-11-13,174.0
1905-11-14,190.0
1905-11-15,185.0
1905-11-16,185.0
1905-11-17,185.0
1905-11-18,185.0
1905-11-19,142.0
1905-11-20,142.0
1905-11-21,174.0
1905-11-22,152.0
1905-11-23,152.0
1905-11-24,142.0
1905-11-25,142.0
1905-11-26,142.0
1905-11-27,142.0
1905-11-28,142.0
1905-11-29,140.0
1905-11-30,140.0
1905-12-01,185.0
1905-12-02,185.0
1905-12-03,185.0
1905-12-04,185.0
1905-12-05,185.0
1905-12-06,185.0
1905-12-07,185.0
1905-12-08,185.0
1905-12-09,185.0
1905-12-10,185.0
1905-12-11,185.0
1905-12-12,185.0
1905-12-13,185.0
1905-12-14,185.0
1905-12-15,185.0
1905-12-16,185.0
1905-12-17,185.0
1905-12-18,185.0
1905-12-19,185.0
1905-12-20,185.0
1905-12-21,185.0
1905-12-22,185.0
1905-12-23,185.0
1905-12-24,185.0
1905-12-25,185.0
1905-12-26,185.0
1905-12-27,185.0
1905-12-28,185.0
1905-12-29,185.0
1905-12-30,185.0
1905-12-31,185.0
1906-01-01,65.0
1906-01-02,65.0
1906-01-03,65.0
1906-01-04,65.0
1906-01-05,65.0
1906-01-06,65.0
1906-01-07,65.0
1906-01-08,65.0
1906-01-09,65.0
1906-01-10,65.0
1906-01-11,65.0
1906-01-12,65.0
1906-01-13,65.0
1906-01-14,65.0
1906-01-15,65.0
1906-01-16,65.0
1906-01-17,65.0
1906-01-18,65.0
1906-01-19,65.0
1906-01-20,65.0
1906-01-21,65.0
1906-01-22,65.0
1906-01-23,65.0
1906-01-24,65.0
1906-01-25,65.0
1906-01-26,65.0
1906-01-27,65.0
1906-01-28,65.0
1906-01-29,65.0
1906-01-30,65.0
1906-01-31,65.0
1906-02-01,65.0
1906-02-02,65.0
1906-02-03,65.0
1906-02-04,65.0
1906-02-05,65.0
1906-02-06,65.0
1906-02-07,65.0
1906-02-08,65.0
1906-02-09,65.0
1906-02-10,65.0
1906-02-11,65.0
1906-02-12,65.0
1906-02-13,65.0
1906-02-14,65.0
1906-02-15,65.0
1906-02-16,65.0
1906-02-17,65.0
1906-02-18,65.0
1906-02-19,65.0
1906-02-20,65.0
1906-02-21,65.0
1906-02-22,65.0
1906-02-23,65.0
1906-02-24,65.0
1906-02-25,65.0
1906-02-26,65.0
1906-02-27,65.0
1906-02-28,65.0
1906-03-01,85.0
1906-03-02,85.0
1906-03-03,85.0
1906-03-04,85.0
1906-03-05,85.0
1906-03-06,85.0
1906-03-07,85.0
1906-03-08,85.0
1906-03-09,85.0
1906-03-10,85.0
1906-03-11,85.0
1906-03-12,85.0
1906-03-13,85.0
1906-03-14,85.0
1906-03-15,85.0
1906-03-16,85.0
1906-03-17,85.0
1906-03-18,85.0
1906-03-19,85.0
1906-03-20,85.0
1906-03-21,85.0
1906-03-22,85.0
1906-03-23,85.0
1906-03-24,85.0
1906-03-25,85.0
1906-03-26,85.0
1906-03-27,85.0
1906-03-28,85.0
1906-03-29,85.0
1906-03-30,85.0
1906-03-31,85.0
1906-04-01,300.0
1906-04-02,337.0
1906-04-03,375.0
1906-04-04,328.0
1906-04-05,220.0
1906-04-06,285.0
1906-04-07,433.0
1906-04-08,408.0
1906-04-09,408.0
1906-04-10,452.0
1906-04-11,295.0
1906-04-12,560.0
1906-04-13,502.0
1906-04-14,410.0
1906-04-15,395.0
1906-04-16,405.0
1906-04-17,425.0
1906-04-18,460.0
1906-04-19,505.0
1906-04-20,530.0
1906-04-21,550.0
1906-04-22,550.0
1906-04-23,640.0
1906-04-24,665.0
1906-04-25,590.0
1906-04-26,570.0
1906-04-27,545.0
1906-04-28,525.0
1906-04-29,620.0
1906-04-30,755.0
1906-05-01,780.0
1906-05-02,780.0
1906-05-03,730.0
1906-05-04,780.0
1906-05-05,810.0
1906-05-06,755.0
1906-05-07,780.0
1906-05-08,765.0
1906-05-09,775.0
1906-05-10,830.0
1906-05-11,820.0
1906-05-12,820.0
1906-05-13,775.0
1906-05-14,740.0
1906-05-15,750.0
1906-05-16,730.0
1906-05-17,780.0
1906-05-18,820.0
1906-05-19,835.0
1906-05-20,975.0
1906-05-21,1050.0
1906-05-22,1220.0
1906-05-23,1220.0
1906-05-24,1180.0
1906-05-25,1220.0
1906-05-26,1230.0
1906-05-27,1060.0
1906-05-28,1040.0
1906-05-29,960.0
1906-05-30,750.0
1906-05-31,725.0
1906-06-01,770.0
1906-06-02,790.0
1906-06-03,725.0
1906-06-04,765.0
1906-06-05,800.0
1906-06-06,790.0
1906-06-07,690.0
1906-06-08,630.0
1906-06-09,610.0
1906-06-10,610.0
1906-06-11,705.0
1906-06-12,720.0
1906-06-13,905.0
1906-06-14,865.0
1906-06-15,1040.0
1906-06-16,1140.0
1906-06-17,1030.0
1906-06-18,960.0
1906-06-19,920.0
1906-06-20,830.0
1906-06-21,690.0
1906-06-22,665.0
1906-06-23,640.0
1906-06-24,575.0
1906-06-25,540.0
1906-06-26,550.0
1906-06-27,460.0
1906-06-28,440.0
1906-06-29,405.0
1906-06-30,395.0
1906-07-01,388.0
1906-07-02,388.0
1906-07-03,420.0
1906-07-04,388.0
1906-07-05,490.0
1906-07-06,530.0
1906-07-07,555.0
1906-07-08,725.0
1906-07-09,800.0
1906-07-10,885.0
1906-07-11,775.0
1906-07-12,690.0
1906-07-13,595.0
1906-07-14,615.0
1906-07-15,710.0
1906-07-16,740.0
1906-07-17,615.0
1906-07-18,525.0
1906-07-19,505.0
1906-07-20,420.0
1906-07-21,380.0
1906-07-22,380.0
1906-07-23,380.0
1906-07-24,460.0
1906-07-25,505.0
1906-07-26,420.0
1906-07-27,380.0
1906-07-28,390.0
1906-07-29,340.0
1906-07-30,340.0
1906-07-31,340.0
1906-08-01,340.0
1906-08-02,350.0
1906-08-03,340.0
1906-08-04,420.0
1906-08-05,380.0
1906-08-06,350.0
1906-08-07,340.0
1906-08-08,330.0
1906-08-09,295.0
1906-08-10,325.0
1906-08-11,332.0
1906-08-12,290.0
1906-08-13,280.0
1906-08-14,295.0
1906-08-15,295.0
1906-08-16,332.0
1906-08-17,332.0
1906-08-18,295.0
1906-08-19,295.0
1906-08-20,295.0
1906-08-21,332.0
1906-08-22,315.0
1906-08-23,340.0
1906-08-24,470.0
1906-08-25,515.0
1906-08-26,530.0
1906-08-27,410.0
1906-08-28,405.0
1906-08-29,370.0
1906-08-30,340.0
1906-08-31,320.0
1906-09-01,320.0
1906-09-02,350.0
1906-09-03,495.0
1906-09-04,565.0
1906-09-05,710.0
1906-09-06,590.0
1906-09-07,520.0
1906-09-08,410.0
1906-09-09,400.0
1906-09-10,400.0
1906-09-11,400.0
1906-09-12,400.0
1906-09-13,340.0
1906-09-14,320.0
1906-09-15,290.0
1906-09-16,380.0
1906-09-17,400.0
1906-09-18,510.0
1906-09-19,540.0
1906-09-20,510.0
1906-09-21,440.0
1906-09-22,440.0
1906-09-23,385.0
1906-09-24,350.0
1906-09-25,320.0
1906-09-26,385.0
1906-09-27,670.0
1906-09-28,915.0
1906-09-29,900.0
1906-09-30,750.0
1906-10-01,660.0
1906-10-02,610.0
1906-10-03,603.0
1906-10-04,603.0
1906-10-05,603.0
1906-10-06,603.0
1906-10-07,603.0
1906-10-08,580.0
1906-10-09,580.0
1906-10-10,560.0
1906-10-11,510.0
1906-10-12,490.0
1906-10-13,490.0
1906-10-14,470.0
1906-10-15,470.0
1906-10-16,470.0
1906-10-17,430.0
1906-10-18,430.0
1906-10-19,430.0
1906-10-20,430.0
1906-10-21,430.0
1906-10-22,430.0
1906-10-23,390.0
1906-10-24,390.0
1906-10-25,390.0
1906-10-26,390.0
1906-10-27,455.0
1906-10-28,480.0
1906-10-29,625.0
1906-10-30,608.0
1906-10-31,608.0
1906-11-01,608.0
1906-11-02,630.0
1906-11-03,590.0
1906-11-04,560.0
1906-11-05,580.0
1906-11-06,515.0
1906-11-07,515.0
1906-11-08,515.0
1906-11-09,430.0
1906-11-10,430.0
1906-11-11,470.0
1906-11-12,470.0
1906-11-13,470.0
1906-11-14,450.0
1906-11-15,430.0
1906-11-16,430.0
1906-11-17,400.0
1906-11-18,390.0
1906-11-19,275.0
1906-11-20,275.0
1906-11-21,245.0
1906-11-22,245.0
1906-11-23,245.0
1906-11-24,245.0
1906-11-25,250.0
1906-11-26,230.0
1906-11-27,223.0
1906-11-28,245.0
1906-11-29,245.0
1906-11-30,250.0
1906-12-01,185.0
1906-12-02,185.0
1906-12-03,185.0
1906-12-04,185.0
1906-12-05,185.0
1906-12-06,185.0
1906-12-07,185.0
1906-12-08,185.0
1906-12-09,185.0
1906-12-10,185.0
1906-12-11,185.0
1906-12-12,185.0
1906-12-13,185.0
1906-12-14,185.0
1906-12-15,185.0
1906-12-16,185.0
1906-12-17,185.0
1906-12-18,185.0
1906-12-19,185.0
1906-12-20,185.0
1906-12-21,185.0
1906-12-22,185.0
1906-12-23,185.0
1906-12-24,185.0
1906-12-25,185.0
1906-12-26,185.0
1906-12-27,185.0
1906-12-28,185.0
1906-12-29,185.0
1906-12-30,185.0
1906-12-31,185.0
1907-01-01,135.0
1907-01-02,135.0
1907-01-03,135.0
1907-01-04,135.0
1907-01-05,135.0
1907-01-06,135.0
1907-01-07,135.0
1907-01-08,135.0
1907-01-09,135.0
1907-01-10,135.0
1907-01-11,135.0
1907-01-12,135.0
1907-01-13,135.0
1907-01-14,135.0
1907-01-15,135.0
1907-01-16,135.0
1907-01-17,135.0
1907-01-18,135.0
1907-01-19,135.0
1907-01-20,135.0
1907-01-21,135.0
1907-01-22,135.0
1907-01-23,135.0
1907-01-24,135.0
1907-01-25,135.0
1907-01-26,135.0
1907-01-27,135.0
1907-01-28,135.0
1907-01-29,135.0
1907-01-30,135.0
1907-01-31,135.0
1907-02-01,141.0
1907-02-02,141.0
1907-02-03,141.0
1907-02-04,141.0
1907-02-05,141.0
1907-02-06,141.0
1907-02-07,141.0
1907-02-08,141.0
1907-02-09,141.0
1907-02-10,141.0
1907-02-11,141.0
1907-02-12,125.0
1907-02-13,115.0
1907-02-14,115.0
1907-02-15,115.0
1907-02-16,115.0
1907-02-17,125.0
1907-02-18,135.0
1907-02-19,135.0
1907-02-20,135.0
1907-02-21,145.0
1907-02-22,150.0
1907-02-23,158.0
1907-02-24,200.0
1907-02-25,185.0
1907-02-26,185.0
1907-02-27,185.0
1907-02-28,185.0
1907-03-01,185.0
1907-03-02,194.0
1907-03-03,185.0
1907-03-04,170.0
1907-03-05,176.0
1907-03-06,194.0
1907-03-07,176.0
1907-03-08,176.0
1907-03-09,185.0
1907-03-10,194.0
1907-03-11,194.0
1907-03-12,176.0
1907-03-13,170.0
1907-03-14,170.0
1907-03-15,150.0
1907-03-16,165.0
1907-03-17,185.0
1907-03-18,200.0
1907-03-19,200.0
1907-03-20,258.0
1907-03-21,300.0
1907-03-22,332.0
1907-03-23,300.0
1907-03-24,332.0
1907-03-25,300.0
1907-03-26,385.0
1907-03-27,265.0
1907-03-28,230.0
1907-03-29,215.0
1907-03-30,200.0
1907-03-31,200.0
1907-04-01,206.0
1907-04-02,200.0
1907-04-03,200.0
1907-04-04,265.0
1907-04-05,320.0
1907-04-06,300.0
1907-04-07,265.0
1907-04-08,265.0
1907-04-09,265.0
1907-04-10,258.0
1907-04-11,300.0
1907-04-12,349.0
1907-04-13,362.0
1907-04-14,340.0
1907-04-15,340.0
1907-04-16,332.0
1907-04-17,308.0
1907-04-18,300.0
1907-04-19,300.0
1907-04-20,265.0
1907-04-21,230.0
1907-04-22,272.0
1907-04-23,308.0
1907-04-24,332.0
1907-04-25,340.0
1907-04-26,376.0
1907-04-27,362.0
1907-04-28,340.0
1907-04-29,340.0
1907-04-30,340.0
1907-05-01,300.0
1907-05-02,362.0
1907-05-03,349.0
1907-05-04,410.0
1907-05-05,385.0
1907-05-06,385.0
1907-05-07,490.0
1907-05-08,600.0
1907-05-09,752.0
1907-05-10,733.0
1907-05-11,720.0
1907-05-12,752.0
1907-05-13,733.0
1907-05-14,630.0
1907-05-15,600.0
1907-05-16,600.0
1907-05-17,600.0
1907-05-18,600.0
1907-05-19,785.0
1907-05-20,733.0
1907-05-21,920.0
1907-05-22,920.0
1907-05-23,850.0
1907-05-24,785.0
1907-05-25,720.0
1907-05-26,708.0
1907-05-27,630.0
1907-05-28,600.0
1907-05-29,600.0
1907-05-30,708.0
1907-05-31,785.0
1907-06-01,920.0
1907-06-02,990.0
1907-06-03,955.0
1907-06-04,864.0
1907-06-05,850.0
1907-06-06,990.0
1907-06-07,920.0
1907-06-08,920.0
1907-06-09,885.0
1907-06-10,818.0
1907-06-11,818.0
1907-06-12,1020.0
1907-06-13,1060.0
1907-06-14,1130.0
1907-06-15,1190.0
1907-06-16,1300.0
1907-06-17,1270.0
1907-06-18,1300.0
1907-06-19,1490.0
1907-06-20,1560.0
1907-06-21,1720.0
1907-06-22,1620.0
1907-06-23,1560.0
1907-06-24,1550.0
1907-06-25,1380.0
1907-06-26,1340.0
1907-06-27,1440.0
1907-06-28,1400.0
1907-06-29,1380.0
1907-06-30,1340.0
1907-07-01,1380.0
1907-07-02,1470.0
1907-07-03,1490.0
1907-07-04,1480.0
1907-07-05,1480.0
1907-07-06,1350.0
1907-07-07,1380.0
1907-07-08,1410.0
1907-07-09,1240.0
1907-07-10,1340.0
1907-07-11,1340.0
1907-07-12,1270.0
1907-07-13,1130.0
1907-07-14,1070.0
1907-07-15,1130.0
1907-07-16,1130.0
1907-07-17,920.0
1907-07-18,1100.0
1907-07-19,600.0
1907-07-20,600.0
1907-07-21,572.0
1907-07-22,572.0
1907-07-23,600.0
1907-07-24,720.0
1907-07-25,785.0
1907-07-26,1100.0
1907-07-27,1200.0
1907-07-28,1910.0
1907-07-29,2170.0
1907-07-30,1680.0
1907-07-31,1420.0
1907-08-01,1340.0
1907-08-02,1380.0
1907-08-03,1260.0
1907-08-04,1160.0
1907-08-05,1130.0
1907-08-06,920.0
1907-08-07,798.0
1907-08-08,733.0
1907-08-09,720.0
1907-08-10,660.0
1907-08-11,660.0
1907-08-12,600.0
1907-08-13,600.0
1907-08-14,600.0
1907-08-15,660.0
1907-08-16,600.0
1907-08-17,572.0
1907-08-18,545.0
1907-08-19,490.0
1907-08-20,545.0
1907-08-21,572.0
1907-08-22,600.0
1907-08-23,556.0
1907-08-24,518.0
1907-08-25,479.0
1907-08-26,490.0
1907-08-27,545.0
1907-08-28,589.0
1907-08-29,545.0
1907-08-30,545.0
1907-08-31,545.0
1907-09-01,545.0
1907-09-02,545.0
1907-09-03,545.0
1907-09-04,435.0
1907-09-05,435.0
1907-09-06,435.0
1907-09-07,462.0
1907-09-08,410.0
1907-09-09,340.0
1907-09-10,340.0
1907-09-11,320.0
1907-09-12,300.0
1907-09-13,282.0
1907-09-14,282.0
1907-09-15,282.0
1907-09-16,272.0
1907-09-17,282.0
1907-09-18,272.0
1907-09-19,320.0
1907-09-20,340.0
1907-09-21,340.0
1907-09-22,340.0
1907-09-23,340.0
1907-09-24,320.0
1907-09-25,308.0
1907-09-26,340.0
1907-09-27,340.0
1907-09-28,300.0
1907-09-29,282.0
1907-09-30,300.0
1907-10-01,282.0
1907-10-02,293.0
1907-10-03,200.0
1907-10-04,200.0
1907-10-05,230.0
1907-10-06,230.0
1907-10-07,230.0
1907-10-08,300.0
1907-10-09,265.0
1907-10-10,248.0
1907-10-11,265.0
1907-10-12,230.0
1907-10-13,230.0
1907-10-14,230.0
1907-10-15,230.0
1907-10-16,230.0
1907-10-17,230.0
1907-10-18,200.0
1907-10-19,200.0
1907-10-20,200.0
1907-10-21,200.0
1907-10-22,200.0
1907-10-23,200.0
1907-10-24,215.0
1907-10-25,230.0
1907-10-26,206.0
1907-10-27,230.0
1907-10-28,248.0
1907-10-29,248.0
1907-10-30,248.0
1907-10-31,200.0
1907-11-01,206.0
1907-11-02,200.0
1907-11-03,230.0
1907-11-04,215.0
1907-11-05,200.0
1907-11-06,200.0
1907-11-07,200.0
1907-11-08,224.0
1907-11-09,215.0
1907-11-10,200.0
1907-11-11,170.0
1907-11-12,185.0
1907-11-13,145.0
1907-11-14,125.0
1907-11-15,125.0
1907-11-16,125.0
1907-11-17,125.0
1907-11-18,115.0
1907-11-19,109.0
1907-11-20,125.0
1907-11-21,125.0
1907-11-22,125.0
1907-11-23,125.0
1907-11-24,125.0
1907-11-25,125.0
1907-11-26,118.0
1907-11-27,111.0
1907-11-28,104.0
1907-11-29,97.0
1907-11-30,91.0
1907-12-01,84.0
1907-12-02,84.0
1907-12-03,84.0
1907-12-04,84.0
1907-12-05,84.0
1907-12-06,84.0
1907-12-07,84.0
1907-12-08,84.0
1907-12-09,84.0
1907-12-10,84.0
1907-12-11,84.0
1907-12-12,84.0
1907-12-13,84.0
1907-12-14,84.0
1907-12-15,84.0
1907-12-16,84.0
1907-12-17,84.0
1907-12-18,84.0
1907-12-19,80.0
1907-12-20,80.0
1907-12-21,80.0
1907-12-22,80.0
1907-12-23,80.0
1907-12-24,80.0
1907-12-25,80.0
1907-12-26,80.0
1907-12-27,80.0
1907-12-28,80.0
1907-12-29,80.0
1907-12-30,80.0
1907-12-31,80.0
1908-01-01,80.0
1908-01-02,80.0
1908-01-03,80.0
1908-01-04,80.0
1908-01-05,80.0
1908-01-06,80.0
1908-01-07,80.0
1908-01-08,80.0
1908-01-09,80.0
1908-01-10,80.0
1908-01-11,80.0
1908-01-12,80.0
1908-01-13,80.0
1908-01-14,80.0
1908-01-15,80.0
1908-01-16,80.0
1908-01-17,80.0
1908-01-18,80.0
1908-01-19,80.0
1908-01-20,80.0
1908-01-21,80.0
1908-01-22,80.0
1908-01-23,80.0
1908-01-24,80.0
1908-01-25,80.0
1908-01-26,80.0
1908-01-27,80.0
1908-01-28,80.0
1908-01-29,80.0
1908-01-30,80.0
1908-01-31,80.0
1908-02-01,90.0
1908-02-02,90.0
1908-02-03,90.0
1908-02-04,90.0
1908-02-05,90.0
1908-02-06,90.0
1908-02-07,90.0
1908-02-08,90.0
1908-02-09,90.0
1908-02-10,90.0
1908-02-11,90.0
1908-02-12,90.0
1908-02-13,90.0
1908-02-14,90.0
1908-02-15,90.0
1908-02-16,90.0
1908-02-17,90.0
1908-02-18,90.0
1908-02-19,90.0
1908-02-20,90.0
1908-02-21,90.0
1908-02-22,90.0
1908-02-23,90.0
1908-02-24,90.0
1908-02-25,90.0
1908-02-26,90.0
1908-02-27,90.0
1908-02-28,90.0
1908-02-29,90.0
1908-03-01,80.0
1908-03-02,80.0
1908-03-03,80.0
1908-03-04,80.0
1908-03-05,80.0
1908-03-06,80.0
1908-03-07,75.0
1908-03-08,75.0
1908-03-09,63.0
1908-03-10,75.0
1908-03-11,55.0
1908-03-12,62.0
1908-03-13,68.0
1908-03-14,68.0
1908-03-15,68.0
1908-03-16,68.0
1908-03-17,90.0
1908-03-18,200.0
1908-03-19,230.0
1908-03-20,230.0
1908-03-21,215.0
1908-03-22,200.0
1908-03-23,172.0
1908-03-24,172.0
1908-03-25,172.0
1908-03-26,172.0
1908-03-27,172.0
1908-03-28,172.0
1908-03-29,150.0
1908-03-30,150.0
1908-03-31,150.0
1908-04-01,155.0
1908-04-02,155.0
1908-04-03,145.0
1908-04-04,155.0
1908-04-05,155.0
1908-04-06,155.0
1908-04-07,155.0
1908-04-08,155.0
1908-04-09,155.0
1908-04-10,168.0
1908-04-11,168.0
1908-04-12,168.0
1908-04-13,180.0
1908-04-14,180.0
1908-04-15,195.0
1908-04-16,195.0
1908-04-17,210.0
1908-04-18,225.0
1908-04-19,240.0
1908-04-20,210.0
1908-04-21,195.0
1908-04-22,195.0
1908-04-23,180.0
1908-04-24,180.0
1908-04-25,168.0
1908-04-26,155.0
1908-04-27,145.0
1908-04-28,152.0
1908-04-29,152.0
1908-04-30,152.0
1908-05-01,152.0
1908-05-02,152.0
1908-05-03,152.0
1908-05-04,190.0
1908-05-05,175.0
1908-05-06,152.0
1908-05-07,190.0
1908-05-08,220.0
1908-05-09,250.0
1908-05-10,220.0
1908-05-11,190.0
1908-05-12,165.0
1908-05-13,152.0
1908-05-14,152.0
1908-05-15,140.0
1908-05-16,140.0
1908-05-17,140.0
1908-05-18,160.0
1908-05-19,172.0
1908-05-20,215.0
1908-05-21,230.0
1908-05-22,230.0
1908-05-23,200.0
1908-05-24,230.0
1908-05-25,230.0
1908-05-26,200.0
1908-05-27,200.0
1908-05-28,172.0
1908-05-29,172.0
1908-05-30,172.0
1908-05-31,172.0
1908-06-01,180.0
1908-06-02,295.0
1908-06-03,280.0
1908-06-04,210.0
1908-06-05,210.0
1908-06-06,210.0
1908-06-07,182.0
1908-06-08,182.0
1908-06-09,182.0
1908-06-10,182.0
1908-06-11,360.0
1908-06-12,320.0
1908-06-13,320.0
1908-06-14,320.0
1908-06-15,360.0
1908-06-16,320.0
1908-06-17,320.0
1908-06-18,320.0
1908-06-19,320.0
1908-06-20,280.0
1908-06-21,255.0
1908-06-22,220.0
1908-06-23,220.0
1908-06-24,220.0
1908-06-25,208.0
1908-06-26,208.0
1908-06-27,208.0
1908-06-28,255.0
1908-06-29,255.0
1908-06-30,255.0
1908-07-01,255.0
1908-07-02,255.0
1908-07-03,255.0
1908-07-04,220.0
1908-07-05,220.0
1908-07-06,220.0
1908-07-07,220.0
1908-07-08,208.0
1908-07-09,194.0
1908-07-10,208.0
1908-07-11,275.0
1908-07-12,420.0
1908-07-13,335.0
1908-07-14,335.0
1908-07-15,312.0
1908-07-16,312.0
1908-07-17,312.0
1908-07-18,312.0
1908-07-19,335.0
1908-07-20,280.0
1908-07-21,280.0
1908-07-22,280.0
1908-07-23,280.0
1908-07-24,295.0
1908-07-25,295.0
1908-07-26,280.0
1908-07-27,280.0
1908-07-28,245.0
1908-07-29,245.0
1908-07-30,245.0
1908-07-31,335.0
1908-08-01,315.0
1908-08-02,428.0
1908-08-03,405.0
1908-08-04,360.0
1908-08-05,405.0
1908-08-06,740.0
1908-08-07,405.0
1908-08-08,360.0
1908-08-09,360.0
1908-08-10,360.0
1908-08-11,360.0
1908-08-12,315.0
1908-08-13,280.0
1908-08-14,280.0
1908-08-15,280.0
1908-08-16,315.0
1908-08-17,360.0
1908-08-18,405.0
1908-08-19,410.0
1908-08-20,435.0
1908-08-21,510.0
1908-08-22,540.0
1908-08-23,485.0
1908-08-24,485.0
1908-08-25,460.0
1908-08-26,460.0
1908-08-27,435.0
1908-08-28,285.0
1908-08-29,265.0
1908-08-30,305.0
1908-08-31,305.0
1908-09-01,285.0
1908-09-02,285.0
1908-09-03,250.0
1908-09-04,232.0
1908-09-05,202.0
1908-09-06,175.0
1908-09-07,162.0
1908-09-08,150.0
1908-09-09,202.0
1908-09-10,175.0
1908-09-11,175.0
1908-09-12,202.0
1908-09-13,240.0
1908-09-14,240.0
1908-09-15,350.0
1908-09-16,312.0
1908-09-17,275.0
1908-09-18,275.0
1908-09-19,275.0
1908-09-20,275.0
1908-09-21,240.0
1908-09-22,240.0
1908-09-23,240.0
1908-09-24,240.0
1908-09-25,210.0
1908-09-26,240.0
1908-09-27,240.0
1908-09-28,240.0
1908-09-29,240.0
1908-09-30,210.0
1908-10-01,188.0
1908-10-02,188.0
1908-10-03,188.0
1908-10-04,215.0
1908-10-05,188.0
1908-10-06,188.0
1908-10-07,188.0
1908-10-08,188.0
1908-10-09,188.0
1908-10-10,188.0
1908-10-11,162.0
1908-10-12,188.0
1908-10-13,140.0
1908-10-14,150.0
1908-10-15,162.0
1908-10-16,162.0
1908-10-17,162.0
1908-10-18,162.0
1908-10-19,168.0
1908-10-20,168.0
1908-10-21,168.0
1908-10-22,194.0
1908-10-23,194.0
1908-10-24,194.0
1908-10-25,168.0
1908-10-26,140.0
1908-10-27,140.0
1908-10-28,168.0
1908-10-29,200.0
1908-10-30,172.0
1908-10-31,145.0
1908-11-01,145.0
1908-11-02,145.0
1908-11-03,145.0
1908-11-04,105.0
1908-11-05,94.0
1908-11-06,94.0
1908-11-07,94.0
1908-11-08,88.0
1908-11-09,88.0
1908-11-10,88.0
1908-11-11,88.0
1908-11-12,88.0
1908-11-13,80.0
1908-11-14,88.0
1908-11-15,85.0
1908-11-16,85.0
1908-11-17,85.0
1908-11-18,85.0
1908-11-19,85.0
1908-11-20,85.0
1908-11-21,85.0
1908-11-22,80.0
1908-11-23,80.0
1908-11-24,75.0
1908-11-25,80.0
1908-11-26,80.0
1908-11-27,80.0
1908-11-28,75.0
1908-11-29,80.0
1908-11-30,80.0
1908-12-01,90.0
1908-12-02,95.0
1908-12-03,90.0
1908-12-04,105.0
1908-12-05,95.0
1908-12-06,70.0
1908-12-07,75.0
1908-12-08,70.0
1908-12-09,80.0
1908-12-10,80.0
1908-12-11,90.0
1908-12-12,80.0
1908-12-13,80.0
1908-12-14,70.0
1908-12-15,70.0
1908-12-16,70.0
1908-12-17,60.0
1908-12-18,60.0
1908-12-19,60.0
1908-12-20,60.0
1908-12-21,60.0
1908-12-22,60.0
1908-12-23,60.0
1908-12-24,60.0
1908-12-25,60.0
1908-12-26,60.0
1908-12-27,60.0
1908-12-28,60.0
1908-12-29,60.0
1908-12-30,60.0
1908-12-31,60.0
1909-01-01,60.0
1909-01-02,60.0
1909-01-03,60.0
1909-01-04,60.0
1909-01-05,60.0
1909-01-06,60.0
1909-01-07,60.0
1909-01-08,60.0
1909-01-09,60.0
1909-01-10,60.0
1909-01-11,60.0
1909-01-12,60.0
1909-01-13,60.0
1909-01-14,60.0
1909-01-15,60.0
1909-01-16,60.0
1909-01-17,60.0
1909-01-18,60.0
1909-01-19,60.0
1909-01-20,60.0
1909-01-21,60.0
1909-01-22,60.0
1909-01-23,60.0
1909-01-24,60.0
1909-01-25,60.0
1909-01-26,60.0
1909-01-27,60.0
1909-01-28,60.0
1909-01-29,60.0
1909-01-30,60.0
1909-01-31,60.0
1909-02-01,50.0
1909-02-02,50.0
1909-02-03,50.0
1909-02-04,50.0
1909-02-05,50.0
1909-02-06,50.0
1909-02-07,50.0
1909-02-08,50.0
1909-02-09,50.0
1909-02-10,50.0
1909-02-11,50.0
1909-02-12,50.0
1909-02-13,50.0
1909-02-14,50.0
1909-02-15,50.0
1909-02-16,50.0
1909-02-17,50.0
1909-02-18,50.0
1909-02-19,50.0
1909-02-20,50.0
1909-02-21,50.0
1909-02-22,50.0
1909-02-23,50.0
1909-02-24,50.0
1909-02-25,50.0
1909-02-26,50.0
1909-02-27,50.0
1909-02-28,50.0
1909-03-01,60.0
1909-03-02,60.0
1909-03-03,60.0
1909-03-04,60.0
1909-03-05,60.0
1909-03-06,60.0
1909-03-07,60.0
1909-03-08,60.0
1909-03-09,60.0
1909-03-10,60.0
1909-03-11,60.0
1909-03-12,60.0
1909-03-13,60.0
1909-03-14,60.0
1909-03-15,60.0
1909-03-16,90.0
1909-03-17,90.0
1909-03-18,90.0
1909-03-19,90.0
1909-03-20,90.0
1909-03-21,90.0
1909-03-22,90.0
1909-03-23,90.0
1909-03-24,108.0
1909-03-25,108.0
1909-03-26,108.0
1909-03-27,99.0
1909-03-28,108.0
1909-03-29,99.0
1909-03-30,90.0
1909-03-31,90.0
1909-04-01,90.0
1909-04-02,90.0
1909-04-03,99.0
1909-04-04,99.0
1909-04-05,108.0
1909-04-06,108.0
1909-04-07,99.0
1909-04-08,90.0
1909-04-09,90.0
1909-04-10,128.0
1909-04-11,150.0
1909-04-12,150.0
1909-04-13,139.0
1909-04-14,150.0
1909-04-15,150.0
1909-04-16,200.0
1909-04-17,214.0
1909-04-18,245.0
1909-04-19,229.0
1909-04-20,229.0
1909-04-21,174.0
1909-04-22,187.0
1909-04-23,187.0
1909-04-24,174.0
1909-04-25,174.0
1909-04-26,187.0
1909-04-27,229.0
1909-04-28,278.0
1909-04-29,296.0
1909-04-30,245.0
1909-05-01,214.0
1909-05-02,214.0
1909-05-03,229.0
1909-05-04,229.0
1909-05-05,245.0
1909-05-06,229.0
1909-05-07,261.0
1909-05-08,333.0
1909-05-09,333.0
1909-05-10,314.0
1909-05-11,355.0
1909-05-12,355.0
1909-05-13,314.0
1909-05-14,333.0
1909-05-15,353.0
1909-05-16,436.0
1909-05-17,499.0
1909-05-18,499.0
1909-05-19,499.0
1909-05-20,520.0
1909-05-21,608.0
1909-05-22,655.0
1909-05-23,680.0
1909-05-24,705.0
1909-05-25,730.0
1909-05-26,705.0
1909-05-27,655.0
1909-05-28,630.0
1909-05-29,608.0
1909-05-30,585.0
1909-05-31,585.0
1909-06-01,563.0
1909-06-02,585.0
1909-06-03,630.0
1909-06-04,758.0
1909-06-05,960.0
1909-06-06,990.0
1909-06-07,1080.0
1909-06-08,1050.0
1909-06-09,1270.0
1909-06-10,1080.0
1909-06-11,1110.0
1909-06-12,1050.0
1909-06-13,1050.0
1909-06-14,1050.0
1909-06-15,993.0
1909-06-16,1020.0
1909-06-17,1080.0
1909-06-18,1080.0
1909-06-19,1260.0
1909-06-20,1330.0
1909-06-21,1360.0
1909-06-22,1460.0
1909-06-23,1400.0
1909-06-24,1260.0
1909-06-25,1260.0
1909-06-26,1170.0
1909-06-27,1110.0
1909-06-28,1080.0
1909-06-29,1020.0
1909-06-30,1020.0
1909-07-01,1020.0
1909-07-02,993.0
1909-07-03,1260.0
1909-07-04,1400.0
1909-07-05,1360.0
1909-07-06,1850.0
1909-07-07,1920.0
1909-07-08,1600.0
1909-07-09,1640.0
1909-07-10,1140.0
1909-07-11,964.0
1909-07-12,827.0
1909-07-13,672.0
1909-07-14,624.0
1909-07-15,578.0
1909-07-16,555.0
1909-07-17,578.0
1909-07-18,532.0
1909-07-19,510.0
1909-07-20,555.0
1909-07-21,555.0
1909-07-22,555.0
1909-07-23,747.0
1909-07-24,854.0
1909-07-25,993.0
1909-07-26,908.0
1909-07-27,747.0
1909-07-28,647.0
1909-07-29,672.0
1909-07-30,624.0
1909-07-31,532.0
1909-08-01,488.0
1909-08-02,467.0
1909-08-03,446.0
1909-08-04,446.0
1909-08-05,446.0
1909-08-06,467.0
1909-08-07,488.0
1909-08-08,510.0
1909-08-09,510.0
1909-08-10,510.0
1909-08-11,578.0
1909-08-12,647.0
1909-08-13,672.0
1909-08-14,647.0
1909-08-15,647.0
1909-08-16,647.0
1909-08-17,774.0
1909-08-18,1330.0
1909-08-19,2300.0
1909-08-20,2540.0
1909-08-21,1780.0
1909-08-22,1260.0
1909-08-23,1200.0
1909-08-24,1140.0
1909-08-25,1140.0
1909-08-26,1080.0
1909-08-27,1080.0
1909-08-28,993.0
1909-08-29,908.0
1909-08-30,908.0
1909-08-31,908.0
1909-09-01,1020.0
1909-09-02,1050.0
1909-09-03,1140.0
1909-09-04,1230.0
1909-09-05,1400.0
1909-09-06,1600.0
1909-09-07,2460.0
1909-09-08,2540.0
1909-09-09,2660.0
1909-09-10,2660.0
1909-09-11,2300.0
1909-09-12,2100.0
1909-09-13,2700.0
1909-09-14,2860.0
1909-09-15,2900.0
1909-09-16,2660.0
1909-09-17,2580.0
1909-09-18,2420.0
1909-09-19,2380.0
1909-09-20,1990.0
1909-09-21,1850.0
1909-09-22,1740.0
1909-09-23,1570.0
1909-09-24,1460.0
1909-09-25,1430.0
1909-09-26,1330.0
1909-09-27,1330.0
1909-09-28,1260.0
1909-09-29,1200.0
1909-09-30,1170.0
1909-10-01,1040.0
1909-10-02,1040.0
1909-10-03,1010.0
1909-10-04,978.0
1909-10-05,894.0
1909-10-06,867.0
1909-10-07,867.0
1909-10-08,867.0
1909-10-09,840.0
1909-10-10,812.0
1909-10-11,758.0
1909-10-12,706.0
1909-10-13,681.0
1909-10-14,656.0
1909-10-15,608.0
1909-10-16,584.0
1909-10-17,584.0
1909-10-18,584.0
1909-10-19,584.0
1909-10-20,584.0
1909-10-21,608.0
1909-10-22,515.0
1909-10-23,515.0
1909-10-24,492.0
1909-10-25,470.0
1909-10-26,428.0
1909-10-27,388.0
1909-10-28,408.0
1909-10-29,408.0
1909-10-30,408.0
1909-10-31,408.0
1909-11-01,369.0
1909-11-02,369.0
1909-11-03,369.0
1909-11-04,369.0
1909-11-05,350.0
1909-11-06,350.0
1909-11-07,314.0
1909-11-08,280.0
1909-11-09,280.0
1909-11-10,297.0
1909-11-11,280.0
1909-11-12,314.0
1909-11-13,280.0
1909-11-14,264.0
1909-11-15,280.0
1909-11-16,248.0
1909-11-17,248.0
1909-11-18,314.0
1909-11-19,280.0
1909-11-20,280.0
1909-11-21,297.0
1909-11-22,280.0
1909-11-23,280.0
1909-11-24,280.0
1909-11-25,280.0
1909-11-26,280.0
1909-11-27,280.0
1909-11-28,280.0
1909-11-29,280.0
1909-11-30,280.0
1909-12-01,190.0
1909-12-02,190.0
1909-12-03,190.0
1909-12-04,190.0
1909-12-05,190.0
1909-12-06,190.0
1909-12-07,190.0
1909-12-08,190.0
1909-12-09,190.0
1909-12-10,190.0
1909-12-11,190.0
1909-12-12,190.0
1909-12-13,190.0
1909-12-14,190.0
1909-12-15,190.0
1909-12-16,190.0
1909-12-17,190.0
1909-12-18,190.0
1909-12-19,190.0
1909-12-20,190.0
1909-12-21,190.0
1909-12-22,190.0
1909-12-23,190.0
1909-12-24,190.0
1909-12-25,190.0
1909-12-26,190.0
1909-12-27,190.0
1909-12-28,190.0
1909-12-29,190.0
1909-12-30,190.0
1909-12-31,190.0
1910-01-01,200.0
1910-01-02,200.0
1910-01-03,200.0
1910-01-04,200.0
1910-01-05,200.0
1910-01-06,225.0
1910-01-07,225.0
1910-01-08,225.0
1910-01-09,225.0
1910-01-10,225.0
1910-01-11,215.0
1910-01-12,215.0
1910-01-13,215.0
1910-01-14,215.0
1910-01-15,215.0
1910-01-16,210.0
1910-01-17,210.0
1910-01-18,210.0
1910-01-19,210.0
1910-01-20,210.0
1910-01-21,205.0
1910-01-22,205.0
1910-01-23,205.0
1910-01-24,205.0
1910-01-25,208.0
1910-01-26,212.0
1910-01-27,170.0
1910-01-28,190.0
1910-01-29,218.0
1910-01-30,195.0
1910-01-31,205.0
1910-02-01,182.0
1910-02-02,206.0
1910-02-03,182.0
1910-02-04,160.0
1910-02-05,160.0
1910-02-06,160.0
1910-02-07,120.0
1910-02-08,120.0
1910-02-09,120.0
1910-02-10,111.0
1910-02-11,120.0
1910-02-12,120.0
1910-02-13,130.0
1910-02-14,140.0
1910-02-15,160.0
1910-02-16,182.0
1910-02-17,160.0
1910-02-18,171.0
1910-02-19,182.0
1910-02-20,206.0
1910-02-21,234.0
1910-02-22,248.0
1910-02-23,234.0
1910-02-24,234.0
1910-02-25,182.0
1910-02-26,206.0
1910-02-27,206.0
1910-02-28,182.0
1910-03-01,160.0
1910-03-02,182.0
1910-03-03,234.0
1910-03-04,234.0
1910-03-05,322.0
1910-03-06,354.0
1910-03-07,338.0
1910-03-08,370.0
1910-03-09,386.0
1910-03-10,710.0
1910-03-11,710.0
1910-03-12,650.0
1910-03-13,610.0
1910-03-14,610.0
1910-03-15,610.0
1910-03-16,610.0
1910-03-17,590.0
1910-03-18,610.0
1910-03-19,590.0
1910-03-20,610.0
1910-03-21,590.0
1910-03-22,570.0
1910-03-23,590.0
1910-03-24,570.0
1910-03-25,513.0
1910-03-26,494.0
1910-03-27,440.0
1910-03-28,404.0
1910-03-29,404.0
1910-03-30,354.0
1910-03-31,338.0
1910-04-01,354.0
1910-04-02,370.0
1910-04-03,370.0
1910-04-04,322.0
1910-04-05,322.0
1910-04-06,306.0
1910-04-07,322.0
1910-04-08,322.0
1910-04-09,322.0
1910-04-10,322.0
1910-04-11,338.0
1910-04-12,354.0
1910-04-13,386.0
1910-04-14,440.0
1910-04-15,422.0
1910-04-16,370.0
1910-04-17,386.0
1910-04-18,386.0
1910-04-19,404.0
1910-04-20,422.0
1910-04-21,476.0
1910-04-22,458.0
1910-04-23,476.0
1910-04-24,494.0
1910-04-25,513.0
1910-04-26,513.0
1910-04-27,532.0
1910-04-28,552.0
1910-04-29,590.0
1910-04-30,605.0
1910-05-01,605.0
1910-05-02,600.0
1910-05-03,600.0
1910-05-04,635.0
1910-05-05,630.0
1910-05-06,570.0
1910-05-07,550.0
1910-05-08,530.0
1910-05-09,530.0
1910-05-10,548.0
1910-05-11,548.0
1910-05-12,560.0
1910-05-13,600.0
1910-05-14,630.0
1910-05-15,625.0
1910-05-16,615.0
1910-05-17,590.0
1910-05-18,665.0
1910-05-19,650.0
1910-05-20,572.0
1910-05-21,555.0
1910-05-22,590.0
1910-05-23,660.0
1910-05-24,680.0
1910-05-25,660.0
1910-05-26,605.0
1910-05-27,605.0
1910-05-28,620.0
1910-05-29,620.0
1910-05-30,602.0
1910-05-31,602.0
1910-06-01,600.0
1910-06-02,600.0
1910-06-03,598.0
1910-06-04,598.0
1910-06-05,540.0
1910-06-06,540.0
1910-06-07,576.0
1910-06-08,558.0
1910-06-09,540.0
1910-06-10,522.0
1910-06-11,505.0
1910-06-12,522.0
1910-06-13,488.0
1910-06-14,522.0
1910-06-15,488.0
1910-06-16,505.0
1910-06-17,522.0
1910-06-18,505.0
1910-06-19,488.0
1910-06-20,420.0
1910-06-21,358.0
1910-06-22,373.0
1910-06-23,358.0
1910-06-24,343.0
1910-06-25,343.0
1910-06-26,298.0
1910-06-27,284.0
1910-06-28,270.0
1910-06-29,270.0
1910-06-30,373.0
1910-07-01,388.0
1910-07-02,388.0
1910-07-03,420.0
1910-07-04,404.0
1910-07-05,404.0
1910-07-06,388.0
1910-07-07,373.0
1910-07-08,343.0
1910-07-09,313.0
1910-07-10,197.0
1910-07-11,186.0
1910-07-12,175.0
1910-07-13,175.0
1910-07-14,175.0
1910-07-15,186.0
1910-07-16,186.0
1910-07-17,186.0
1910-07-18,186.0
1910-07-19,153.0
1910-07-20,164.0
1910-07-21,175.0
1910-07-22,175.0
1910-07-23,175.0
1910-07-24,220.0
1910-07-25,375.0
1910-07-26,365.0
1910-07-27,380.0
1910-07-28,410.0
1910-07-29,670.0
1910-07-30,640.0
1910-07-31,690.0
1910-08-01,400.0
1910-08-02,610.0
1910-08-03,660.0
1910-08-04,610.0
1910-08-05,545.0
1910-08-06,560.0
1910-08-07,510.0
1910-08-08,430.0
1910-08-09,365.0
1910-08-10,630.0
1910-08-11,630.0
1910-08-12,670.0
1910-08-13,650.0
1910-08-14,590.0
1910-08-15,276.0
1910-08-16,248.0
1910-08-17,290.0
1910-08-18,322.0
1910-08-19,306.0
1910-08-20,306.0
1910-08-21,370.0
1910-08-22,386.0
1910-08-23,386.0
1910-08-24,386.0
1910-08-25,248.0
1910-08-26,194.0
1910-08-27,194.0
1910-08-28,194.0
1910-08-29,206.0
1910-08-30,182.0
1910-08-31,182.0
1910-09-01,182.0
1910-09-02,194.0
1910-09-03,182.0
1910-09-04,194.0
1910-09-05,182.0
1910-09-06,160.0
1910-09-07,150.0
1910-09-08,150.0
1910-09-09,171.0
1910-09-10,171.0
1910-09-11,150.0
1910-09-12,150.0
1910-09-13,160.0
1910-09-14,160.0
1910-09-15,160.0
1910-09-16,160.0
1910-09-17,160.0
1910-09-18,160.0
1910-09-19,160.0
1910-09-20,160.0
1910-09-21,171.0
1910-09-22,194.0
1910-09-23,194.0
1910-09-24,194.0
1910-09-25,180.0
1910-09-26,180.0
1910-09-27,180.0
1910-09-28,178.0
1910-09-29,178.0
1910-09-30,178.0
1910-10-01,162.0
1910-10-02,162.0
1910-10-03,160.0
1910-10-04,160.0
1910-10-05,150.0
1910-10-06,155.0
1910-10-07,155.0
1910-10-08,160.0
1910-10-09,155.0
1910-10-10,153.0
1910-10-11,158.0
1910-10-12,152.0
1910-10-13,130.0
1910-10-14,140.0
1910-10-15,160.0
1910-10-16,180.0
1910-10-17,195.0
1910-10-18,178.0
1910-10-19,176.0
1910-10-20,190.0
1910-10-21,190.0
1910-10-22,200.0
1910-10-23,200.0
1910-10-24,186.0
1910-10-25,186.0
1910-10-26,175.0
1910-10-27,160.0
1910-10-28,160.0
1910-10-29,170.0
1910-10-30,160.0
1910-10-31,145.0
1910-11-01,136.0
1910-11-02,126.0
1910-11-03,126.0
1910-11-04,126.0
1910-11-05,146.0
1910-11-06,136.0
1910-11-07,136.0
1910-11-08,156.0
1910-11-09,156.0
1910-11-10,156.0
1910-11-11,167.0
1910-11-12,167.0
1910-11-13,156.0
1910-11-14,146.0
1910-11-15,156.0
1910-11-16,156.0
1910-11-17,136.0
1910-11-18,146.0
1910-11-19,146.0
1910-11-20,126.0
1910-11-21,126.0
1910-11-22,116.0
1910-11-23,107.0
1910-11-24,126.0
1910-11-25,126.0
1910-11-26,107.0
1910-11-27,98.0
1910-11-28,76.0
1910-11-29,83.0
1910-11-30,76.0
1910-12-01,68.0
1910-12-02,68.0
1910-12-03,83.0
1910-12-04,83.0
1910-12-05,68.0
1910-12-06,68.0
1910-12-07,68.0
1910-12-08,83.0
1910-12-09,83.0
1910-12-10,90.0
1910-12-11,83.0
1910-12-12,83.0
1910-12-13,98.0
1910-12-14,76.0
1910-12-15,70.0
1910-12-16,70.0
1910-12-17,70.0
1910-12-18,70.0
1910-12-19,70.0
1910-12-20,70.0
1910-12-21,75.0
1910-12-22,75.0
1910-12-23,75.0
1910-12-24,75.0
1910-12-25,80.0
1910-12-26,80.0
1910-12-27,80.0
1910-12-28,80.0
1910-12-29,85.0
1910-12-30,85.0
1910-12-31,85.0
1911-01-01,100.0
1911-01-02,100.0
1911-01-03,100.0
1911-01-04,105.0
1911-01-05,105.0
1911-01-06,110.0
1911-01-07,115.0
1911-01-08,105.0
1911-01-09,105.0
1911-01-10,110.0
1911-01-11,110.0
1911-01-12,110.0
1911-01-13,110.0
1911-01-14,115.0
1911-01-15,105.0
1911-01-16,105.0
1911-01-17,105.0
1911-01-18,85.0
1911-01-19,95.0
1911-01-20,95.0
1911-01-21,105.0
1911-01-22,115.0
1911-01-23,85.0
1911-01-24,105.0
1911-01-25,115.0
1911-01-26,115.0
1911-01-27,95.0
1911-01-28,95.0
1911-01-29,95.0
1911-01-30,95.0
1911-01-31,95.0
1911-02-01,95.0
1911-02-02,85.0
1911-02-03,85.0
1911-02-04,85.0
1911-02-05,95.0
1911-02-06,85.0
1911-02-07,95.0
1911-02-08,85.0
1911-02-09,85.0
1911-02-10,85.0
1911-02-11,95.0
1911-02-12,95.0
1911-02-13,95.0
1911-02-14,86.0
1911-02-15,86.0
1911-02-16,95.0
1911-02-17,95.0
1911-02-18,95.0
1911-02-19,100.0
1911-02-20,100.0
1911-02-21,105.0
1911-02-22,105.0
1911-02-23,105.0
1911-02-24,110.0
1911-02-25,110.0
1911-02-26,115.0
1911-02-27,95.0
1911-02-28,105.0
1911-03-01,105.0
1911-03-02,95.0
1911-03-03,86.0
1911-03-04,95.0
1911-03-05,95.0
1911-03-06,95.0
1911-03-07,86.0
1911-03-08,95.0
1911-03-09,95.0
1911-03-10,95.0
1911-03-11,105.0
1911-03-12,77.0
1911-03-13,70.0
1911-03-14,70.0
1911-03-15,70.0
1911-03-16,86.0
1911-03-17,86.0
1911-03-18,77.0
1911-03-19,86.0
1911-03-20,70.0
1911-03-21,77.0
1911-03-22,86.0
1911-03-23,77.0
1911-03-24,77.0
1911-03-25,86.0
1911-03-26,77.0
1911-03-27,63.0
1911-03-28,77.0
1911-03-29,70.0
1911-03-30,77.0
1911-03-31,86.0
1911-04-01,95.0
1911-04-02,160.0
1911-04-03,240.0
1911-04-04,283.0
1911-04-05,298.0
1911-04-06,298.0
1911-04-07,254.0
1911-04-08,212.0
1911-04-09,198.0
1911-04-10,160.0
1911-04-11,148.0
1911-04-12,148.0
1911-04-13,137.0
1911-04-14,137.0
1911-04-15,115.0
1911-04-16,126.0
1911-04-17,137.0
1911-04-18,126.0
1911-04-19,137.0
1911-04-20,137.0
1911-04-21,137.0
1911-04-22,160.0
1911-04-23,172.0
1911-04-24,212.0
1911-04-25,240.0
1911-04-26,240.0
1911-04-27,226.0
1911-04-28,212.0
1911-04-29,240.0
1911-04-30,268.0
1911-05-01,226.0
1911-05-02,212.0
1911-05-03,185.0
1911-05-04,185.0
1911-05-05,212.0
1911-05-06,240.0
1911-05-07,268.0
1911-05-08,298.0
1911-05-09,314.0
1911-05-10,347.0
1911-05-11,238.0
1911-05-12,195.0
1911-05-13,283.0
1911-05-14,283.0
1911-05-15,355.0
1911-05-16,370.0
1911-05-17,370.0
1911-05-18,392.0
1911-05-19,430.0
1911-05-20,412.0
1911-05-21,490.0
1911-05-22,535.0
1911-05-23,535.0
1911-05-24,535.0
1911-05-25,535.0
1911-05-26,560.0
1911-05-27,515.0
1911-05-28,455.0
1911-05-29,435.0
1911-05-30,400.0
1911-05-31,380.0
1911-06-01,438.0
1911-06-02,480.0
1911-06-03,480.0
1911-06-04,480.0
1911-06-05,500.0
1911-06-06,460.0
1911-06-07,460.0
1911-06-08,440.0
1911-06-09,485.0
1911-06-10,445.0
1911-06-11,428.0
1911-06-12,428.0
1911-06-13,426.0
1911-06-14,408.0
1911-06-15,426.0
1911-06-16,487.0
1911-06-17,508.0
1911-06-18,466.0
1911-06-19,466.0
1911-06-20,466.0
1911-06-21,550.0
1911-06-22,508.0
1911-06-23,550.0
1911-06-24,550.0
1911-06-25,550.0
1911-06-26,550.0
1911-06-27,550.0
1911-06-28,572.0
1911-06-29,572.0
1911-06-30,617.0
1911-07-01,617.0
1911-07-02,732.0
1911-07-03,908.0
1911-07-04,732.0
1911-07-05,807.0
1911-07-06,986.0
1911-07-07,1010.0
1911-07-08,1200.0
1911-07-09,1180.0
1911-07-10,1150.0
1911-07-11,1150.0
1911-07-12,1120.0
1911-07-13,1150.0
1911-07-14,1150.0
1911-07-15,1120.0
1911-07-16,1120.0
1911-07-17,1150.0
1911-07-18,640.0
1911-07-19,487.0
1911-07-20,782.0
1911-07-21,782.0
1911-07-22,807.0
1911-07-23,832.0
1911-07-24,807.0
1911-07-25,807.0
1911-07-26,832.0
1911-07-27,709.0
1911-07-28,617.0
1911-07-29,594.0
1911-07-30,487.0
1911-07-31,337.0
1911-08-01,303.0
1911-08-02,286.0
1911-08-03,303.0
1911-08-04,337.0
1911-08-05,529.0
1911-08-06,508.0
1911-08-07,446.0
1911-08-08,303.0
1911-08-09,466.0
1911-08-10,487.0
1911-08-11,508.0
1911-08-12,337.0
1911-08-13,303.0
1911-08-14,286.0
1911-08-15,286.0
1911-08-16,286.0
1911-08-17,286.0
1911-08-18,303.0
1911-08-19,280.0
1911-08-20,280.0
1911-08-21,290.0
1911-08-22,390.0
1911-08-23,525.0
1911-08-24,515.0
1911-08-25,535.0
1911-08-26,510.0
1911-08-27,335.0
1911-08-28,345.0
1911-08-29,325.0
1911-08-30,325.0
1911-08-31,332.0
1911-09-01,340.0
1911-09-02,390.0
1911-09-03,360.0
1911-09-04,335.0
1911-09-05,330.0
1911-09-06,310.0
1911-09-07,290.0
1911-09-08,270.0
1911-09-09,270.0
1911-09-10,250.0
1911-09-11,235.0
1911-09-12,210.0
1911-09-13,205.0
1911-09-14,205.0
1911-09-15,200.0
1911-09-16,200.0
1911-09-17,200.0
1911-09-18,210.0
1911-09-19,210.0
1911-09-20,210.0
1911-09-21,210.0
1911-09-22,205.0
1911-09-23,205.0
1911-09-24,190.0
1911-09-25,190.0
1911-09-26,200.0
1911-09-27,200.0
1911-09-28,200.0
1911-09-29,195.0
1911-09-30,220.0
1911-10-01,237.0
1911-10-02,220.0
1911-10-03,190.0
1911-10-04,245.0
1911-10-05,260.0
1911-10-06,320.0
1911-10-07,225.0
1911-10-08,195.0
1911-10-09,170.0
1911-10-10,140.0
1911-10-11,130.0
1911-10-12,115.0
1911-10-13,115.0
1911-10-14,110.0
1911-10-15,110.0
1911-10-16,108.0
1911-10-17,108.0
1911-10-18,105.0
1911-10-19,103.0
1911-10-20,95.0
1911-10-21,92.0
1911-10-22,92.0
1911-10-23,100.0
1911-10-24,110.0
1911-10-25,110.0
1911-10-26,110.0
1911-10-27,108.0
1911-10-28,105.0
1911-10-29,115.0
1911-10-30,105.0
1911-10-31,105.0
1911-11-01,100.0
1911-11-02,90.0
1911-11-03,95.0
1911-11-04,115.0
1911-11-05,115.0
1911-11-06,95.0
1911-11-07,95.0
1911-11-08,105.0
1911-11-09,105.0
1911-11-10,115.0
1911-11-11,115.0
1911-11-12,85.0
1911-11-13,77.0
1911-11-14,115.0
1911-11-15,95.0
1911-11-16,95.0
1911-11-17,85.0
1911-11-18,85.0
1911-11-19,95.0
1911-11-20,85.0
1911-11-21,85.0
1911-11-22,95.0
1911-11-23,70.0
1911-11-24,70.0
1911-11-25,85.0
1911-11-26,85.0
1911-11-27,90.0
1911-11-28,95.0
1911-11-29,95.0
1911-11-30,100.0
1911-12-01,100.0
1911-12-02,100.0
1911-12-03,105.0
1911-12-04,105.0
1911-12-05,105.0
1911-12-06,105.0
1911-12-07,115.0
1911-12-08,115.0
1911-12-09,115.0
1911-12-10,115.0
1911-12-11,115.0
1911-12-12,115.0
1911-12-13,115.0
1911-12-14,115.0
1911-12-15,115.0
1911-12-16,115.0
1911-12-17,110.0
1911-12-18,110.0
1911-12-19,110.0
1911-12-20,110.0
1911-12-21,110.0
1911-12-22,110.0
1911-12-23,110.0
1911-12-24,105.0
1911-12-25,105.0
1911-12-26,105.0
1911-12-27,105.0
1911-12-28,105.0
1911-12-29,105.0
1911-12-30,105.0
1911-12-31,105.0
1912-01-01,95.0
1912-01-02,95.0
1912-01-03,95.0
1912-01-04,95.0
1912-01-05,95.0
1912-01-06,95.0
1912-01-07,95.0
1912-01-08,95.0
1912-01-09,95.0
1912-01-10,95.0
1912-01-11,95.0
1912-01-12,95.0
1912-01-13,95.0
1912-01-14,95.0
1912-01-15,95.0
1912-01-16,95.0
1912-01-17,95.0
1912-01-18,95.0
1912-01-19,95.0
1912-01-20,95.0
1912-01-21,95.0
1912-01-22,95.0
1912-01-23,95.0
1912-01-24,95.0
1912-01-25,95.0
1912-01-26,95.0
1912-01-27,95.0
1912-01-28,95.0
1912-01-29,95.0
1912-01-30,95.0
1912-01-31,95.0
1912-02-01,75.0
1912-02-02,75.0
1912-02-03,75.0
1912-02-04,75.0
1912-02-05,75.0
1912-02-06,75.0
1912-02-07,75.0
1912-02-08,75.0
1912-02-09,75.0
1912-02-10,75.0
1912-02-11,75.0
1912-02-12,75.0
1912-02-13,75.0
1912-02-14,75.0
1912-02-15,75.0
1912-02-16,75.0
1912-02-17,75.0
1912-02-18,75.0
1912-02-19,75.0
1912-02-20,75.0
1912-02-21,75.0
1912-02-22,75.0
1912-02-23,75.0
1912-02-24,75.0
1912-02-25,75.0
1912-02-26,75.0
1912-02-27,75.0
1912-02-28,75.0
1912-02-29,75.0
1912-03-01,81.0
1912-03-02,81.0
1912-03-03,81.0
1912-03-04,81.0
1912-03-05,81.0
1912-03-06,81.0
1912-03-07,81.0
1912-03-08,81.0
1912-03-09,81.0
1912-03-10,81.0
1912-03-11,81.0
1912-03-12,81.0
1912-03-13,81.0
1912-03-14,81.0
1912-03-15,81.0
1912-03-16,80.0
1912-03-17,80.0
1912-03-18,80.0
1912-03-19,80.0
1912-03-20,80.0
1912-03-21,70.0
1912-03-22,70.0
1912-03-23,60.0
1912-03-24,50.0
1912-03-25,60.0
1912-03-26,70.0
1912-03-27,60.0
1912-03-28,60.0
1912-03-29,70.0
1912-03-30,80.0
1912-03-31,60.0
1912-04-01,60.0
1912-04-02,50.0
1912-04-03,70.0
1912-04-04,102.0
1912-04-05,128.0
1912-04-06,140.0
1912-04-07,115.0
1912-04-08,115.0
1912-04-09,115.0
1912-04-10,128.0
1912-04-11,115.0
1912-04-12,115.0
1912-04-13,102.0
1912-04-14,80.0
1912-04-15,80.0
1912-04-16,90.0
1912-04-17,80.0
1912-04-18,80.0
1912-04-19,90.0
1912-04-20,102.0
1912-04-21,70.0
1912-04-22,70.0
1912-04-23,80.0
1912-04-24,80.0
1912-04-25,90.0
1912-04-26,102.0
1912-04-27,115.0
1912-04-28,115.0
1912-04-29,128.0
1912-04-30,140.0
1912-05-01,190.0
1912-05-02,205.0
1912-05-03,235.0
1912-05-04,205.0
1912-05-05,178.0
1912-05-06,152.0
1912-05-07,178.0
1912-05-08,190.0
1912-05-09,205.0
1912-05-10,265.0
1912-05-11,250.0
1912-05-12,250.0
1912-05-13,220.0
1912-05-14,205.0
1912-05-15,280.0
1912-05-16,345.0
1912-05-17,420.0
1912-05-18,545.0
1912-05-19,615.0
1912-05-20,590.0
1912-05-21,615.0
1912-05-22,690.0
1912-05-23,718.0
1912-05-24,718.0
1912-05-25,745.0
1912-05-26,828.0
1912-05-27,772.0
1912-05-28,665.0
1912-05-29,690.0
1912-05-30,855.0
1912-05-31,965.0
1912-06-01,772.0
1912-06-02,745.0
1912-06-03,965.0
1912-06-04,1140.0
1912-06-05,1140.0
1912-06-06,1110.0
1912-06-07,1110.0
1912-06-08,1400.0
1912-06-09,1500.0
1912-06-10,1600.0
1912-06-11,1530.0
1912-06-12,772.0
1912-06-13,855.0
1912-06-14,718.0
1912-06-15,718.0
1912-06-16,690.0
1912-06-17,910.0
1912-06-18,1270.0
1912-06-19,1780.0
1912-06-20,1780.0
1912-06-21,1560.0
1912-06-22,1560.0
1912-06-23,1400.0
1912-06-24,1460.0
1912-06-25,1640.0
1912-06-26,1530.0
1912-06-27,1670.0
1912-06-28,1700.0
1912-06-29,1810.0
1912-06-30,2020.0
1912-07-01,2020.0
1912-07-02,1950.0
1912-07-03,1670.0
1912-07-04,1430.0
1912-07-05,1240.0
1912-07-06,1200.0
1912-07-07,1080.0
1912-07-08,992.0
1912-07-09,910.0
1912-07-10,828.0
1912-07-11,745.0
1912-07-12,745.0
1912-07-13,745.0
1912-07-14,800.0
1912-07-15,1080.0
1912-07-16,1200.0
1912-07-17,1200.0
1912-07-18,1170.0
1912-07-19,1080.0
1912-07-20,1110.0
1912-07-21,1170.0
1912-07-22,1050.0
1912-07-23,1170.0
1912-07-24,1110.0
1912-07-25,1370.0
1912-07-26,1560.0
1912-07-27,1600.0
1912-07-28,1460.0
1912-07-29,1500.0
1912-07-30,1810.0
1912-07-31,1840.0
1912-08-01,1950.0
1912-08-02,1810.0
1912-08-03,1560.0
1912-08-04,1270.0
1912-08-05,1170.0
1912-08-06,1020.0
1912-08-07,965.0
1912-08-08,882.0
1912-08-09,800.0
1912-08-10,745.0
1912-08-11,665.0
1912-08-12,590.0
1912-08-13,545.0
1912-08-14,568.0
1912-08-15,665.0
1912-08-16,718.0
1912-08-17,690.0
1912-08-18,640.0
1912-08-19,545.0
1912-08-20,522.0
1912-08-21,522.0
1912-08-22,500.0
1912-08-23,480.0
1912-08-24,440.0
1912-08-25,440.0
1912-08-26,420.0
1912-08-27,480.0
1912-08-28,460.0
1912-08-29,460.0
1912-08-30,362.0
1912-08-31,345.0
1912-09-01,265.0
1912-09-02,235.0
1912-09-03,328.0
1912-09-04,568.0
1912-09-05,545.0
1912-09-06,500.0
1912-09-07,500.0
1912-09-08,460.0
1912-09-09,460.0
1912-09-10,480.0
1912-09-11,460.0
1912-09-12,500.0
1912-09-13,500.0
1912-09-14,420.0
1912-09-15,380.0
1912-09-16,362.0
1912-09-17,362.0
1912-09-18,265.0
1912-09-19,380.0
1912-09-20,400.0
1912-09-21,440.0
1912-09-22,420.0
1912-09-23,362.0
1912-09-24,328.0
1912-09-25,328.0
1912-09-26,310.0
1912-09-27,345.0
1912-09-28,328.0
1912-09-29,310.0
1912-09-30,250.0
1912-10-01,280.0
1912-10-02,310.0
1912-10-03,310.0
1912-10-04,295.0
1912-10-05,280.0
1912-10-06,235.0
1912-10-07,250.0
1912-10-08,265.0
1912-10-09,280.0
1912-10-10,345.0
1912-10-11,328.0
1912-10-12,280.0
1912-10-13,250.0
1912-10-14,220.0
1912-10-15,205.0
1912-10-16,250.0
1912-10-17,250.0
1912-10-18,235.0
1912-10-19,235.0
1912-10-20,235.0
1912-10-21,205.0
1912-10-22,190.0
1912-10-23,220.0
1912-10-24,190.0
1912-10-25,190.0
1912-10-26,205.0
1912-10-27,220.0
1912-10-28,220.0
1912-10-29,220.0
1912-10-30,220.0
1912-10-31,220.0
1912-11-01,200.0
1912-11-02,200.0
1912-11-03,200.0
1912-11-04,200.0
1912-11-05,200.0
1912-11-06,320.0
1912-11-07,510.0
1912-11-08,565.0
1912-11-09,565.0
1912-11-10,475.0
1912-11-11,355.0
1912-11-12,310.0
1912-11-13,250.0
1912-11-14,195.0
1912-11-15,180.0
1912-11-16,180.0
1912-11-17,168.0
1912-11-18,142.0
1912-11-19,130.0
1912-11-20,130.0
1912-11-21,130.0
1912-11-22,130.0
1912-11-23,130.0
1912-11-24,130.0
1912-11-25,80.0
1912-11-26,80.0
1912-11-27,105.0
1912-11-28,92.0
1912-11-29,105.0
1912-11-30,105.0
1912-12-01,120.0
1912-12-02,120.0
1912-12-03,120.0
1912-12-04,120.0
1912-12-05,120.0
1912-12-06,120.0
1912-12-07,120.0
1912-12-08,120.0
1912-12-09,120.0
1912-12-10,120.0
1912-12-11,120.0
1912-12-12,120.0
1912-12-13,120.0
1912-12-14,120.0
1912-12-15,120.0
1912-12-16,120.0
1912-12-17,120.0
1912-12-18,120.0
1912-12-19,120.0
1912-12-20,120.0
1912-12-21,120.0
1912-12-22,120.0
1912-12-23,120.0
1912-12-24,120.0
1912-12-25,120.0
1912-12-26,120.0
1912-12-27,120.0
1912-12-28,120.0
1912-12-29,120.0
1912-12-30,120.0
1912-12-31,120.0
1913-01-01,108.0
1913-01-02,108.0
1913-01-03,108.0
1913-01-04,108.0
1913-01-05,108.0
1913-01-06,108.0
1913-01-07,108.0
1913-01-08,108.0
1913-01-09,108.0
1913-01-10,108.0
1913-01-11,108.0
1913-01-12,108.0
1913-01-13,108.0
1913-01-14,108.0
1913-01-15,108.0
1913-01-16,108.0
1913-01-17,108.0
1913-01-18,108.0
1913-01-19,108.0
1913-01-20,108.0
1913-01-21,108.0
1913-01-22,108.0
1913-01-23,108.0
1913-01-24,108.0
1913-01-25,108.0
1913-01-26,108.0
1913-01-27,108.0
1913-01-28,108.0
1913-01-29,108.0
1913-01-30,108.0
1913-01-31,108.0
1913-02-01,83.0
1913-02-02,83.0
1913-02-03,83.0
1913-02-04,83.0
1913-02-05,83.0
1913-02-06,83.0
1913-02-07,83.0
1913-02-08,83.0
1913-02-09,83.0
1913-02-10,83.0
1913-02-11,83.0
1913-02-12,83.0
1913-02-13,83.0
1913-02-14,83.0
1913-02-15,83.0
1913-02-16,83.0
1913-02-17,83.0
1913-02-18,83.0
1913-02-19,83.0
1913-02-20,83.0
1913-02-21,83.0
1913-02-22,83.0
1913-02-23,83.0
1913-02-24,83.0
1913-02-25,83.0
1913-02-26,83.0
1913-02-27,83.0
1913-02-28,83.0
1913-03-01,90.0
1913-03-02,90.0
1913-03-03,90.0
1913-03-04,90.0
1913-03-05,90.0
1913-03-06,90.0
1913-03-07,90.0
1913-03-08,90.0
1913-03-09,90.0
1913-03-10,90.0
1913-03-11,90.0
1913-03-12,90.0
1913-03-13,90.0
1913-03-14,90.0
1913-03-15,90.0
1913-03-16,90.0
1913-03-17,90.0
1913-03-18,90.0
1913-03-19,90.0
1913-03-20,90.0
1913-03-21,90.0
1913-03-22,90.0
1913-03-23,90.0
1913-03-24,90.0
1913-03-25,90.0
1913-03-26,90.0
1913-03-27,90.0
1913-03-28,90.0
1913-03-29,90.0
1913-03-30,90.0
1913-03-31,90.0
1913-04-01,190.0
1913-04-02,206.0
1913-04-03,164.0
1913-04-04,117.0
1913-04-05,140.0
1913-04-06,152.0
1913-04-07,152.0
1913-04-08,140.0
1913-04-09,106.0
1913-04-10,95.0
1913-04-11,117.0
1913-04-12,129.0
1913-04-13,164.0
1913-04-14,280.0
1913-04-15,633.0
1913-04-16,719.0
1913-04-17,741.0
1913-04-18,655.0
1913-04-19,612.0
1913-04-20,633.0
1913-04-21,762.0
1913-04-22,676.0
1913-04-23,633.0
1913-04-24,505.0
1913-04-25,505.0
1913-04-26,484.0
1913-04-27,484.0
1913-04-28,526.0
1913-04-29,569.0
1913-04-30,612.0
1913-05-01,633.0
1913-05-02,654.0
1913-05-03,590.0
1913-05-04,526.0
1913-05-05,484.0
1913-05-06,569.0
1913-05-07,633.0
1913-05-08,569.0
1913-05-09,547.0
1913-05-10,569.0
1913-05-11,612.0
1913-05-12,633.0
1913-05-13,676.0
1913-05-14,590.0
1913-05-15,505.0
1913-05-16,505.0
1913-05-17,526.0
1913-05-18,547.0
1913-05-19,569.0
1913-05-20,526.0
1913-05-21,484.0
1913-05-22,463.0
1913-05-23,526.0
1913-05-24,569.0
1913-05-25,526.0
1913-05-26,612.0
1913-05-27,633.0
1913-05-28,569.0
1913-05-29,633.0
1913-05-30,633.0
1913-05-31,633.0
1913-06-01,633.0
1913-06-02,741.0
1913-06-03,676.0
1913-06-04,676.0
1913-06-05,633.0
1913-06-06,719.0
1913-06-07,891.0
1913-06-08,934.0
1913-06-09,977.0
1913-06-10,934.0
1913-06-11,1020.0
1913-06-12,1020.0
1913-06-13,1070.0
1913-06-14,1020.0
1913-06-15,891.0
1913-06-16,827.0
1913-06-17,1100.0
1913-06-18,1280.0
1913-06-19,1450.0
1913-06-20,1380.0
1913-06-21,762.0
1913-06-22,921.0
1913-06-23,1080.0
1913-06-24,1060.0
1913-06-25,999.0
1913-06-26,999.0
1913-06-27,999.0
1913-06-28,956.0
1913-06-29,891.0
1913-06-30,762.0
1913-07-01,719.0
1913-07-02,762.0
1913-07-03,848.0
1913-07-04,805.0
1913-07-05,762.0
1913-07-06,762.0
1913-07-07,719.0
1913-07-08,676.0
1913-07-09,676.0
1913-07-10,676.0
1913-07-11,676.0
1913-07-12,719.0
1913-07-13,505.0
1913-07-14,463.0
1913-07-15,463.0
1913-07-16,463.0
1913-07-17,569.0
1913-07-18,633.0
1913-07-19,805.0
1913-07-20,848.0
1913-07-21,934.0
1913-07-22,891.0
1913-07-23,977.0
1913-07-24,1110.0
1913-07-25,1150.0
1913-07-26,1150.0
1913-07-27,1110.0
1913-07-28,934.0
1913-07-29,633.0
1913-07-30,590.0
1913-07-31,569.0
1913-08-01,547.0
1913-08-02,547.0
1913-08-03,526.0
1913-08-04,505.0
1913-08-05,505.0
1913-08-06,547.0
1913-08-07,510.0
1913-08-08,484.0
1913-08-09,442.0
1913-08-10,526.0
1913-08-11,547.0
1913-08-12,547.0
1913-08-13,526.0
1913-08-14,505.0
1913-08-15,505.0
1913-08-16,526.0
1913-08-17,762.0
1913-08-18,547.0
1913-08-19,762.0
1913-08-20,719.0
1913-08-21,280.0
1913-08-22,719.0
1913-08-23,848.0
1913-08-24,590.0
1913-08-25,569.0
1913-08-26,547.0
1913-08-27,526.0
1913-08-28,484.0
1913-08-29,421.0
1913-08-30,400.0
1913-08-31,400.0
1913-09-01,421.0
1913-09-02,442.0
1913-09-03,442.0
1913-09-04,442.0
1913-09-05,463.0
1913-09-06,442.0
1913-09-07,400.0
1913-09-08,442.0
1913-09-09,442.0
1913-09-10,463.0
1913-09-11,590.0
1913-09-12,655.0
1913-09-13,590.0
1913-09-14,569.0
1913-09-15,590.0
1913-09-16,590.0
1913-09-17,547.0
1913-09-18,484.0
1913-09-19,421.0
1913-09-20,319.0
1913-09-21,299.0
1913-09-22,299.0
1913-09-23,280.0
1913-09-24,280.0
1913-09-25,280.0
1913-09-26,280.0
1913-09-27,280.0
1913-09-28,299.0
1913-09-29,359.0
1913-09-30,359.0
1913-10-01,442.0
1913-10-02,505.0
1913-10-03,569.0
1913-10-04,547.0
1913-10-05,463.0
1913-10-06,400.0
1913-10-07,400.0
1913-10-08,380.0
1913-10-09,359.0
1913-10-10,339.0
1913-10-11,319.0
1913-10-12,319.0
1913-10-13,870.0
1913-10-14,299.0
1913-10-15,223.0
1913-10-16,223.0
1913-10-17,241.0
1913-10-18,206.0
1913-10-19,206.0
1913-10-20,206.0
1913-10-21,223.0
1913-10-22,223.0
1913-10-23,223.0
1913-10-24,260.0
1913-10-25,280.0
1913-10-26,241.0
1913-10-27,223.0
1913-10-28,223.0
1913-10-29,177.0
1913-10-30,206.0
1913-10-31,241.0
1913-11-01,241.0
1913-11-02,223.0
1913-11-03,280.0
1913-11-04,319.0
1913-11-05,260.0
1913-11-06,241.0
1913-11-07,241.0
1913-11-08,206.0
1913-11-09,206.0
1913-11-10,190.0
1913-11-11,206.0
1913-11-12,206.0
1913-11-13,223.0
1913-11-14,241.0
1913-11-15,206.0
1913-11-16,177.0
1913-11-17,190.0
1913-11-18,190.0
1913-11-19,223.0
1913-11-20,241.0
1913-11-21,280.0
1913-11-22,206.0
1913-11-23,152.0
1913-11-24,129.0
1913-11-25,177.0
1913-11-26,169.0
1913-11-27,177.0
1913-11-28,190.0
1913-11-29,223.0
1913-11-30,145.0
1913-12-01,135.0
1913-12-02,164.0
1913-12-03,145.0
1913-12-04,108.0
1913-12-05,339.0
1913-12-06,395.0
1913-12-07,354.0
1913-12-08,314.0
1913-12-09,276.0
1913-12-10,250.0
1913-12-11,160.0
1913-12-12,160.0
1913-12-13,220.0
1913-12-14,145.0
1913-12-15,117.0
1913-12-16,117.0
1913-12-17,124.0
1913-12-18,128.0
1913-12-19,117.0
1913-12-20,95.0
1913-12-21,95.0
1913-12-22,95.0
1913-12-23,140.0
1913-12-24,140.0
1913-12-25,140.0
1913-12-26,152.0
1913-12-27,152.0
1913-12-28,117.0
1913-12-29,140.0
1913-12-30,140.0
1913-12-31,140.0
1914-01-01,195.0
1914-01-02,159.0
1914-01-03,181.0
1914-01-04,152.0
1914-01-05,162.0
1914-01-06,173.0
1914-01-07,178.0
1914-01-08,168.0
1914-01-09,183.0
1914-01-10,168.0
1914-01-11,148.0
1914-01-12,128.0
1914-01-13,140.0
1914-01-14,165.0
1914-01-15,165.0
1914-01-16,180.0
1914-01-17,195.0
1914-01-18,210.0
1914-01-19,210.0
1914-01-20,202.0
1914-01-21,202.0
1914-01-22,202.0
1914-01-23,202.0
1914-01-24,202.0
1914-01-25,202.0
1914-01-26,202.0
1914-01-27,202.0
1914-01-28,202.0
1914-01-29,152.0
1914-01-30,160.0
1914-01-31,165.0
1914-02-01,117.0
1914-02-02,160.0
1914-02-03,156.0
1914-02-04,153.0
1914-02-05,160.0
1914-02-06,146.0
1914-02-07,142.0
1914-02-08,143.0
1914-02-09,159.0
1914-02-10,166.0
1914-02-11,154.0
1914-02-12,164.0
1914-02-13,159.0
1914-02-14,163.0
1914-02-15,154.0
1914-02-16,166.0
1914-02-17,183.0
1914-02-18,128.0
1914-02-19,128.0
1914-02-20,135.0
1914-02-21,136.0
1914-02-22,136.0
1914-02-23,128.0
1914-02-24,117.0
1914-02-25,106.0
1914-02-26,106.0
1914-02-27,113.0
1914-02-28,122.0
1914-03-01,126.0
1914-03-02,128.0
1914-03-03,128.0
1914-03-04,102.0
1914-03-05,108.0
1914-03-06,113.0
1914-03-07,122.0
1914-03-08,117.0
1914-03-09,128.0
1914-03-10,128.0
1914-03-11,104.0
1914-03-12,104.0
1914-03-13,133.0
1914-03-14,157.0
1914-03-15,177.0
1914-03-16,206.0
1914-03-17,242.0
1914-03-18,280.0
1914-03-19,290.0
1914-03-20,299.0
1914-03-21,280.0
1914-03-22,280.0
1914-03-23,242.0
1914-03-24,299.0
1914-03-25,260.0
1914-03-26,319.0
1914-03-27,319.0
1914-03-28,339.0
1914-03-29,339.0
1914-03-30,319.0
1914-03-31,350.0
1914-04-01,385.0
1914-04-02,405.0
1914-04-03,488.0
1914-04-04,840.0
1914-04-05,1180.0
1914-04-06,1120.0
1914-04-07,977.0
1914-04-08,784.0
1914-04-09,891.0
1914-04-10,870.0
1914-04-11,826.0
1914-04-12,826.0
1914-04-13,848.0
1914-04-14,805.0
1914-04-15,891.0
1914-04-16,870.0
1914-04-17,719.0
1914-04-18,900.0
1914-04-19,1000.0
1914-04-20,1100.0
1914-04-21,1240.0
1914-04-22,1170.0
1914-04-23,1130.0
1914-04-24,1060.0
1914-04-25,1040.0
1914-04-26,1250.0
1914-04-27,1100.0
1914-04-28,1280.0
1914-04-29,1200.0
1914-04-30,1320.0
1914-05-01,1360.0
1914-05-02,1450.0
1914-05-03,1620.0
1914-05-04,1540.0
1914-05-05,1580.0
1914-05-06,1580.0
1914-05-07,1620.0
1914-05-08,1620.0
1914-05-09,1730.0
1914-05-10,1770.0
1914-05-11,1840.0
1914-05-12,1890.0
1914-05-13,1960.0
1914-05-14,1960.0
1914-05-15,2080.0
1914-05-16,2120.0
1914-05-17,2260.0
1914-05-18,2260.0
1914-05-19,2380.0
1914-05-20,2470.0
1914-05-21,2630.0
1914-05-22,2750.0
1914-05-23,2920.0
1914-05-24,2970.0
1914-05-25,3050.0
1914-05-26,2920.0
1914-05-27,2900.0
1914-05-28,2860.0
1914-05-29,2840.0
1914-05-30,2960.0
1914-05-31,2960.0
1914-06-01,2950.0
1914-06-02,3140.0
1914-06-03,3070.0
1914-06-04,2910.0
1914-06-05,2780.0
1914-06-06,2660.0
1914-06-07,2520.0
1914-06-08,2420.0
1914-06-09,2280.0
1914-06-10,2230.0
1914-06-11,2170.0
1914-06-12,2100.0
1914-06-13,2130.0
1914-06-14,2100.0
1914-06-15,2160.0
1914-06-16,2300.0
1914-06-17,2500.0
1914-06-18,2310.0
1914-06-19,2020.0
1914-06-20,1960.0
1914-06-21,1860.0
1914-06-22,1710.0
1914-06-23,1690.0
1914-06-24,1590.0
1914-06-25,1530.0
1914-06-26,1490.0
1914-06-27,1360.0
1914-06-28,1300.0
1914-06-29,1230.0
1914-06-30,1190.0
1914-07-01,1230.0
1914-07-02,1300.0
1914-07-03,1450.0
1914-07-04,1410.0
1914-07-05,1390.0
1914-07-06,1390.0
1914-07-07,1380.0
1914-07-08,1330.0
1914-07-09,1300.0
1914-07-10,1220.0
1914-07-11,1220.0
1914-07-12,1260.0
1914-07-13,1340.0
1914-07-14,1540.0
1914-07-15,1690.0
1914-07-16,1760.0
1914-07-17,1760.0
1914-07-18,1990.0
1914-07-19,2120.0
1914-07-20,2240.0
1914-07-21,2120.0
1914-07-22,2280.0
1914-07-23,2440.0
1914-07-24,2540.0
1914-07-25,2400.0
1914-07-26,2300.0
1914-07-27,2290.0
1914-07-28,2480.0
1914-07-29,2640.0
1914-07-30,2780.0
1914-07-31,2900.0
1914-08-01,2910.0
1914-08-02,2960.0
1914-08-03,3000.0
1914-08-04,2920.0
1914-08-05,2760.0
1914-08-06,2610.0
1914-08-07,2470.0
1914-08-08,2300.0
1914-08-09,2240.0
1914-08-10,2110.0
1914-08-11,1950.0
1914-08-12,1850.0
1914-08-13,1650.0
1914-08-14,1570.0
1914-08-15,1500.0
1914-08-16,1360.0
1914-08-17,1300.0
1914-08-18,1210.0
1914-08-19,1110.0
1914-08-20,1110.0
1914-08-21,1110.0
1914-08-22,1110.0
1914-08-23,1110.0
1914-08-24,1080.0
1914-08-25,998.0
1914-08-26,1040.0
1914-08-27,1170.0
1914-08-28,1040.0
1914-08-29,998.0
1914-08-30,977.0
1914-08-31,977.0
1914-09-01,912.0
1914-09-02,848.0
1914-09-03,826.0
1914-09-04,784.0
1914-09-05,762.0
1914-09-06,740.0
1914-09-07,740.0
1914-09-08,698.0
1914-09-09,676.0
1914-09-10,654.0
1914-09-11,633.0
1914-09-12,612.0
1914-09-13,612.0
1914-09-14,676.0
1914-09-15,676.0
1914-09-16,676.0
1914-09-17,654.0
1914-09-18,654.0
1914-09-19,633.0
1914-09-20,590.0
1914-09-21,547.0
1914-09-22,547.0
1914-09-23,526.0
1914-09-24,526.0
1914-09-25,547.0
1914-09-26,526.0
1914-09-27,505.0
1914-09-28,484.0
1914-09-29,484.0
1914-09-30,505.0
1914-10-01,505.0
1914-10-02,526.0
1914-10-03,526.0
1914-10-04,526.0
1914-10-05,505.0
1914-10-06,484.0
1914-10-07,484.0
1914-10-08,484.0
1914-10-09,526.0
1914-10-10,526.0
1914-10-11,505.0
1914-10-12,505.0
1914-10-13,612.0
1914-10-14,568.0
1914-10-15,547.0
1914-10-16,590.0
1914-10-17,568.0
1914-10-18,526.0
1914-10-19,463.0
1914-10-20,400.0
1914-10-21,400.0
1914-10-22,484.0
1914-10-23,568.0
1914-10-24,547.0
1914-10-25,526.0
1914-10-26,526.0
1914-10-27,505.0
1914-10-28,505.0
1914-10-29,505.0
1914-10-30,526.0
1914-10-31,463.0
1914-11-01,463.0
1914-11-02,568.0
1914-11-03,977.0
1914-11-04,442.0
1914-11-05,360.0
1914-11-06,360.0
1914-11-07,360.0
1914-11-08,339.0
1914-11-09,339.0
1914-11-10,319.0
1914-11-11,339.0
1914-11-12,319.0
1914-11-13,360.0
1914-11-14,380.0
1914-11-15,319.0
1914-11-16,339.0
1914-11-17,319.0
1914-11-18,140.0
1914-11-19,152.0
1914-11-20,280.0
1914-11-21,190.0
1914-11-22,190.0
1914-11-23,177.0
1914-11-24,177.0
1914-11-25,177.0
1914-11-26,190.0
1914-11-27,190.0
1914-11-28,190.0
1914-11-29,190.0
1914-11-30,190.0
1914-12-01,170.0
1914-12-02,170.0
1914-12-03,170.0
1914-12-04,170.0
1914-12-05,170.0
1914-12-06,170.0
1914-12-07,170.0
1914-12-08,170.0
1914-12-09,170.0
1914-12-10,170.0
1914-12-11,170.0
1914-12-12,170.0
1914-12-13,170.0
1914-12-14,170.0
1914-12-15,170.0
1914-12-16,170.0
1914-12-17,170.0
1914-12-18,170.0
1914-12-19,170.0
1914-12-20,170.0
1914-12-21,170.0
1914-12-22,170.0
1914-12-23,170.0
1914-12-24,170.0
1914-12-25,170.0
1914-12-26,170.0
1914-12-27,170.0
1914-12-28,170.0
1914-12-29,170.0
1914-12-30,170.0
1914-12-31,170.0
1915-01-01,173.0
1915-01-02,173.0
1915-01-03,173.0
1915-01-04,173.0
1915-01-05,173.0
1915-01-06,173.0
1915-01-07,173.0
1915-01-08,173.0
1915-01-09,173.0
1915-01-10,173.0
1915-01-11,173.0
1915-01-12,173.0
1915-01-13,173.0
1915-01-14,173.0
1915-01-15,173.0
1915-01-16,173.0
1915-01-17,173.0
1915-01-18,173.0
1915-01-19,173.0
1915-01-20,173.0
1915-01-21,173.0
1915-01-22,173.0
1915-01-23,173.0
1915-01-24,173.0
1915-01-25,173.0
1915-01-26,173.0
1915-01-27,173.0
1915-01-28,173.0
1915-01-29,173.0
1915-01-30,173.0
1915-01-31,173.0
1915-02-01,128.0
1915-02-02,128.0
1915-02-03,128.0
1915-02-04,128.0
1915-02-05,128.0
1915-02-06,128.0
1915-02-07,128.0
1915-02-08,128.0
1915-02-09,128.0
1915-02-10,128.0
1915-02-11,128.0
1915-02-12,128.0
1915-02-13,128.0
1915-02-14,128.0
1915-02-15,128.0
1915-02-16,128.0
1915-02-17,128.0
1915-02-18,128.0
1915-02-19,128.0
1915-02-20,128.0
1915-02-21,128.0
1915-02-22,128.0
1915-02-23,128.0
1915-02-24,128.0
1915-02-25,128.0
1915-02-26,128.0
1915-02-27,128.0
1915-02-28,128.0
1915-03-01,119.0
1915-03-02,119.0
1915-03-03,119.0
1915-03-04,118.0
1915-03-05,118.0
1915-03-06,118.0
1915-03-07,118.0
1915-03-08,118.0
1915-03-09,118.0
1915-03-10,118.0
1915-03-11,118.0
1915-03-12,118.0
1915-03-13,118.0
1915-03-14,118.0
1915-03-15,77.0
1915-03-16,64.0
1915-03-17,72.0
1915-03-18,83.0
1915-03-19,118.0
1915-03-20,118.0
1915-03-21,118.0
1915-03-22,118.0
1915-03-23,83.0
1915-03-24,146.0
1915-03-25,104.0
1915-03-26,64.0
1915-03-27,118.0
1915-03-28,128.0
1915-03-29,139.0
1915-03-30,128.0
1915-03-31,139.0
1915-04-01,139.0
1915-04-02,150.0
1915-04-03,162.0
1915-04-04,150.0
1915-04-05,162.0
1915-04-06,150.0
1915-04-07,174.0
1915-04-08,203.0
1915-04-09,391.0
1915-04-10,412.0
1915-04-11,432.0
1915-04-12,412.0
1915-04-13,473.0
1915-04-14,557.0
1915-04-15,642.0
1915-04-16,642.0
1915-04-17,642.0
1915-04-18,664.0
1915-04-19,706.0
1915-04-20,685.0
1915-04-21,728.0
1915-04-22,706.0
1915-04-23,794.0
1915-04-24,728.0
1915-04-25,816.0
1915-04-26,860.0
1915-04-27,860.0
1915-04-28,838.0
1915-04-29,882.0
1915-04-30,1040.0
1915-05-01,972.0
1915-05-02,860.0
1915-05-03,838.0
1915-05-04,794.0
1915-05-05,816.0
1915-05-06,794.0
1915-05-07,794.0
1915-05-08,838.0
1915-05-09,928.0
1915-05-10,928.0
1915-05-11,950.0
1915-05-12,995.0
1915-05-13,1040.0
1915-05-14,1130.0
1915-05-15,1130.0
1915-05-16,1130.0
1915-05-17,1110.0
1915-05-18,1130.0
1915-05-19,995.0
1915-05-20,995.0
1915-05-21,972.0
1915-05-22,1020.0
1915-05-23,950.0
1915-05-24,928.0
1915-05-25,972.0
1915-05-26,1020.0
1915-05-27,1020.0
1915-05-28,950.0
1915-05-29,972.0
1915-05-30,972.0
1915-05-31,995.0
1915-06-01,1040.0
1915-06-02,1090.0
1915-06-03,1200.0
1915-06-04,1340.0
1915-06-05,1450.0
1915-06-06,1340.0
1915-06-07,1250.0
1915-06-08,1320.0
1915-06-09,1270.0
1915-06-10,1290.0
1915-06-11,1290.0
1915-06-12,1320.0
1915-06-13,1180.0
1915-06-14,1160.0
1915-06-15,1180.0
1915-06-16,1160.0
1915-06-17,1160.0
1915-06-18,1130.0
1915-06-19,1130.0
1915-06-20,1200.0
1915-06-21,1110.0
1915-06-22,1130.0
1915-06-23,1160.0
1915-06-24,1130.0
1915-06-25,1180.0
1915-06-26,1110.0
1915-06-27,1090.0
1915-06-28,1020.0
1915-06-29,1020.0
1915-06-30,995.0
1915-07-01,950.0
1915-07-02,860.0
1915-07-03,882.0
1915-07-04,1040.0
1915-07-05,816.0
1915-07-06,706.0
1915-07-07,664.0
1915-07-08,642.0
1915-07-09,685.0
1915-07-10,620.0
1915-07-11,642.0
1915-07-12,578.0
1915-07-13,557.0
1915-07-14,473.0
1915-07-15,452.0
1915-07-16,452.0
1915-07-17,452.0
1915-07-18,391.0
1915-07-19,685.0
1915-07-20,664.0
1915-07-21,750.0
1915-07-22,794.0
1915-07-23,816.0
1915-07-24,664.0
1915-07-25,728.0
1915-07-26,728.0
1915-07-27,882.0
1915-07-28,882.0
1915-07-29,860.0
1915-07-30,816.0
1915-07-31,794.0
1915-08-01,706.0
1915-08-02,642.0
1915-08-03,557.0
1915-08-04,536.0
1915-08-05,432.0
1915-08-06,432.0
1915-08-07,452.0
1915-08-08,685.0
1915-08-09,642.0
1915-08-10,578.0
1915-08-11,557.0
1915-08-12,620.0
1915-08-13,620.0
1915-08-14,642.0
1915-08-15,642.0
1915-08-16,578.0
1915-08-17,330.0
1915-08-18,310.0
1915-08-19,270.0
1915-08-20,290.0
1915-08-21,270.0
1915-08-22,270.0
1915-08-23,290.0
1915-08-24,350.0
1915-08-25,350.0
1915-08-26,330.0
1915-08-27,310.0
1915-08-28,391.0
1915-08-29,370.0
1915-08-30,391.0
1915-08-31,350.0
1915-09-01,370.0
1915-09-02,330.0
1915-09-03,391.0
1915-09-04,664.0
1915-09-05,706.0
1915-09-06,642.0
1915-09-07,642.0
1915-09-08,599.0
1915-09-09,599.0
1915-09-10,578.0
1915-09-11,578.0
1915-09-12,536.0
1915-09-13,950.0
1915-09-14,950.0
1915-09-15,370.0
1915-09-16,270.0
1915-09-17,252.0
1915-09-18,235.0
1915-09-19,252.0
1915-09-20,219.0
1915-09-21,203.0
1915-09-22,188.0
1915-09-23,235.0
1915-09-24,252.0
1915-09-25,290.0
1915-09-26,412.0
1915-09-27,252.0
1915-09-28,203.0
1915-09-29,252.0
1915-09-30,350.0
1915-10-01,432.0
1915-10-02,515.0
1915-10-03,452.0
1915-10-04,432.0
1915-10-05,432.0
1915-10-06,452.0
1915-10-07,310.0
1915-10-08,235.0
1915-10-09,310.0
1915-10-10,432.0
1915-10-11,452.0
1915-10-12,452.0
1915-10-13,452.0
1915-10-14,473.0
1915-10-15,515.0
1915-10-16,515.0
1915-10-17,494.0
1915-10-18,473.0
1915-10-19,473.0
1915-10-20,412.0
1915-10-21,370.0
1915-10-22,412.0
1915-10-23,412.0
1915-10-24,310.0
1915-10-25,270.0
1915-10-26,290.0
1915-10-27,310.0
1915-10-28,310.0
1915-10-29,290.0
1915-10-30,290.0
1915-10-31,270.0
1915-11-01,252.0
1915-11-02,252.0
1915-11-03,235.0
1915-11-04,235.0
1915-11-05,235.0
1915-11-06,252.0
1915-11-07,270.0
1915-11-08,270.0
1915-11-09,290.0
1915-11-10,270.0
1915-11-11,252.0
1915-11-12,162.0
1915-11-13,118.0
1915-11-14,96.0
1915-11-15,365.0
1915-11-16,212.0
1915-11-17,217.0
1915-11-18,161.0
1915-11-19,185.0
1915-11-20,203.0
1915-11-21,188.0
1915-11-22,188.0
1915-11-23,174.0
1915-11-24,174.0
1915-11-25,162.0
1915-11-26,150.0
1915-11-27,188.0
1915-11-28,118.0
1915-11-29,162.0
1915-11-30,162.0
1915-12-01,174.0
1915-12-02,150.0
1915-12-03,139.0
1915-12-04,162.0
1915-12-05,174.0
1915-12-06,150.0
1915-12-07,150.0
1915-12-08,139.0
1915-12-09,150.0
1915-12-10,150.0
1915-12-11,150.0
1915-12-12,128.0
1915-12-13,128.0
1915-12-14,150.0
1915-12-15,150.0
1915-12-16,128.0
1915-12-17,145.0
1915-12-18,162.0
1915-12-19,139.0
1915-12-20,139.0
1915-12-21,188.0
1915-12-22,188.0
1915-12-23,162.0
1915-12-24,174.0
1915-12-25,139.0
1915-12-26,174.0
1915-12-27,150.0
1915-12-28,150.0
1915-12-29,174.0
1915-12-30,203.0
1915-12-31,174.0
1916-01-01,118.0
1916-01-02,118.0
1916-01-03,118.0
1916-01-04,118.0
1916-01-05,118.0
1916-01-06,118.0
1916-01-07,118.0
1916-01-08,118.0
1916-01-09,118.0
1916-01-10,118.0
1916-01-11,118.0
1916-01-12,118.0
1916-01-13,118.0
1916-01-14,118.0
1916-01-15,118.0
1916-01-16,118.0
1916-01-17,118.0
1916-01-18,118.0
1916-01-19,118.0
1916-01-20,118.0
1916-01-21,118.0
1916-01-22,118.0
1916-01-23,118.0
1916-01-24,118.0
1916-01-25,118.0
1916-01-26,118.0
1916-01-27,118.0
1916-01-28,118.0
1916-01-29,118.0
1916-01-30,118.0
1916-01-31,118.0
1916-02-01,124.0
1916-02-02,124.0
1916-02-03,124.0
1916-02-04,124.0
1916-02-05,124.0
1916-02-06,124.0
1916-02-07,124.0
1916-02-08,124.0
1916-02-09,124.0
1916-02-10,124.0
1916-02-11,124.0
1916-02-12,124.0
1916-02-13,124.0
1916-02-14,124.0
1916-02-15,124.0
1916-02-16,124.0
1916-02-17,124.0
1916-02-18,124.0
1916-02-19,124.0
1916-02-20,124.0
1916-02-21,124.0
1916-02-22,124.0
1916-02-23,124.0
1916-02-24,124.0
1916-02-25,124.0
1916-02-26,124.0
1916-02-27,124.0
1916-02-28,124.0
1916-02-29,124.0
1916-03-01,74.0
1916-03-02,32.0
1916-03-03,53.0
1916-03-04,80.0
1916-03-05,108.0
1916-03-06,108.0
1916-03-07,38.0
1916-03-08,55.0
1916-03-09,55.0
1916-03-10,76.0
1916-03-11,76.0
1916-03-12,69.0
1916-03-13,76.0
1916-03-14,76.0
1916-03-15,62.0
1916-03-16,69.0
1916-03-17,69.0
1916-03-18,76.0
1916-03-19,62.0
1916-03-20,304.0
1916-03-21,360.0
1916-03-22,375.0
1916-03-23,332.0
1916-03-24,291.0
1916-03-25,252.0
1916-03-26,240.0
1916-03-27,228.0
1916-03-28,228.0
1916-03-29,216.0
1916-03-30,216.0
1916-03-31,204.0
1916-04-01,182.0
1916-04-02,182.0
1916-04-03,182.0
1916-04-04,171.0
1916-04-05,182.0
1916-04-06,193.0
1916-04-07,193.0
1916-04-08,182.0
1916-04-09,216.0
1916-04-10,216.0
1916-04-11,216.0
1916-04-12,228.0
1916-04-13,240.0
1916-04-14,252.0
1916-04-15,240.0
1916-04-16,228.0
1916-04-17,216.0
1916-04-18,228.0
1916-04-19,228.0
1916-04-20,216.0
1916-04-21,216.0
1916-04-22,216.0
1916-04-23,216.0
1916-04-24,216.0
1916-04-25,228.0
1916-04-26,240.0
1916-04-27,252.0
1916-04-28,278.0
1916-04-29,278.0
1916-04-30,278.0
1916-05-01,252.0
1916-05-02,278.0
1916-05-03,265.0
1916-05-04,332.0
1916-05-05,525.0
1916-05-06,620.0
1916-05-07,581.0
1916-05-08,562.0
1916-05-09,562.0
1916-05-10,581.0
1916-05-11,562.0
1916-05-12,544.0
1916-05-13,525.0
1916-05-14,507.0
1916-05-15,472.0
1916-05-16,454.0
1916-05-17,472.0
1916-05-18,438.0
1916-05-19,421.0
1916-05-20,472.0
1916-05-21,562.0
1916-05-22,640.0
1916-05-23,740.0
1916-05-24,700.0
1916-05-25,640.0
1916-05-26,600.0
1916-05-27,544.0
1916-05-28,489.0
1916-05-29,454.0
1916-05-30,438.0
1916-05-31,438.0
1916-06-01,438.0
1916-06-02,530.0
1916-06-03,645.0
1916-06-04,834.0
1916-06-05,906.0
1916-06-06,882.0
1916-06-07,786.0
1916-06-08,810.0
1916-06-09,882.0
1916-06-10,1000.0
1916-06-11,956.0
1916-06-12,931.0
1916-06-13,1000.0
1916-06-14,1030.0
1916-06-15,1080.0
1916-06-16,1080.0
1916-06-17,980.0
1916-06-18,906.0
1916-06-19,714.0
1916-06-20,691.0
1916-06-21,668.0
1916-06-22,600.0
1916-06-23,556.0
1916-06-24,534.0
1916-06-25,513.0
1916-06-26,471.0
1916-06-27,408.0
1916-06-28,388.0
1916-06-29,408.0
1916-06-30,408.0
1916-07-01,408.0
1916-07-02,471.0
1916-07-03,714.0
1916-07-04,691.0
1916-07-05,622.0
1916-07-06,668.0
1916-07-07,714.0
1916-07-08,738.0
1916-07-09,762.0
1916-07-10,762.0
1916-07-11,810.0
1916-07-12,786.0
1916-07-13,645.0
1916-07-14,762.0
1916-07-15,762.0
1916-07-16,622.0
1916-07-17,600.0
1916-07-18,556.0
1916-07-19,578.0
1916-07-20,556.0
1916-07-21,492.0
1916-07-22,460.0
1916-07-23,429.0
1916-07-24,408.0
1916-07-25,408.0
1916-07-26,556.0
1916-07-27,534.0
1916-07-28,534.0
1916-07-29,612.0
1916-07-30,691.0
1916-07-31,834.0
1916-08-01,980.0
1916-08-02,1000.0
1916-08-03,1080.0
1916-08-04,1030.0
1916-08-05,956.0
1916-08-06,810.0
1916-08-07,762.0
1916-08-08,738.0
1916-08-09,691.0
1916-08-10,691.0
1916-08-11,668.0
1916-08-12,645.0
1916-08-13,645.0
1916-08-14,600.0
1916-08-15,556.0
1916-08-16,622.0
1916-08-17,668.0
1916-08-18,668.0
1916-08-19,691.0
1916-08-20,645.0
1916-08-21,645.0
1916-08-22,600.0
1916-08-23,578.0
1916-08-24,534.0
1916-08-25,556.0
1916-08-26,534.0
1916-08-27,513.0
1916-08-28,429.0
1916-08-29,388.0
1916-08-30,408.0
1916-08-31,368.0
1916-09-01,347.0
1916-09-02,347.0
1916-09-03,327.0
1916-09-04,288.0
1916-09-05,252.0
1916-09-06,252.0
1916-09-07,234.0
1916-09-08,218.0
1916-09-09,218.0
1916-09-10,218.0
1916-09-11,269.0
1916-09-12,269.0
1916-09-13,269.0
1916-09-14,327.0
1916-09-15,347.0
1916-09-16,327.0
1916-09-17,269.0
1916-09-18,252.0
1916-09-19,234.0
1916-09-20,218.0
1916-09-21,234.0
1916-09-22,202.0
1916-09-23,202.0
1916-09-24,160.0
1916-09-25,110.0
1916-09-26,110.0
1916-09-27,98.0
1916-09-28,98.0
1916-09-29,110.0
1916-09-30,134.0
1916-10-01,121.0
1916-10-02,110.0
1916-10-03,110.0
1916-10-04,110.0
1916-10-05,98.0
1916-10-06,492.0
1916-10-07,738.0
1916-10-08,146.0
1916-10-09,121.0
1916-10-10,134.0
1916-10-11,121.0
1916-10-12,110.0
1916-10-13,121.0
1916-10-14,121.0
1916-10-15,173.0
1916-10-16,121.0
1916-10-17,146.0
1916-10-18,160.0
1916-10-19,146.0
1916-10-20,134.0
1916-10-21,134.0
1916-10-22,146.0
1916-10-23,134.0
1916-10-24,121.0
1916-10-25,60.0
1916-10-26,110.0
1916-10-27,110.0
1916-10-28,110.0
1916-10-29,103.0
1916-10-30,88.0
1916-10-31,74.0
1916-11-01,132.0
1916-11-02,132.0
1916-11-03,132.0
1916-11-04,132.0
1916-11-05,132.0
1916-11-06,132.0
1916-11-07,132.0
1916-11-08,132.0
1916-11-09,132.0
1916-11-10,132.0
1916-11-11,132.0
1916-11-12,132.0
1916-11-13,132.0
1916-11-14,132.0
1916-11-15,132.0
1916-11-16,132.0
1916-11-17,132.0
1916-11-18,132.0
1916-11-19,132.0
1916-11-20,132.0
1916-11-21,132.0
1916-11-22,132.0
1916-11-23,132.0
1916-11-24,132.0
1916-11-25,132.0
1916-11-26,132.0
1916-11-27,132.0
1916-11-28,132.0
1916-11-29,132.0
1916-11-30,132.0
1916-12-01,138.0
1916-12-02,138.0
1916-12-03,138.0
1916-12-04,138.0
1916-12-05,138.0
1916-12-06,138.0
1916-12-07,138.0
1916-12-08,138.0
1916-12-09,138.0
1916-12-10,138.0
1916-12-11,138.0
1916-12-12,138.0
1916-12-13,138.0
1916-12-14,138.0
1916-12-15,138.0
1916-12-16,138.0
1916-12-17,138.0
1916-12-18,138.0
1916-12-19,138.0
1916-12-20,138.0
1916-12-21,138.0
1916-12-22,138.0
1916-12-23,138.0
1916-12-24,138.0
1916-12-25,138.0
1916-12-26,138.0
1916-12-27,138.0
1916-12-28,138.0
1916-12-29,138.0
1916-12-30,138.0
1916-12-31,138.0
1917-01-01,144.0
1917-01-02,144.0
1917-01-03,144.0
1917-01-04,144.0
1917-01-05,144.0
1917-01-06,144.0
1917-01-07,144.0
1917-01-08,144.0
1917-01-09,144.0
1917-01-10,144.0
1917-01-11,144.0
1917-01-12,144.0
1917-01-13,144.0
1917-01-14,144.0
1917-01-15,144.0
1917-01-16,144.0
1917-01-17,144.0
1917-01-18,144.0
1917-01-19,144.0
1917-01-20,144.0
1917-01-21,144.0
1917-01-22,144.0
1917-01-23,144.0
1917-01-24,144.0
1917-01-25,144.0
1917-01-26,144.0
1917-01-27,144.0
1917-01-28,144.0
1917-01-29,144.0
1917-01-30,144.0
1917-01-31,144.0
1917-02-01,114.0
1917-02-02,114.0
1917-02-03,114.0
1917-02-04,114.0
1917-02-05,114.0
1917-02-06,114.0
1917-02-07,114.0
1917-02-08,114.0
1917-02-09,114.0
1917-02-10,114.0
1917-02-11,114.0
1917-02-12,114.0
1917-02-13,114.0
1917-02-14,114.0
1917-02-15,114.0
1917-02-16,114.0
1917-02-17,114.0
1917-02-18,114.0
1917-02-19,114.0
1917-02-20,114.0
1917-02-21,114.0
1917-02-22,114.0
1917-02-23,114.0
1917-02-24,114.0
1917-02-25,114.0
1917-02-26,114.0
1917-02-27,114.0
1917-02-28,114.0
1917-03-01,101.0
1917-03-02,101.0
1917-03-03,101.0
1917-03-04,101.0
1917-03-05,101.0
1917-03-06,101.0
1917-03-07,101.0
1917-03-08,101.0
1917-03-09,101.0
1917-03-10,101.0
1917-03-11,101.0
1917-03-12,101.0
1917-03-13,101.0
1917-03-14,101.0
1917-03-15,101.0
1917-03-16,101.0
1917-03-17,101.0
1917-03-18,101.0
1917-03-19,101.0
1917-03-20,101.0
1917-03-21,101.0
1917-03-22,101.0
1917-03-23,101.0
1917-03-24,101.0
1917-03-25,101.0
1917-03-26,101.0
1917-03-27,101.0
1917-03-28,101.0
1917-03-29,101.0
1917-03-30,101.0
1917-03-31,101.0
1917-04-01,200.0
1917-04-02,150.0
1917-04-03,169.0
1917-04-04,121.0
1917-04-05,142.0
1917-04-06,142.0
1917-04-07,151.0
1917-04-08,108.0
1917-04-09,185.0
1917-04-10,204.0
1917-04-11,166.0
1917-04-12,175.0
1917-04-13,175.0
1917-04-14,180.0
1917-04-15,180.0
1917-04-16,180.0
1917-04-17,190.0
1917-04-18,210.0
1917-04-19,165.0
1917-04-20,147.0
1917-04-21,177.0
1917-04-22,204.0
1917-04-23,240.0
1917-04-24,258.0
1917-04-25,258.0
1917-04-26,289.0
1917-04-27,268.0
1917-04-28,240.0
1917-04-29,210.0
1917-04-30,196.0
1917-05-01,210.0
1917-05-02,210.0
1917-05-03,225.0
1917-05-04,225.0
1917-05-05,258.0
1917-05-06,225.0
1917-05-07,240.0
1917-05-08,258.0
1917-05-09,225.0
1917-05-10,240.0
1917-05-11,258.0
1917-05-12,292.0
1917-05-13,328.0
1917-05-14,385.0
1917-05-15,700.0
1917-05-16,825.0
1917-05-17,875.0
1917-05-18,955.0
1917-05-19,955.0
1917-05-20,1040.0
1917-05-21,1120.0
1917-05-22,1290.0
1917-05-23,1240.0
1917-05-24,1210.0
1917-05-25,1240.0
1917-05-26,1190.0
1917-05-27,1120.0
1917-05-28,1100.0
1917-05-29,1090.0
1917-05-30,1040.0
1917-05-31,1010.0
1917-06-01,1060.0
1917-06-02,1090.0
1917-06-03,1180.0
1917-06-04,1240.0
1917-06-05,1210.0
1917-06-06,1090.0
1917-06-07,1040.0
1917-06-08,1060.0
1917-06-09,1120.0
1917-06-10,1330.0
1917-06-11,1390.0
1917-06-12,1360.0
1917-06-13,1480.0
1917-06-14,1510.0
1917-06-15,1630.0
1917-06-16,1660.0
1917-06-17,1790.0
1917-06-18,1860.0
1917-06-19,1860.0
1917-06-20,1920.0
1917-06-21,1790.0
1917-06-22,1790.0
1917-06-23,1790.0
1917-06-24,1660.0
1917-06-25,1660.0
1917-06-26,1540.0
1917-06-27,1480.0
1917-06-28,1360.0
1917-06-29,1300.0
1917-06-30,1240.0
1917-07-01,1150.0
1917-07-02,1090.0
1917-07-03,1010.0
1917-07-04,982.0
1917-07-05,928.0
1917-07-06,900.0
1917-07-07,850.0
1917-07-08,875.0
1917-07-09,982.0
1917-07-10,1300.0
1917-07-11,1600.0
1917-07-12,1420.0
1917-07-13,1210.0
1917-07-14,1040.0
1917-07-15,850.0
1917-07-16,800.0
1917-07-17,750.0
1917-07-18,775.0
1917-07-19,760.0
1917-07-20,760.0
1917-07-21,1140.0
1917-07-22,1080.0
1917-07-23,1060.0
1917-07-24,900.0
1917-07-25,1010.0
1917-07-26,1300.0
1917-07-27,1480.0
1917-07-28,1540.0
1917-07-29,1330.0
1917-07-30,1180.0
1917-07-31,1060.0
1917-08-01,875.0
1917-08-02,775.0
1917-08-03,650.0
1917-08-04,600.0
1917-08-05,650.0
1917-08-06,600.0
1917-08-07,750.0
1917-08-08,750.0
1917-08-09,675.0
1917-08-10,750.0
1917-08-11,850.0
1917-08-12,850.0
1917-08-13,850.0
1917-08-14,850.0
1917-08-15,875.0
1917-08-16,875.0
1917-08-17,928.0
1917-08-18,955.0
1917-08-19,928.0
1917-08-20,775.0
1917-08-21,700.0
1917-08-22,600.0
1917-08-23,650.0
1917-08-24,650.0
1917-08-25,650.0
1917-08-26,625.0
1917-08-27,600.0
1917-08-28,650.0
1917-08-29,650.0
1917-08-30,675.0
1917-08-31,650.0
1917-09-01,600.0
1917-09-02,568.0
1917-09-03,546.0
1917-09-04,474.0
1917-09-05,377.0
1917-09-06,437.0
1917-09-07,449.0
1917-09-08,465.0
1917-09-09,470.0
1917-09-10,457.0
1917-09-11,457.0
1917-09-12,425.0
1917-09-13,417.0
1917-09-14,425.0
1917-09-15,377.0
1917-09-16,338.0
1917-09-17,268.0
1917-09-18,244.0
1917-09-19,190.0
1917-09-20,177.0
1917-09-21,204.0
1917-09-22,234.0
1917-09-23,234.0
1917-09-24,190.0
1917-09-25,190.0
1917-09-26,185.0
1917-09-27,180.0
1917-09-28,185.0
1917-09-29,190.0
1917-09-30,195.0
1917-10-01,180.0
1917-10-02,164.0
1917-10-03,151.0
1917-10-04,151.0
1917-10-05,151.0
1917-10-06,117.0
1917-10-07,106.0
1917-10-08,102.0
1917-10-09,114.0
1917-10-10,134.0
1917-10-11,335.0
1917-10-12,983.0
1917-10-13,357.0
1917-10-14,117.0
1917-10-15,96.0
1917-10-16,92.0
1917-10-17,87.0
1917-10-18,87.0
1917-10-19,87.0
1917-10-20,92.0
1917-10-21,87.0
1917-10-22,87.0
1917-10-23,79.0
1917-10-24,79.0
1917-10-25,84.0
1917-10-26,87.0
1917-10-27,84.0
1917-10-28,87.0
1917-10-29,71.0
1917-10-30,71.0
1917-10-31,64.0
1917-11-01,66.0
1917-11-02,68.0
1917-11-03,66.0
1917-11-04,56.0
1917-11-05,60.0
1917-11-06,66.0
1917-11-07,90.0
1917-11-08,74.0
1917-11-09,74.0
1917-11-10,77.0
1917-11-11,87.0
1917-11-12,90.0
1917-11-13,90.0
1917-11-14,84.0
1917-11-15,90.0
1917-11-16,82.0
1917-11-17,82.0
1917-11-18,64.0
1917-11-19,55.0
1917-11-20,132.0
1917-11-21,132.0
1917-11-22,108.0
1917-11-23,106.0
1917-11-24,106.0
1917-11-25,96.0
1917-11-26,85.0
1917-11-27,114.0
1917-11-28,90.0
1917-11-29,110.0
1917-11-30,128.0
1917-12-01,118.0
1917-12-02,118.0
1917-12-03,118.0
1917-12-04,118.0
1917-12-05,118.0
1917-12-06,118.0
1917-12-07,118.0
1917-12-08,118.0
1917-12-09,118.0
1917-12-10,118.0
1917-12-11,118.0
1917-12-12,118.0
1917-12-13,118.0
1917-12-14,118.0
1917-12-15,118.0
1917-12-16,118.0
1917-12-17,118.0
1917-12-18,118.0
1917-12-19,118.0
1917-12-20,118.0
1917-12-21,118.0
1917-12-22,118.0
1917-12-23,118.0
1917-12-24,118.0
1917-12-25,118.0
1917-12-26,118.0
1917-12-27,118.0
1917-12-28,118.0
1917-12-29,118.0
1917-12-30,118.0
1917-12-31,118.0
1918-01-01,116.0
1918-01-02,116.0
1918-01-03,116.0
1918-01-04,116.0
1918-01-05,116.0
1918-01-06,116.0
1918-01-07,116.0
1918-01-08,116.0
1918-01-09,116.0
1918-01-10,116.0
1918-01-11,116.0
1918-01-12,116.0
1918-01-13,116.0
1918-01-14,116.0
1918-01-15,116.0
1918-01-16,116.0
1918-01-17,116.0
1918-01-18,116.0
1918-01-19,116.0
1918-01-20,116.0
1918-01-21,116.0
1918-01-22,116.0
1918-01-23,116.0
1918-01-24,116.0
1918-01-25,116.0
1918-01-26,116.0
1918-01-27,116.0
1918-01-28,116.0
1918-01-29,116.0
1918-01-30,116.0
1918-01-31,116.0
1918-02-01,123.0
1918-02-02,123.0
1918-02-03,123.0
1918-02-04,123.0
1918-02-05,123.0
1918-02-06,123.0
1918-02-07,123.0
1918-02-08,123.0
1918-02-09,123.0
1918-02-10,123.0
1918-02-11,123.0
1918-02-12,123.0
1918-02-13,123.0
1918-02-14,123.0
1918-02-15,123.0
1918-02-16,123.0
1918-02-17,123.0
1918-02-18,123.0
1918-02-19,123.0
1918-02-20,123.0
1918-02-21,123.0
1918-02-22,123.0
1918-02-23,123.0
1918-02-24,123.0
1918-02-25,123.0
1918-02-26,123.0
1918-02-27,123.0
1918-02-28,123.0
1918-03-01,75.0
1918-03-02,100.0
1918-03-03,112.0
1918-03-04,114.0
1918-03-05,132.0
1918-03-06,121.0
1918-03-07,117.0
1918-03-08,132.0
1918-03-09,121.0
1918-03-10,100.0
1918-03-11,110.0
1918-03-12,100.0
1918-03-13,94.0
1918-03-14,74.0
1918-03-15,67.0
1918-03-16,63.0
1918-03-17,67.0
1918-03-18,82.0
1918-03-19,90.0
1918-03-20,87.0
1918-03-21,88.0
1918-03-22,82.0
1918-03-23,71.0
1918-03-24,74.0
1918-03-25,82.0
1918-03-26,84.0
1918-03-27,90.0
1918-03-28,132.0
1918-03-29,121.0
1918-03-30,114.0
1918-03-31,151.0
1918-04-01,156.0
1918-04-02,177.0
1918-04-03,169.0
1918-04-04,144.0
1918-04-05,151.0
1918-04-06,132.0
1918-04-07,137.0
1918-04-08,130.0
1918-04-09,137.0
1918-04-10,169.0
1918-04-11,169.0
1918-04-12,196.0
1918-04-13,225.0
1918-04-14,258.0
1918-04-15,310.0
1918-04-16,532.0
1918-04-17,578.0
1918-04-18,532.0
1918-04-19,510.0
1918-04-20,510.0
1918-04-21,488.0
1918-04-22,555.0
1918-04-23,578.0
1918-04-24,600.0
1918-04-25,625.0
1918-04-26,675.0
1918-04-27,725.0
1918-04-28,725.0
1918-04-29,675.0
1918-04-30,675.0
1918-05-01,675.0
1918-05-02,700.0
1918-05-03,700.0
1918-05-04,750.0
1918-05-05,775.0
1918-05-06,800.0
1918-05-07,800.0
1918-05-08,800.0
1918-05-09,800.0
1918-05-10,775.0
1918-05-11,775.0
1918-05-12,750.0
1918-05-13,725.0
1918-05-14,775.0
1918-05-15,850.0
1918-05-16,875.0
1918-05-17,982.0
1918-05-18,1010.0
1918-05-19,955.0
1918-05-20,900.0
1918-05-21,850.0
1918-05-22,800.0
1918-05-23,800.0
1918-05-24,840.0
1918-05-25,812.0
1918-05-26,785.0
1918-05-27,705.0
1918-05-28,705.0
1918-05-29,680.0
1918-05-30,680.0
1918-05-31,730.0
1918-06-01,705.0
1918-06-02,705.0
1918-06-03,785.0
1918-06-04,758.0
1918-06-05,1040.0
1918-06-06,1070.0
1918-06-07,1100.0
1918-06-08,1190.0
1918-06-09,1220.0
1918-06-10,1250.0
1918-06-11,1310.0
1918-06-12,895.0
1918-06-13,1010.0
1918-06-14,1550.0
1918-06-15,1610.0
1918-06-16,1610.0
1918-06-17,1490.0
1918-06-18,1370.0
1918-06-19,1310.0
1918-06-20,1490.0
1918-06-21,1550.0
1918-06-22,1870.0
1918-06-23,2260.0
1918-06-24,2650.0
1918-06-25,2000.0
1918-06-26,1740.0
1918-06-27,1490.0
1918-06-28,1250.0
1918-06-29,1100.0
1918-06-30,950.0
1918-07-01,840.0
1918-07-02,758.0
1918-07-03,680.0
1918-07-04,655.0
1918-07-05,868.0
1918-07-06,895.0
1918-07-07,868.0
1918-07-08,868.0
1918-07-09,895.0
1918-07-10,1190.0
1918-07-11,1680.0
1918-07-12,1460.0
1918-07-13,1370.0
1918-07-14,1160.0
1918-07-15,1190.0
1918-07-16,1130.0
1918-07-17,1130.0
1918-07-18,1100.0
1918-07-19,922.0
1918-07-20,840.0
1918-07-21,812.0
1918-07-22,812.0
1918-07-23,1010.0
1918-07-24,868.0
1918-07-25,812.0
1918-07-26,705.0
1918-07-27,680.0
1918-07-28,605.0
1918-07-29,580.0
1918-07-30,556.0
1918-07-31,486.0
1918-08-01,464.0
1918-08-02,464.0
1918-08-03,486.0
1918-08-04,486.0
1918-08-05,556.0
1918-08-06,580.0
1918-08-07,705.0
1918-08-08,655.0
1918-08-09,630.0
1918-08-10,630.0
1918-08-11,605.0
1918-08-12,580.0
1918-08-13,532.0
1918-08-14,504.0
1918-08-15,468.0
1918-08-16,455.0
1918-08-17,404.0
1918-08-18,368.0
1918-08-19,328.0
1918-08-20,290.0
1918-08-21,268.0
1918-08-22,249.0
1918-08-23,258.0
1918-08-24,258.0
1918-08-25,307.0
1918-08-26,342.0
1918-08-27,346.0
1918-08-28,342.0
1918-08-29,368.0
1918-08-30,392.0
1918-08-31,380.0
1918-09-01,342.0
1918-09-02,353.0
1918-09-03,950.0
1918-09-04,922.0
1918-09-05,812.0
1918-09-06,486.0
1918-09-07,442.0
1918-09-08,380.0
1918-09-09,400.0
1918-09-10,421.0
1918-09-11,307.0
1918-09-12,290.0
1918-09-13,243.0
1918-09-14,187.0
1918-09-15,150.0
1918-09-16,237.0
1918-09-17,324.0
1918-09-18,310.0
1918-09-19,296.0
1918-09-20,282.0
1918-09-21,268.0
1918-09-22,255.0
1918-09-23,242.0
1918-09-24,228.0
1918-09-25,238.0
1918-09-26,248.0
1918-09-27,258.0
1918-09-28,268.0
1918-09-29,279.0
1918-09-30,290.0
1918-10-01,228.0
1918-10-02,228.0
1918-10-03,214.0
1918-10-04,214.0
1918-10-05,200.0
1918-10-06,174.0
1918-10-07,162.0
1918-10-08,785.0
1918-10-09,705.0
1918-10-10,187.0
1918-10-11,150.0
1918-10-12,162.0
1918-10-13,150.0
1918-10-14,128.0
1918-10-15,118.0
1918-10-16,115.0
1918-10-17,112.0
1918-10-18,108.0
1918-10-19,118.0
1918-10-20,200.0
1918-10-21,290.0
1918-10-22,258.0
1918-10-23,174.0
1918-10-24,174.0
1918-10-25,200.0
1918-10-26,228.0
1918-10-27,274.0
1918-10-28,342.0
1918-10-29,324.0
1918-10-30,200.0
1918-10-31,200.0
1918-11-01,207.0
1918-11-02,214.0
1918-11-03,221.0
1918-11-04,228.0
1918-11-05,243.0
1918-11-06,248.0
1918-11-07,253.0
1918-11-08,258.0
1918-11-09,258.0
1918-11-10,228.0
1918-11-11,200.0
1918-11-12,174.0
1918-11-13,200.0
1918-11-14,200.0
1918-11-15,258.0
1918-11-16,258.0
1918-11-17,228.0
1918-11-18,174.0
1918-11-19,128.0
1918-11-20,128.0
1918-11-21,128.0
1918-11-22,108.0
1918-11-23,131.0
1918-11-24,154.0
1918-11-25,177.0
1918-11-26,200.0
1918-11-27,174.0
1918-11-28,150.0
1918-11-29,150.0
1918-11-30,150.0
1918-12-01,140.0
1918-12-02,140.0
1918-12-03,140.0
1918-12-04,140.0
1918-12-05,140.0
1918-12-06,140.0
1918-12-07,140.0
1918-12-08,140.0
1918-12-09,140.0
1918-12-10,140.0
1918-12-11,140.0
1918-12-12,140.0
1918-12-13,140.0
1918-12-14,140.0
1918-12-15,140.0
1918-12-16,140.0
1918-12-17,140.0
1918-12-18,140.0
1918-12-19,140.0
1918-12-20,140.0
1918-12-21,140.0
1918-12-22,140.0
1918-12-23,140.0
1918-12-24,140.0
1918-12-25,140.0
1918-12-26,140.0
1918-12-27,140.0
1918-12-28,140.0
1918-12-29,140.0
1918-12-30,140.0
1918-12-31,140.0
1919-01-01,146.0
1919-01-02,146.0
1919-01-03,146.0
1919-01-04,146.0
1919-01-05,146.0
1919-01-06,146.0
1919-01-07,146.0
1919-01-08,146.0
1919-01-09,146.0
1919-01-10,146.0
1919-01-11,146.0
1919-01-12,146.0
1919-01-13,146.0
1919-01-14,146.0
1919-01-15,146.0
1919-01-16,146.0
1919-01-17,146.0
1919-01-18,146.0
1919-01-19,146.0
1919-01-20,146.0
1919-01-21,146.0
1919-01-22,146.0
1919-01-23,146.0
1919-01-24,146.0
1919-01-25,146.0
1919-01-26,146.0
1919-01-27,146.0
1919-01-28,146.0
1919-01-29,146.0
1919-01-30,146.0
1919-01-31,146.0
1919-02-01,130.0
1919-02-02,130.0
1919-02-03,130.0
1919-02-04,130.0
1919-02-05,130.0
1919-02-06,130.0
1919-02-07,130.0
1919-02-08,130.0
1919-02-09,130.0
1919-02-10,130.0
1919-02-11,130.0
1919-02-12,130.0
1919-02-13,130.0
1919-02-14,130.0
1919-02-15,130.0
1919-02-16,130.0
1919-02-17,130.0
1919-02-18,130.0
1919-02-19,130.0
1919-02-20,130.0
1919-02-21,130.0
1919-02-22,130.0
1919-02-23,130.0
1919-02-24,130.0
1919-02-25,130.0
1919-02-26,130.0
1919-02-27,130.0
1919-02-28,130.0
1919-03-01,99.0
1919-03-02,99.0
1919-03-03,99.0
1919-03-04,99.0
1919-03-05,99.0
1919-03-06,99.0
1919-03-07,99.0
1919-03-08,99.0
1919-03-09,99.0
1919-03-10,99.0
1919-03-11,99.0
1919-03-12,99.0
1919-03-13,99.0
1919-03-14,99.0
1919-03-15,99.0
1919-03-16,99.0
1919-03-17,99.0
1919-03-18,99.0
1919-03-19,99.0
1919-03-20,99.0
1919-03-21,99.0
1919-03-22,99.0
1919-03-23,99.0
1919-03-24,99.0
1919-03-25,99.0
1919-03-26,99.0
1919-03-27,99.0
1919-03-28,99.0
1919-03-29,99.0
1919-03-30,99.0
1919-03-31,99.0
1919-04-01,226.0
1919-04-02,130.0
1919-04-03,218.0
1919-04-04,184.0
1919-04-05,240.0
1919-04-06,262.0
1919-04-07,850.0
1919-04-08,675.0
1919-04-09,532.0
1919-04-10,400.0
1919-04-11,412.0
1919-04-12,456.0
1919-04-13,625.0
1919-04-14,940.0
1919-04-15,1030.0
1919-04-16,750.0
1919-04-17,578.0
1919-04-18,600.0
1919-04-19,725.0
1919-04-20,825.0
1919-04-21,800.0
1919-04-22,750.0
1919-04-23,750.0
1919-04-24,750.0
1919-04-25,825.0
1919-04-26,800.0
1919-04-27,880.0
1919-04-28,940.0
1919-04-29,880.0
1919-04-30,1060.0
1919-05-01,1210.0
1919-05-02,1360.0
1919-05-03,1300.0
1919-05-04,1240.0
1919-05-05,1180.0
1919-05-06,1180.0
1919-05-07,1150.0
1919-05-08,1090.0
1919-05-09,1030.0
1919-05-10,1000.0
1919-05-11,940.0
1919-05-12,910.0
1919-05-13,880.0
1919-05-14,880.0
1919-05-15,910.0
1919-05-16,880.0
1919-05-17,880.0
1919-05-18,880.0
1919-05-19,940.0
1919-05-20,940.0
1919-05-21,1000.0
1919-05-22,1120.0
1919-05-23,1330.0
1919-05-24,1390.0
1919-05-25,1390.0
1919-05-26,1450.0
1919-05-27,1450.0
1919-05-28,1510.0
1919-05-29,1570.0
1919-05-30,1640.0
1919-05-31,1640.0
1919-06-01,1570.0
1919-06-02,1450.0
1919-06-03,1210.0
1919-06-04,1180.0
1919-06-05,1120.0
1919-06-06,1090.0
1919-06-07,850.0
1919-06-08,800.0
1919-06-09,800.0
1919-06-10,880.0
1919-06-11,850.0
1919-06-12,825.0
1919-06-13,800.0
1919-06-14,675.0
1919-06-15,725.0
1919-06-16,940.0
1919-06-17,940.0
1919-06-18,1030.0
1919-06-19,1120.0
1919-06-20,1300.0
1919-06-21,1270.0
1919-06-22,1270.0
1919-06-23,1210.0
1919-06-24,1210.0
1919-06-25,1150.0
1919-06-26,1150.0
1919-06-27,1180.0
1919-06-28,1150.0
1919-06-29,1150.0
1919-06-30,1150.0
1919-07-01,1240.0
1919-07-02,970.0
1919-07-03,1090.0
1919-07-04,1270.0
1919-07-05,1360.0
1919-07-06,1360.0
1919-07-07,1120.0
1919-07-08,910.0
1919-07-09,892.0
1919-07-10,740.0
1919-07-11,537.0
1919-07-12,424.0
1919-07-13,447.0
1919-07-14,578.0
1919-07-15,825.0
1919-07-16,1120.0
1919-07-17,880.0
1919-07-18,800.0
1919-07-19,1000.0
1919-07-20,940.0
1919-07-21,1210.0
1919-07-22,940.0
1919-07-23,750.0
1919-07-24,750.0
1919-07-25,650.0
1919-07-26,625.0
1919-07-27,555.0
1919-07-28,650.0
1919-07-29,800.0
1919-07-30,880.0
1919-07-31,1090.0
1919-08-01,1450.0
1919-08-02,1570.0
1919-08-03,1640.0
1919-08-04,1450.0
1919-08-05,1030.0
1919-08-06,850.0
1919-08-07,700.0
1919-08-08,825.0
1919-08-09,1120.0
1919-08-10,1060.0
1919-08-11,970.0
1919-08-12,785.0
1919-08-13,600.0
1919-08-14,550.0
1919-08-15,528.0
1919-08-16,514.0
1919-08-17,501.0
1919-08-18,483.0
1919-08-19,600.0
1919-08-20,650.0
1919-08-21,650.0
1919-08-22,625.0
1919-08-23,600.0
1919-08-24,578.0
1919-08-25,700.0
1919-08-26,850.0
1919-08-27,880.0
1919-08-28,940.0
1919-08-29,650.0
1919-08-30,625.0
1919-08-31,488.0
1919-09-01,474.0
1919-09-02,452.0
1919-09-03,452.0
1919-09-04,396.0
1919-09-05,384.0
1919-09-06,346.0
1919-09-07,338.0
1919-09-08,306.0
1919-09-09,303.0
1919-09-10,320.0
1919-09-11,320.0
1919-09-12,310.0
1919-09-13,380.0
1919-09-14,542.0
1919-09-15,775.0
1919-09-16,850.0
1919-09-17,850.0
1919-09-18,825.0
1919-09-19,650.0
1919-09-20,600.0
1919-09-21,550.0
1919-09-22,519.0
1919-09-23,474.0
1919-09-24,438.0
1919-09-25,416.0
1919-09-26,408.0
1919-09-27,384.0
1919-09-28,353.0
1919-09-29,320.0
1919-09-30,317.0
1919-10-01,216.0
1919-10-02,156.0
1919-10-03,140.0
1919-10-04,134.0
1919-10-05,142.0
1919-10-06,134.0
1919-10-07,136.0
1919-10-08,456.0
1919-10-09,184.0
1919-10-10,372.0
1919-10-11,357.0
1919-10-12,126.0
1919-10-13,122.0
1919-10-14,122.0
1919-10-15,120.0
1919-10-16,126.0
1919-10-17,132.0
1919-10-18,142.0
1919-10-19,132.0
1919-10-20,128.0
1919-10-21,130.0
1919-10-22,132.0
1919-10-23,130.0
1919-10-24,130.0
1919-10-25,130.0
1919-10-26,128.0
1919-10-27,126.0
1919-10-28,124.0
1919-10-29,126.0
1919-10-30,113.0
1919-10-31,122.0
1919-11-01,120.0
1919-11-02,122.0
1919-11-03,122.0
1919-11-04,122.0
1919-11-05,124.0
1919-11-06,118.0
1919-11-07,120.0
1919-11-08,114.0
1919-11-09,118.0
1919-11-10,118.0
1919-11-11,118.0
1919-11-12,126.0
1919-11-13,128.0
1919-11-14,132.0
1919-11-15,130.0
1919-11-16,132.0
1919-11-17,130.0
1919-11-18,132.0
1919-11-19,128.0
1919-11-20,118.0
1919-11-21,118.0
1919-11-22,116.0
1919-11-23,116.0
1919-11-24,115.0
1919-11-25,115.0
1919-11-26,115.0
1919-11-27,125.0
1919-11-28,60.0
1919-11-29,75.0
1919-11-30,120.0
1919-12-01,151.0
1919-12-02,151.0
1919-12-03,151.0
1919-12-04,151.0
1919-12-05,151.0
1919-12-06,151.0
1919-12-07,151.0
1919-12-08,151.0
1919-12-09,151.0
1919-12-10,151.0
1919-12-11,151.0
1919-12-12,151.0
1919-12-13,151.0
1919-12-14,151.0
1919-12-15,151.0
1919-12-16,151.0
1919-12-17,151.0
1919-12-18,151.0
1919-12-19,151.0
1919-12-20,151.0
1919-12-21,151.0
1919-12-22,151.0
1919-12-23,151.0
1919-12-24,151.0
1919-12-25,151.0
1919-12-26,151.0
1919-12-27,151.0
1919-12-28,151.0
1919-12-29,151.0
1919-12-30,151.0
1919-12-31,151.0
1920-01-01,134.0
1920-01-02,134.0
1920-01-03,134.0
1920-01-04,134.0
1920-01-05,134.0
1920-01-06,134.0
1920-01-07,134.0
1920-01-08,134.0
1920-01-09,134.0
1920-01-10,134.0
1920-01-11,134.0
1920-01-12,134.0
1920-01-13,134.0
1920-01-14,134.0
1920-01-15,134.0
1920-01-16,134.0
1920-01-17,134.0
1920-01-18,134.0
1920-01-19,134.0
1920-01-20,134.0
1920-01-21,134.0
1920-01-22,134.0
1920-01-23,134.0
1920-01-24,134.0
1920-01-25,134.0
1920-01-26,134.0
1920-01-27,134.0
1920-01-28,134.0
1920-01-29,134.0
1920-01-30,134.0
1920-01-31,134.0
1920-02-01,108.0
1920-02-02,108.0
1920-02-03,108.0
1920-02-04,108.0
1920-02-05,108.0
1920-02-06,108.0
1920-02-07,108.0
1920-02-08,108.0
1920-02-09,108.0
1920-02-10,108.0
1920-02-11,108.0
1920-02-12,108.0
1920-02-13,108.0
1920-02-14,108.0
1920-02-15,108.0
1920-02-16,108.0
1920-02-17,108.0
1920-02-18,108.0
1920-02-19,108.0
1920-02-20,108.0
1920-02-21,108.0
1920-02-22,108.0
1920-02-23,108.0
1920-02-24,108.0
1920-02-25,108.0
1920-02-26,108.0
1920-02-27,108.0
1920-02-28,108.0
1920-02-29,108.0
1920-03-01,106.0
1920-03-02,120.0
1920-03-03,133.0
1920-03-04,84.0
1920-03-05,113.0
1920-03-06,89.0
1920-03-07,56.0
1920-03-08,88.0
1920-03-09,120.0
1920-03-10,102.0
1920-03-11,115.0
1920-03-12,90.0
1920-03-13,149.0
1920-03-14,189.0
1920-03-15,157.0
1920-03-16,72.0
1920-03-17,107.0
1920-03-18,107.0
1920-03-19,75.0
1920-03-20,93.0
1920-03-21,102.0
1920-03-22,128.0
1920-03-23,122.0
1920-03-24,100.0
1920-03-25,89.0
1920-03-26,96.0
1920-03-27,100.0
1920-03-28,77.0
1920-03-29,64.0
1920-03-30,93.0
1920-03-31,100.0
1920-04-01,109.0
1920-04-02,77.0
1920-04-03,104.0
1920-04-04,79.0
1920-04-05,86.0
1920-04-06,102.0
1920-04-07,96.0
1920-04-08,124.0
1920-04-09,120.0
1920-04-10,128.0
1920-04-11,147.0
1920-04-12,130.0
1920-04-13,160.0
1920-04-14,179.0
1920-04-15,420.0
1920-04-16,452.0
1920-04-17,488.0
1920-04-18,388.0
1920-04-19,388.0
1920-04-20,416.0
1920-04-21,324.0
1920-04-22,187.0
1920-04-23,207.0
1920-04-24,231.0
1920-04-25,210.0
1920-04-26,192.0
1920-04-27,182.0
1920-04-28,222.0
1920-04-29,296.0
1920-04-30,510.0
1920-05-01,725.0
1920-05-02,850.0
1920-05-03,880.0
1920-05-04,850.0
1920-05-05,850.0
1920-05-06,850.0
1920-05-07,850.0
1920-05-08,825.0
1920-05-09,825.0
1920-05-10,850.0
1920-05-11,775.0
1920-05-12,700.0
1920-05-13,725.0
1920-05-14,675.0
1920-05-15,625.0
1920-05-16,600.0
1920-05-17,555.0
1920-05-18,578.0
1920-05-19,625.0
1920-05-20,750.0
1920-05-21,775.0
1920-05-22,910.0
1920-05-23,940.0
1920-05-24,940.0
1920-05-25,1120.0
1920-05-26,1180.0
1920-05-27,1030.0
1920-05-28,1060.0
1920-05-29,1120.0
1920-05-30,1030.0
1920-05-31,970.0
1920-06-01,940.0
1920-06-02,775.0
1920-06-03,725.0
1920-06-04,750.0
1920-06-05,970.0
1920-06-06,1060.0
1920-06-07,1150.0
1920-06-08,1210.0
1920-06-09,1150.0
1920-06-10,1210.0
1920-06-11,1210.0
1920-06-12,1210.0
1920-06-13,1270.0
1920-06-14,1330.0
1920-06-15,1330.0
1920-06-16,1330.0
1920-06-17,1330.0
1920-06-18,1330.0
1920-06-19,1330.0
1920-06-20,1210.0
1920-06-21,1150.0
1920-06-22,1000.0
1920-06-23,970.0
1920-06-24,850.0
1920-06-25,825.0
1920-06-26,775.0
1920-06-27,825.0
1920-06-28,825.0
1920-06-29,775.0
1920-06-30,675.0
1920-07-01,510.0
1920-07-02,700.0
1920-07-03,700.0
1920-07-04,700.0
1920-07-05,600.0
1920-07-06,600.0
1920-07-07,650.0
1920-07-08,850.0
1920-07-09,850.0
1920-07-10,1060.0
1920-07-11,1060.0
1920-07-12,1060.0
1920-07-13,1060.0
1920-07-14,1060.0
1920-07-15,940.0
1920-07-16,940.0
1920-07-17,1030.0
1920-07-18,800.0
1920-07-19,850.0
1920-07-20,825.0
1920-07-21,880.0
1920-07-22,850.0
1920-07-23,750.0
1920-07-24,850.0
1920-07-25,910.0
1920-07-26,1180.0
1920-07-27,1150.0
1920-07-28,1360.0
1920-07-29,1360.0
1920-07-30,1300.0
1920-07-31,1060.0
1920-08-01,1120.0
1920-08-02,1060.0
1920-08-03,880.0
1920-08-04,880.0
1920-08-05,880.0
1920-08-06,825.0
1920-08-07,800.0
1920-08-08,775.0
1920-08-09,675.0
1920-08-10,625.0
1920-08-11,600.0
1920-08-12,650.0
1920-08-13,800.0
1920-08-14,775.0
1920-08-15,775.0
1920-08-16,775.0
1920-08-17,750.0
1920-08-18,750.0
1920-08-19,825.0
1920-08-20,1060.0
1920-08-21,940.0
1920-08-22,970.0
1920-08-23,1000.0
1920-08-24,970.0
1920-08-25,940.0
1920-08-26,750.0
1920-08-27,750.0
1920-08-28,850.0
1920-08-29,880.0
1920-08-30,775.0
1920-08-31,700.0
1920-09-01,600.0
1920-09-02,620.0
1920-09-03,620.0
1920-09-04,620.0
1920-09-05,600.0
1920-09-06,525.0
1920-09-07,800.0
1920-09-08,800.0
1920-09-09,775.0
1920-09-10,775.0
1920-09-11,775.0
1920-09-12,775.0
1920-09-13,725.0
1920-09-14,625.0
1920-09-15,357.0
1920-09-16,331.0
1920-09-17,342.0
1920-09-18,346.0
1920-09-19,338.0
1920-09-20,353.0
1920-09-21,365.0
1920-09-22,384.0
1920-09-23,380.0
1920-09-24,380.0
1920-09-25,342.0
1920-09-26,338.0
1920-09-27,299.0
1920-09-28,286.0
1920-09-29,282.0
1920-09-30,243.0
1920-10-01,222.0
1920-10-02,262.0
1920-10-03,272.0
1920-10-04,269.0
1920-10-05,269.0
1920-10-06,266.0
1920-10-07,262.0
1920-10-08,246.0
1920-10-09,246.0
1920-10-10,243.0
1920-10-11,240.0
1920-10-12,578.0
1920-10-13,800.0
1920-10-14,429.0
1920-10-15,279.0
1920-10-16,246.0
1920-10-17,250.0
1920-10-18,240.0
1920-10-19,234.0
1920-10-20,225.0
1920-10-21,228.0
1920-10-22,228.0
1920-10-23,207.0
1920-10-24,202.0
1920-10-25,210.0
1920-10-26,222.0
1920-10-27,222.0
1920-10-28,216.0
1920-10-29,222.0
1920-10-30,219.0
1920-10-31,231.0
1920-11-01,210.0
1920-11-02,160.0
1920-11-03,149.0
1920-11-04,153.0
1920-11-05,136.0
1920-11-06,138.0
1920-11-07,132.0
1920-11-08,126.0
1920-11-09,122.0
1920-11-10,100.0
1920-11-11,105.0
1920-11-12,93.0
1920-11-13,95.0
1920-11-14,130.0
1920-11-15,122.0
1920-11-16,104.0
1920-11-17,114.0
1920-11-18,120.0
1920-11-19,114.0
1920-11-20,104.0
1920-11-21,86.0
1920-11-22,67.0
1920-11-23,80.0
1920-11-24,65.0
1920-11-25,65.0
1920-11-26,84.0
1920-11-27,93.0
1920-11-28,74.0
1920-11-29,50.0
1920-11-30,58.0
1920-12-01,111.0
1920-12-02,156.0
1920-12-03,151.0
1920-12-04,134.0
1920-12-05,128.0
1920-12-06,130.0
1920-12-07,107.0
1920-12-08,107.0
1920-12-09,107.0
1920-12-10,107.0
1920-12-11,107.0
1920-12-12,107.0
1920-12-13,107.0
1920-12-14,107.0
1920-12-15,107.0
1920-12-16,107.0
1920-12-17,107.0
1920-12-18,107.0
1920-12-19,106.0
1920-12-20,106.0
1920-12-21,106.0
1920-12-22,106.0
1920-12-23,106.0
1920-12-24,106.0
1920-12-25,106.0
1920-12-26,106.0
1920-12-27,106.0
1920-12-28,106.0
1920-12-29,106.0
1920-12-30,106.0
1920-12-31,106.0
1921-01-01,119.0
1921-01-02,119.0
1921-01-03,119.0
1921-01-04,119.0
1921-01-05,119.0
1921-01-06,119.0
1921-01-07,119.0
1921-01-08,119.0
1921-01-09,119.0
1921-01-10,119.0
1921-01-11,119.0
1921-01-12,119.0
1921-01-13,119.0
1921-01-14,119.0
1921-01-15,119.0
1921-01-16,119.0
1921-01-17,119.0
1921-01-18,119.0
1921-01-19,119.0
1921-01-20,119.0
1921-01-21,119.0
1921-01-22,119.0
1921-01-23,119.0
1921-01-24,119.0
1921-01-25,119.0
1921-01-26,119.0
1921-01-27,119.0
1921-01-28,119.0
1921-01-29,119.0
1921-01-30,119.0
1921-01-31,119.0
1921-02-01,119.0
1921-02-02,119.0
1921-02-03,119.0
1921-02-04,119.0
1921-02-05,119.0
1921-02-06,119.0
1921-02-07,119.0
1921-02-08,119.0
1921-02-09,119.0
1921-02-10,119.0
1921-02-11,119.0
1921-02-12,119.0
1921-02-13,119.0
1921-02-14,119.0
1921-02-15,119.0
1921-02-16,119.0
1921-02-17,119.0
1921-02-18,119.0
1921-02-19,119.0
1921-02-20,119.0
1921-02-21,119.0
1921-02-22,119.0
1921-02-23,119.0
1921-02-24,119.0
1921-02-25,119.0
1921-02-26,119.0
1921-02-27,119.0
1921-02-28,119.0
1921-03-01,185.0
1921-03-02,170.0
1921-03-03,145.0
1921-03-04,160.0
1921-03-05,160.0
1921-03-06,145.0
1921-03-07,120.0
1921-03-08,100.0
1921-03-09,52.0
1921-03-10,60.0
1921-03-11,100.0
1921-03-12,110.0
1921-03-13,110.0
1921-03-14,110.0
1921-03-15,116.0
1921-03-16,116.0
1921-03-17,116.0
1921-03-18,120.0
1921-03-19,118.0
1921-03-20,128.0
1921-03-21,120.0
1921-03-22,111.0
1921-03-23,222.0
1921-03-24,334.0
1921-03-25,331.0
1921-03-26,314.0
1921-03-27,241.0
1921-03-28,108.0
1921-03-29,118.0
1921-03-30,118.0
1921-03-31,111.0
1921-04-01,114.0
1921-04-02,117.0
1921-04-03,120.0
1921-04-04,125.0
1921-04-05,209.0
1921-04-06,215.0
1921-04-07,202.0
1921-04-08,179.0
1921-04-09,171.0
1921-04-10,159.0
1921-04-11,163.0
1921-04-12,179.0
1921-04-13,179.0
1921-04-14,228.0
1921-04-15,300.0
1921-04-16,80.0
1921-04-17,190.0
1921-04-18,366.0
1921-04-19,444.0
1921-04-20,625.0
1921-04-21,675.0
1921-04-22,724.0
1921-04-23,988.0
1921-04-24,1170.0
1921-04-25,952.0
1921-04-26,826.0
1921-04-27,736.0
1921-04-28,675.0
1921-04-29,645.0
1921-04-30,695.0
1921-05-01,778.0
1921-05-02,862.0
1921-05-03,952.0
1921-05-04,1010.0
1921-05-05,1030.0
1921-05-06,1060.0
1921-05-07,1020.0
1921-05-08,898.0
1921-05-09,868.0
1921-05-10,832.0
1921-05-11,796.0
1921-05-12,1010.0
1921-05-13,1180.0
1921-05-14,1230.0
1921-05-15,1290.0
1921-05-16,1280.0
1921-05-17,1280.0
1921-05-18,1330.0
1921-05-19,1260.0
1921-05-20,1150.0
1921-05-21,1160.0
1921-05-22,1140.0
1921-05-23,1130.0
1921-05-24,1270.0
1921-05-25,1220.0
1921-05-26,1170.0
1921-05-27,1160.0
1921-05-28,1250.0
1921-05-29,1220.0
1921-05-30,1190.0
1921-05-31,1250.0
1921-06-01,1250.0
1921-06-02,1250.0
1921-06-03,1410.0
1921-06-04,2340.0
1921-06-05,3040.0
1921-06-06,4650.0
1921-06-07,6140.0
1921-06-08,5700.0
1921-06-09,5240.0
1921-06-10,4800.0
1921-06-11,4630.0
1921-06-12,4440.0
1921-06-13,4250.0
1921-06-14,4180.0
1921-06-15,4200.0
1921-06-16,4030.0
1921-06-17,3750.0
1921-06-18,3140.0
1921-06-19,2690.0
1921-06-20,2470.0
1921-06-21,2260.0
1921-06-22,2070.0
1921-06-23,1880.0
1921-06-24,1890.0
1921-06-25,1840.0
1921-06-26,1860.0
1921-06-27,1670.0
1921-06-28,1490.0
1921-06-29,1450.0
1921-06-30,1400.0
1921-07-01,1320.0
1921-07-02,1250.0
1921-07-03,1170.0
1921-07-04,1190.0
1921-07-05,1410.0
1921-07-06,1610.0
1921-07-07,1500.0
1921-07-08,1300.0
1921-07-09,1210.0
1921-07-10,1180.0
1921-07-11,1210.0
1921-07-12,1240.0
1921-07-13,1330.0
1921-07-14,1480.0
1921-07-15,1840.0
1921-07-16,2150.0
1921-07-17,2060.0
1921-07-18,2120.0
1921-07-19,2300.0
1921-07-20,2370.0
1921-07-21,2410.0
1921-07-22,2160.0
1921-07-23,2200.0
1921-07-24,2230.0
1921-07-25,2350.0
1921-07-26,2230.0
1921-07-27,2200.0
1921-07-28,1930.0
1921-07-29,1810.0
1921-07-30,1670.0
1921-07-31,1600.0
1921-08-01,1900.0
1921-08-02,1880.0
1921-08-03,1810.0
1921-08-04,1620.0
1921-08-05,1460.0
1921-08-06,1300.0
1921-08-07,1150.0
1921-08-08,1120.0
1921-08-09,1090.0
1921-08-10,1180.0
1921-08-11,1120.0
1921-08-12,1120.0
1921-08-13,1270.0
1921-08-14,1330.0
1921-08-15,1420.0
1921-08-16,1330.0
1921-08-17,1270.0
1921-08-18,1200.0
1921-08-19,1130.0
1921-08-20,1030.0
1921-08-21,1030.0
1921-08-22,1000.0
1921-08-23,1180.0
1921-08-24,1480.0
1921-08-25,1390.0
1921-08-26,1510.0
1921-08-27,1570.0
1921-08-28,1510.0
1921-08-29,1510.0
1921-08-30,1510.0
1921-08-31,1570.0
1921-09-01,1540.0
1921-09-02,1540.0
1921-09-03,1540.0
1921-09-04,1480.0
1921-09-05,1360.0
1921-09-06,1300.0
1921-09-07,1180.0
1921-09-08,1060.0
1921-09-09,1030.0
1921-09-10,820.0
1921-09-11,760.0
1921-09-12,625.0
1921-09-13,625.0
1921-09-14,610.0
1921-09-15,595.0
1921-09-16,585.0
1921-09-17,515.0
1921-09-18,496.0
1921-09-19,496.0
1921-09-20,436.0
1921-09-21,392.0
1921-09-22,380.0
1921-09-23,373.0
1921-09-24,380.0
1921-09-25,376.0
1921-09-26,376.0
1921-09-27,388.0
1921-09-28,392.0
1921-09-29,376.0
1921-09-30,373.0
1921-10-01,375.0
1921-10-02,371.0
1921-10-03,378.0
1921-10-04,386.0
1921-10-05,485.0
1921-10-06,552.0
1921-10-07,575.0
1921-10-08,575.0
1921-10-09,575.0
1921-10-10,575.0
1921-10-11,530.0
1921-10-12,465.0
1921-10-13,465.0
1921-10-14,465.0
1921-10-15,465.0
1921-10-16,465.0
1921-10-17,465.0
1921-10-18,388.0
1921-10-19,322.0
1921-10-20,315.0
1921-10-21,312.0
1921-10-22,322.0
1921-10-23,336.0
1921-10-24,336.0
1921-10-25,360.0
1921-10-26,350.0
1921-10-27,339.0
1921-10-28,332.0
1921-10-29,336.0
1921-10-30,336.0
1921-10-31,325.0
1921-11-01,339.0
1921-11-02,329.0
1921-11-03,322.0
1921-11-04,308.0
1921-11-05,291.0
1921-11-06,278.0
1921-11-07,285.0
1921-11-08,275.0
1921-11-09,259.0
1921-11-10,243.0
1921-11-11,246.0
1921-11-12,243.0
1921-11-13,233.0
1921-11-14,224.0
1921-11-15,184.0
1921-11-16,143.0
1921-11-17,138.0
1921-11-18,128.0
1921-11-19,79.0
1921-11-20,116.0
1921-11-21,163.0
1921-11-22,163.0
1921-11-23,163.0
1921-11-24,138.0
1921-11-25,140.0
1921-11-26,128.0
1921-11-27,114.0
1921-11-28,118.0
1921-11-29,112.0
1921-11-30,123.0
1921-12-01,126.0
1921-12-02,118.0
1921-12-03,97.0
1921-12-04,83.0
1921-12-05,88.0
1921-12-06,130.0
1921-12-07,130.0
1921-12-08,130.0
1921-12-09,130.0
1921-12-10,130.0
1921-12-11,130.0
1921-12-12,130.0
1921-12-13,130.0
1921-12-14,130.0
1921-12-15,138.0
1921-12-16,126.0
1921-12-17,88.0
1921-12-18,88.0
1921-12-19,88.0
1921-12-20,88.0
1921-12-21,172.0
1921-12-22,160.0
1921-12-23,140.0
1921-12-24,140.0
1921-12-25,140.0
1921-12-26,140.0
1921-12-27,140.0
1921-12-28,140.0
1921-12-29,140.0
1921-12-30,140.0
1921-12-31,140.0
1922-01-01,153.0
1922-01-02,153.0
1922-01-03,153.0
1922-01-04,153.0
1922-01-05,153.0
1922-01-06,153.0
1922-01-07,153.0
1922-01-08,153.0
1922-01-09,153.0
1922-01-10,153.0
1922-01-11,153.0
1922-01-12,153.0
1922-01-13,153.0
1922-01-14,153.0
1922-01-15,153.0
1922-01-16,153.0
1922-01-17,153.0
1922-01-18,153.0
1922-01-19,153.0
1922-01-20,153.0
1922-01-21,153.0
1922-01-22,153.0
1922-01-23,153.0
1922-01-24,153.0
1922-01-25,153.0
1922-01-26,153.0
1922-01-27,153.0
1922-01-28,153.0
1922-01-29,153.0
1922-01-30,153.0
1922-01-31,153.0
1922-02-01,185.0
1922-02-02,185.0
1922-02-03,185.0
1922-02-04,185.0
1922-02-05,185.0
1922-02-06,185.0
1922-02-07,185.0
1922-02-08,185.0
1922-02-09,185.0
1922-02-10,185.0
1922-02-11,185.0
1922-02-12,185.0
1922-02-13,185.0
1922-02-14,185.0
1922-02-15,185.0
1922-02-16,185.0
1922-02-17,185.0
1922-02-18,185.0
1922-02-19,185.0
1922-02-20,185.0
1922-02-21,185.0
1922-02-22,185.0
1922-02-23,185.0
1922-02-24,185.0
1922-02-25,185.0
1922-02-26,185.0
1922-02-27,185.0
1922-02-28,185.0
1922-03-01,170.0
1922-03-02,170.0
1922-03-03,170.0
1922-03-04,170.0
1922-03-05,170.0
1922-03-06,170.0
1922-03-07,170.0
1922-03-08,170.0
1922-03-09,170.0
1922-03-10,170.0
1922-03-11,169.0
1922-03-12,169.0
1922-03-13,169.0
1922-03-14,169.0
1922-03-15,169.0
1922-03-16,169.0
1922-03-17,169.0
1922-03-18,169.0
1922-03-19,169.0
1922-03-20,169.0
1922-03-21,249.0
1922-03-22,239.0
1922-03-23,196.0
1922-03-24,227.0
1922-03-25,230.0
1922-03-26,218.0
1922-03-27,227.0
1922-03-28,187.0
1922-03-29,158.0
1922-03-30,155.0
1922-03-31,135.0
1922-04-01,158.0
1922-04-02,184.0
1922-04-03,193.0
1922-04-04,221.0
1922-04-05,246.0
1922-04-06,227.0
1922-04-07,187.0
1922-04-08,158.0
1922-04-09,175.0
1922-04-10,163.0
1922-04-11,149.0
1922-04-12,158.0
1922-04-13,143.0
1922-04-14,138.0
1922-04-15,160.0
1922-04-16,175.0
1922-04-17,105.0
1922-04-18,179.0
1922-04-19,259.0
1922-04-20,315.0
1922-04-21,382.0
1922-04-22,429.0
1922-04-23,485.0
1922-04-24,508.0
1922-04-25,548.0
1922-04-26,611.0
1922-04-27,645.0
1922-04-28,645.0
1922-04-29,715.0
1922-04-30,819.0
1922-05-01,852.0
1922-05-02,797.0
1922-05-03,748.0
1922-05-04,705.0
1922-05-05,720.0
1922-05-06,802.0
1922-05-07,836.0
1922-05-08,764.0
1922-05-09,715.0
1922-05-10,640.0
1922-05-11,548.0
1922-05-12,481.0
1922-05-13,473.0
1922-05-14,457.0
1922-05-15,494.0
1922-05-16,508.0
1922-05-17,539.0
1922-05-18,695.0
1922-05-19,797.0
1922-05-20,863.0
1922-05-21,874.0
1922-05-22,819.0
1922-05-23,858.0
1922-05-24,1000.0
1922-05-25,1060.0
1922-05-26,1060.0
1922-05-27,1180.0
1922-05-28,1270.0
1922-05-29,1320.0
1922-05-30,1340.0
1922-05-31,945.0
1922-06-01,1000.0
1922-06-02,963.0
1922-06-03,858.0
1922-06-04,705.0
1922-06-05,695.0
1922-06-06,720.0
1922-06-07,1000.0
1922-06-08,1040.0
1922-06-09,975.0
1922-06-10,975.0
1922-06-11,897.0
1922-06-12,909.0
1922-06-13,1010.0
1922-06-14,1280.0
1922-06-15,1230.0
1922-06-16,1230.0
1922-06-17,1200.0
1922-06-18,1160.0
1922-06-19,1130.0
1922-06-20,1130.0
1922-06-21,1050.0
1922-06-22,969.0
1922-06-23,808.0
1922-06-24,764.0
1922-06-25,750.0
1922-06-26,735.0
1922-06-27,720.0
1922-06-28,695.0
1922-06-29,670.0
1922-06-30,670.0
1922-07-01,720.0
1922-07-02,670.0
1922-07-03,620.0
1922-07-04,670.0
1922-07-05,695.0
1922-07-06,695.0
1922-07-07,620.0
1922-07-08,552.0
1922-07-09,425.0
1922-07-10,425.0
1922-07-11,405.0
1922-07-12,375.0
1922-07-13,397.0
1922-07-14,530.0
1922-07-15,620.0
1922-07-16,620.0
1922-07-17,575.0
1922-07-18,441.0
1922-07-19,437.0
1922-07-20,437.0
1922-07-21,465.0
1922-07-22,575.0
1922-07-23,530.0
1922-07-24,508.0
1922-07-25,405.0
1922-07-26,364.0
1922-07-27,401.0
1922-07-28,620.0
1922-07-29,695.0
1922-07-30,552.0
1922-07-31,445.0
1922-08-01,469.0
1922-08-02,748.0
1922-08-03,1030.0
1922-08-04,975.0
1922-08-05,885.0
1922-08-06,775.0
1922-08-07,552.0
1922-08-08,557.0
1922-08-09,534.0
1922-08-10,526.0
1922-08-11,695.0
1922-08-12,580.0
1922-08-13,445.0
1922-08-14,450.0
1922-08-15,457.0
1922-08-16,425.0
1922-08-17,508.0
1922-08-18,530.0
1922-08-19,620.0
1922-08-20,575.0
1922-08-21,748.0
1922-08-22,775.0
1922-08-23,720.0
1922-08-24,695.0
1922-08-25,477.0
1922-08-26,437.0
1922-08-27,421.0
1922-08-28,394.0
1922-08-29,350.0
1922-08-30,375.0
1922-08-31,530.0
1922-09-01,530.0
1922-09-02,552.0
1922-09-03,530.0
1922-09-04,485.0
1922-09-05,453.0
1922-09-06,441.0
1922-09-07,429.0
1922-09-08,433.0
1922-09-09,508.0
1922-09-10,367.0
1922-09-11,322.0
1922-09-12,315.0
1922-09-13,305.0
1922-09-14,295.0
1922-09-15,301.0
1922-09-16,315.0
1922-09-17,285.0
1922-09-18,275.0
1922-09-19,278.0
1922-09-20,312.0
1922-09-21,268.0
1922-09-22,268.0
1922-09-23,259.0
1922-09-24,285.0
1922-09-25,243.0
1922-09-26,239.0
1922-09-27,243.0
1922-09-28,243.0
1922-09-29,243.0
1922-09-30,246.0
1922-10-01,245.0
1922-10-02,242.0
1922-10-03,245.0
1922-10-04,254.0
1922-10-05,251.0
1922-10-06,248.0
1922-10-07,248.0
1922-10-08,245.0
1922-10-09,237.0
1922-10-10,237.0
1922-10-11,237.0
1922-10-12,237.0
1922-10-13,231.0
1922-10-14,226.0
1922-10-15,181.0
1922-10-16,179.0
1922-10-17,108.0
1922-10-18,124.0
1922-10-19,129.0
1922-10-20,132.0
1922-10-21,269.0
1922-10-22,179.0
1922-10-23,140.0
1922-10-24,145.0
1922-10-25,144.0
1922-10-26,130.0
1922-10-27,129.0
1922-10-28,128.0
1922-10-29,130.0
1922-10-30,134.0
1922-10-31,122.0
1922-11-01,132.0
1922-11-02,137.0
1922-11-03,129.0
1922-11-04,138.0
1922-11-05,135.0
1922-11-06,108.0
1922-11-07,140.0
1922-11-08,144.0
1922-11-09,142.0
1922-11-10,145.0
1922-11-11,137.0
1922-11-12,120.0
1922-11-13,97.0
1922-11-14,100.0
1922-11-15,140.0
1922-11-16,135.0
1922-11-17,145.0
1922-11-18,137.0
1922-11-19,126.0
1922-11-20,126.0
1922-11-21,102.0
1922-11-22,101.0
1922-11-23,128.0
1922-11-24,140.0
1922-11-25,129.0
1922-11-26,130.0
1922-11-27,149.0
1922-11-28,145.0
1922-11-29,138.0
1922-11-30,142.0
1922-12-01,128.0
1922-12-02,123.0
1922-12-03,137.0
1922-12-04,137.0
1922-12-05,129.0
1922-12-06,122.0
1922-12-07,132.0
1922-12-08,126.0
1922-12-09,110.0
1922-12-10,130.0
1922-12-11,160.0
1922-12-12,150.0
1922-12-13,158.0
1922-12-14,158.0
1922-12-15,160.0
1922-12-16,150.0
1922-12-17,140.0
1922-12-18,134.0
1922-12-19,166.0
1922-12-20,166.0
1922-12-21,162.0
1922-12-22,154.0
1922-12-23,140.0
1922-12-24,144.0
1922-12-25,140.0
1922-12-26,155.0
1922-12-27,115.0
1922-12-28,140.0
1922-12-29,140.0
1922-12-30,120.0
1922-12-31,80.0
1923-01-01,134.0
1923-01-02,134.0
1923-01-03,134.0
1923-01-04,134.0
1923-01-05,134.0
1923-01-06,134.0
1923-01-07,134.0
1923-01-08,134.0
1923-01-09,134.0
1923-01-10,134.0
1923-01-11,134.0
1923-01-12,134.0
1923-01-13,134.0
1923-01-14,134.0
1923-01-15,134.0
1923-01-16,134.0
1923-01-17,134.0
1923-01-18,134.0
1923-01-19,134.0
1923-01-20,134.0
1923-01-21,134.0
1923-01-22,134.0
1923-01-23,134.0
1923-01-24,134.0
1923-01-25,134.0
1923-01-26,134.0
1923-01-27,134.0
1923-01-28,134.0
1923-01-29,134.0
1923-01-30,134.0
1923-01-31,134.0
1923-02-01,129.0
1923-02-02,129.0
1923-02-03,129.0
1923-02-04,129.0
1923-02-05,129.0
1923-02-06,129.0
1923-02-07,129.0
1923-02-08,129.0
1923-02-09,129.0
1923-02-10,129.0
1923-02-11,129.0
1923-02-12,129.0
1923-02-13,129.0
1923-02-14,129.0
1923-02-15,129.0
1923-02-16,129.0
1923-02-17,129.0
1923-02-18,129.0
1923-02-19,129.0
1923-02-20,129.0
1923-02-21,129.0
1923-02-22,129.0
1923-02-23,129.0
1923-02-24,129.0
1923-02-25,129.0
1923-02-26,129.0
1923-02-27,129.0
1923-02-28,129.0
1923-03-01,123.0
1923-03-02,123.0
1923-03-03,123.0
1923-03-04,123.0
1923-03-05,123.0
1923-03-06,123.0
1923-03-07,123.0
1923-03-08,123.0
1923-03-09,123.0
1923-03-10,123.0
1923-03-11,123.0
1923-03-12,123.0
1923-03-13,123.0
1923-03-14,123.0
1923-03-15,123.0
1923-03-16,123.0
1923-03-17,123.0
1923-03-18,123.0
1923-03-19,123.0
1923-03-20,123.0
1923-03-21,123.0
1923-03-22,123.0
1923-03-23,123.0
1923-03-24,123.0
1923-03-25,123.0
1923-03-26,123.0
1923-03-27,123.0
1923-03-28,123.0
1923-03-29,124.0
1923-03-30,124.0
1923-03-31,152.0
1923-04-01,185.0
1923-04-02,170.0
1923-04-03,160.0
1923-04-04,130.0
1923-04-05,110.0
1923-04-06,170.0
1923-04-07,190.0
1923-04-08,180.0
1923-04-09,156.0
1923-04-10,138.0
1923-04-11,147.0
1923-04-12,154.0
1923-04-13,164.0
1923-04-14,156.0
1923-04-15,152.0
1923-04-16,156.0
1923-04-17,166.0
1923-04-18,183.0
1923-04-19,202.0
1923-04-20,190.0
1923-04-21,162.0
1923-04-22,170.0
1923-04-23,162.0
1923-04-24,152.0
1923-04-25,160.0
1923-04-26,275.0
1923-04-27,345.0
1923-04-28,353.0
1923-04-29,360.0
1923-04-30,375.0
1923-05-01,379.0
1923-05-02,399.0
1923-05-03,411.0
1923-05-04,391.0
1923-05-05,395.0
1923-05-06,391.0
1923-05-07,379.0
1923-05-08,314.0
1923-05-09,297.0
1923-05-10,310.0
1923-05-11,345.0
1923-05-12,328.0
1923-05-13,320.0
1923-05-14,345.0
1923-05-15,331.0
1923-05-16,328.0
1923-05-17,349.0
1923-05-18,427.0
1923-05-19,431.0
1923-05-20,448.0
1923-05-21,452.0
1923-05-22,496.0
1923-05-23,492.0
1923-05-24,427.0
1923-05-25,478.0
1923-05-26,585.0
1923-05-27,665.0
1923-05-28,675.0
1923-05-29,610.0
1923-05-30,585.0
1923-05-31,655.0
1923-06-01,700.0
1923-06-02,715.0
1923-06-03,705.0
1923-06-04,650.0
1923-06-05,735.0
1923-06-06,760.0
1923-06-07,755.0
1923-06-08,705.0
1923-06-09,816.0
1923-06-10,893.0
1923-06-11,832.0
1923-06-12,893.0
1923-06-13,937.0
1923-06-14,970.0
1923-06-15,994.0
1923-06-16,1080.0
1923-06-17,1050.0
1923-06-18,937.0
1923-06-19,888.0
1923-06-20,860.0
1923-06-21,932.0
1923-06-22,805.0
1923-06-23,770.0
1923-06-24,898.0
1923-06-25,860.0
1923-06-26,775.0
1923-06-27,755.0
1923-06-28,904.0
1923-06-29,888.0
1923-06-30,860.0
1923-07-01,849.0
1923-07-02,805.0
1923-07-03,795.0
1923-07-04,1090.0
1923-07-05,1050.0
1923-07-06,1040.0
1923-07-07,1040.0
1923-07-08,1080.0
1923-07-09,1100.0
1923-07-10,1120.0
1923-07-11,1150.0
1923-07-12,1150.0
1923-07-13,1180.0
1923-07-14,1250.0
1923-07-15,1220.0
1923-07-16,1520.0
1923-07-17,1260.0
1923-07-18,832.0
1923-07-19,854.0
1923-07-20,882.0
1923-07-21,932.0
1923-07-22,1290.0
1923-07-23,1170.0
1923-07-24,1100.0
1923-07-25,1010.0
1923-07-26,1050.0
1923-07-27,1290.0
1923-07-28,1430.0
1923-07-29,1320.0
1923-07-30,1080.0
1923-07-31,926.0
1923-08-01,964.0
1923-08-02,970.0
1923-08-03,964.0
1923-08-04,954.0
1923-08-05,1010.0
1923-08-06,926.0
1923-08-07,1020.0
1923-08-08,1010.0
1923-08-09,904.0
1923-08-10,942.0
1923-08-11,1110.0
1923-08-12,1160.0
1923-08-13,1270.0
1923-08-14,1220.0
1923-08-15,1390.0
1923-08-16,1390.0
1923-08-17,1380.0
1923-08-18,1310.0
1923-08-19,1370.0
1923-08-20,1390.0
1923-08-21,1550.0
1923-08-22,1530.0
1923-08-23,1500.0
1923-08-24,1540.0
1923-08-25,1410.0
1923-08-26,1300.0
1923-08-27,1190.0
1923-08-28,1110.0
1923-08-29,1040.0
1923-08-30,976.0
1923-08-31,942.0
1923-09-01,932.0
1923-09-02,915.0
1923-09-03,854.0
1923-09-04,795.0
1923-09-05,760.0
1923-09-06,790.0
1923-09-07,725.0
1923-09-08,650.0
1923-09-09,570.0
1923-09-10,519.0
1923-09-11,488.0
1923-09-12,474.0
1923-09-13,470.0
1923-09-14,506.0
1923-09-15,550.0
1923-09-16,560.0
1923-09-17,600.0
1923-09-18,795.0
1923-09-19,920.0
1923-09-20,915.0
1923-09-21,904.0
1923-09-22,816.0
1923-09-23,745.0
1923-09-24,740.0
1923-09-25,740.0
1923-09-26,705.0
1923-09-27,655.0
1923-09-28,620.0
1923-09-29,600.0
1923-09-30,575.0
1923-10-01,524.0
1923-10-02,519.0
1923-10-03,578.0
1923-10-04,676.0
1923-10-05,705.0
1923-10-06,695.0
1923-10-07,690.0
1923-10-08,618.0
1923-10-09,560.0
1923-10-10,514.0
1923-10-11,474.0
1923-10-12,555.0
1923-10-13,568.0
1923-10-14,573.0
1923-10-15,582.0
1923-10-16,578.0
1923-10-17,614.0
1923-10-18,614.0
1923-10-19,591.0
1923-10-20,560.0
1923-10-21,532.0
1923-10-22,532.0
1923-10-23,573.0
1923-10-24,650.0
1923-10-25,614.0
1923-10-26,600.0
1923-10-27,614.0
1923-10-28,604.0
1923-10-29,604.0
1923-10-30,568.0
1923-10-31,546.0
1923-11-01,542.0
1923-11-02,528.0
1923-11-03,537.0
1923-11-04,514.0
1923-11-05,510.0
1923-11-06,502.0
1923-11-07,502.0
1923-11-08,502.0
1923-11-09,502.0
1923-11-10,482.0
1923-11-11,502.0
1923-11-12,482.0
1923-11-13,458.0
1923-11-14,438.0
1923-11-15,406.0
1923-11-16,402.0
1923-11-17,370.0
1923-11-18,354.0
1923-11-19,346.0
1923-11-20,346.0
1923-11-21,346.0
1923-11-22,346.0
1923-11-23,340.0
1923-11-24,370.0
1923-11-25,362.0
1923-11-26,318.0
1923-11-27,308.0
1923-11-28,181.0
1923-11-29,165.0
1923-11-30,246.0
1923-12-01,255.0
1923-12-02,220.0
1923-12-03,240.0
1923-12-04,232.0
1923-12-05,226.0
1923-12-06,234.0
1923-12-07,287.0
1923-12-08,274.0
1923-12-09,264.0
1923-12-10,234.0
1923-12-11,203.0
1923-12-12,206.0
1923-12-13,215.0
1923-12-14,225.0
1923-12-15,235.0
1923-12-16,215.0
1923-12-17,225.0
1923-12-18,240.0
1923-12-19,255.0
1923-12-20,265.0
1923-12-21,280.0
1923-12-22,290.0
1923-12-23,270.0
1923-12-24,270.0
1923-12-25,280.0
1923-12-26,300.0
1923-12-27,315.0
1923-12-28,290.0
1923-12-29,305.0
1923-12-30,305.0
1923-12-31,240.0
1924-01-01,182.0
1924-01-02,182.0
1924-01-03,182.0
1924-01-04,182.0
1924-01-05,182.0
1924-01-06,182.0
1924-01-07,182.0
1924-01-08,182.0
1924-01-09,182.0
1924-01-10,182.0
1924-01-11,182.0
1924-01-12,182.0
1924-01-13,182.0
1924-01-14,182.0
1924-01-15,182.0
1924-01-16,182.0
1924-01-17,182.0
1924-01-18,182.0
1924-01-19,182.0
1924-01-20,182.0
1924-01-21,182.0
1924-01-22,182.0
1924-01-23,182.0
1924-01-24,182.0
1924-01-25,182.0
1924-01-26,182.0
1924-01-27,182.0
1924-01-28,182.0
1924-01-29,182.0
1924-01-30,182.0
1924-01-31,182.0
1924-02-01,154.0
1924-02-02,154.0
1924-02-03,154.0
1924-02-04,154.0
1924-02-05,154.0
1924-02-06,154.0
1924-02-07,154.0
1924-02-08,154.0
1924-02-09,154.0
1924-02-10,154.0
1924-02-11,154.0
1924-02-12,154.0
1924-02-13,154.0
1924-02-14,154.0
1924-02-15,154.0
1924-02-16,154.0
1924-02-17,154.0
1924-02-18,154.0
1924-02-19,154.0
1924-02-20,154.0
1924-02-21,154.0
1924-02-22,154.0
1924-02-23,154.0
1924-02-24,154.0
1924-02-25,154.0
1924-02-26,154.0
1924-02-27,154.0
1924-02-28,154.0
1924-02-29,154.0
1924-03-01,134.0
1924-03-02,134.0
1924-03-03,134.0
1924-03-04,134.0
1924-03-05,134.0
1924-03-06,134.0
1924-03-07,134.0
1924-03-08,134.0
1924-03-09,134.0
1924-03-10,134.0
1924-03-11,134.0
1924-03-12,134.0
1924-03-13,134.0
1924-03-14,134.0
1924-03-15,134.0
1924-03-16,134.0
1924-03-17,134.0
1924-03-18,134.0
1924-03-19,134.0
1924-03-20,134.0
1924-03-21,134.0
1924-03-22,134.0
1924-03-23,134.0
1924-03-24,134.0
1924-03-25,134.0
1924-03-26,134.0
1924-03-27,134.0
1924-03-28,134.0
1924-03-29,134.0
1924-03-30,134.0
1924-03-31,134.0
1924-04-01,100.0
1924-04-02,125.0
1924-04-03,110.0
1924-04-04,140.0
1924-04-05,180.0
1924-04-06,210.0
1924-04-07,260.0
1924-04-08,440.0
1924-04-09,370.0
1924-04-10,400.0
1924-04-11,935.0
1924-04-12,805.0
1924-04-13,755.0
1924-04-14,890.0
1924-04-15,1090.0
1924-04-16,995.0
1924-04-17,760.0
1924-04-18,705.0
1924-04-19,690.0
1924-04-20,686.0
1924-04-21,765.0
1924-04-22,765.0
1924-04-23,775.0
1924-04-24,850.0
1924-04-25,890.0
1924-04-26,860.0
1924-04-27,860.0
1924-04-28,765.0
1924-04-29,740.0
1924-04-30,790.0
1924-05-01,810.0
1924-05-02,780.0
1924-05-03,765.0
1924-05-04,860.0
1924-05-05,956.0
1924-05-06,968.0
1924-05-07,973.0
1924-05-08,940.0
1924-05-09,900.0
1924-05-10,865.0
1924-05-11,875.0
1924-05-12,915.0
1924-05-13,951.0
1924-05-14,940.0
1924-05-15,930.0
1924-05-16,956.0
1924-05-17,984.0
1924-05-18,1020.0
1924-05-19,1060.0
1924-05-20,1040.0
1924-05-21,1080.0
1924-05-22,1070.0
1924-05-23,1000.0
1924-05-24,951.0
1924-05-25,951.0
1924-05-26,984.0
1924-05-27,1030.0
1924-05-28,1100.0
1924-05-29,1210.0
1924-05-30,1300.0
1924-05-31,1400.0
1924-06-01,1620.0
1924-06-02,1880.0
1924-06-03,2060.0
1924-06-04,2100.0
1924-06-05,2140.0
1924-06-06,2200.0
1924-06-07,2180.0
1924-06-08,2090.0
1924-06-09,1860.0
1924-06-10,1780.0
1924-06-11,1750.0
1924-06-12,1730.0
1924-06-13,1780.0
1924-06-14,1820.0
1924-06-15,1850.0
1924-06-16,1850.0
1924-06-17,1780.0
1924-06-18,1660.0
1924-06-19,1540.0
1924-06-20,1330.0
1924-06-21,1220.0
1924-06-22,1090.0
1924-06-23,1010.0
1924-06-24,946.0
1924-06-25,910.0
1924-06-26,860.0
1924-06-27,810.0
1924-06-28,775.0
1924-06-29,755.0
1924-06-30,730.0
1924-07-01,690.0
1924-07-02,672.0
1924-07-03,654.0
1924-07-04,627.0
1924-07-05,622.0
1924-07-06,650.0
1924-07-07,790.0
1924-07-08,1060.0
1924-07-09,1070.0
1924-07-10,1120.0
1924-07-11,940.0
1924-07-12,860.0
1924-07-13,1020.0
1924-07-14,1010.0
1924-07-15,962.0
1924-07-16,962.0
1924-07-17,865.0
1924-07-18,810.0
1924-07-19,760.0
1924-07-20,795.0
1924-07-21,984.0
1924-07-22,915.0
1924-07-23,835.0
1924-07-24,710.0
1924-07-25,755.0
1924-07-26,855.0
1924-07-27,820.0
1924-07-28,710.0
1924-07-29,596.0
1924-07-30,555.0
1924-07-31,537.0
1924-08-01,586.0
1924-08-02,582.0
1924-08-03,510.0
1924-08-04,494.0
1924-08-05,498.0
1924-08-06,510.0
1924-08-07,494.0
1924-08-08,462.0
1924-08-09,450.0
1924-08-10,546.0
1924-08-11,528.0
1924-08-12,645.0
1924-08-13,537.0
1924-08-14,546.0
1924-08-15,474.0
1924-08-16,462.0
1924-08-17,560.0
1924-08-18,555.0
1924-08-19,550.0
1924-08-20,568.0
1924-08-21,555.0
1924-08-22,434.0
1924-08-23,326.0
1924-08-24,350.0
1924-08-25,346.0
1924-08-26,346.0
1924-08-27,343.0
1924-08-28,336.0
1924-08-29,350.0
1924-08-30,406.0
1924-08-31,398.0
1924-09-01,398.0
1924-09-02,390.0
1924-09-03,374.0
1924-09-04,326.0
1924-09-05,298.0
1924-09-06,308.0
1924-09-07,318.0
1924-09-08,312.0
1924-09-09,308.0
1924-09-10,308.0
1924-09-11,343.0
1924-09-12,350.0
1924-09-13,332.0
1924-09-14,326.0
1924-09-15,329.0
1924-09-16,255.0
1924-09-17,237.0
1924-09-18,237.0
1924-09-19,243.0
1924-09-20,240.0
1924-09-21,246.0
1924-09-22,232.0
1924-09-23,200.0
1924-09-24,178.0
1924-09-25,148.0
1924-09-26,112.0
1924-09-27,114.0
1924-09-28,116.0
1924-09-29,106.0
1924-09-30,106.0
1924-10-01,106.0
1924-10-02,131.0
1924-10-03,138.0
1924-10-04,133.0
1924-10-05,133.0
1924-10-06,131.0
1924-10-07,129.0
1924-10-08,162.0
1924-10-09,150.0
1924-10-10,178.0
1924-10-11,650.0
1924-10-12,555.0
1924-10-13,312.0
1924-10-14,258.0
1924-10-15,252.0
1924-10-16,240.0
1924-10-17,226.0
1924-10-18,229.0
1924-10-19,232.0
1924-10-20,237.0
1924-10-21,223.0
1924-10-22,261.0
1924-10-23,271.0
1924-10-24,255.0
1924-10-25,246.0
1924-10-26,240.0
1924-10-27,217.0
1924-10-28,203.0
1924-10-29,195.0
1924-10-30,189.0
1924-10-31,178.0
1924-11-01,181.0
1924-11-02,181.0
1924-11-03,170.0
1924-11-04,165.0
1924-11-05,165.0
1924-11-06,162.0
1924-11-07,145.0
1924-11-08,125.0
1924-11-09,136.0
1924-11-10,152.0
1924-11-11,152.0
1924-11-12,125.0
1924-11-13,133.0
1924-11-14,158.0
1924-11-15,173.0
1924-11-16,184.0
1924-11-17,189.0
1924-11-18,181.0
1924-11-19,187.0
1924-11-20,160.0
1924-11-21,165.0
1924-11-22,168.0
1924-11-23,152.0
1924-11-24,120.0
1924-11-25,110.0
1924-11-26,150.0
1924-11-27,158.0
1924-11-28,173.0
1924-11-29,160.0
1924-11-30,145.0
1924-12-01,158.0
1924-12-02,158.0
1924-12-03,158.0
1924-12-04,140.0
1924-12-05,150.0
1924-12-06,165.0
1924-12-07,160.0
1924-12-08,150.0
1924-12-09,160.0
1924-12-10,150.0
1924-12-11,162.0
1924-12-12,160.0
1924-12-13,160.0
1924-12-14,160.0
1924-12-15,160.0
1924-12-16,160.0
1924-12-17,160.0
1924-12-18,160.0
1924-12-19,160.0
1924-12-20,160.0
1924-12-21,160.0
1924-12-22,150.0
1924-12-23,150.0
1924-12-24,150.0
1924-12-25,150.0
1924-12-26,150.0
1924-12-27,150.0
1924-12-28,150.0
1924-12-29,150.0
1924-12-30,150.0
1924-12-31,150.0
1925-01-01,168.0
1925-01-02,168.0
1925-01-03,168.0
1925-01-04,168.0
1925-01-05,168.0
1925-01-06,168.0
1925-01-07,168.0
1925-01-08,168.0
1925-01-09,168.0
1925-01-10,168.0
1925-01-11,168.0
1925-01-12,168.0
1925-01-13,168.0
1925-01-14,168.0
1925-01-15,168.0
1925-01-16,168.0
1925-01-17,168.0
1925-01-18,168.0
1925-01-19,168.0
1925-01-20,168.0
1925-01-21,168.0
1925-01-22,168.0
1925-01-23,168.0
1925-01-24,168.0
1925-01-25,168.0
1925-01-26,168.0
1925-01-27,168.0
1925-01-28,168.0
1925-01-29,168.0
1925-01-30,168.0
1925-01-31,168.0
1925-02-01,148.0
1925-02-02,148.0
1925-02-03,148.0
1925-02-04,148.0
1925-02-05,148.0
1925-02-06,148.0
1925-02-07,148.0
1925-02-08,148.0
1925-02-09,148.0
1925-02-10,148.0
1925-02-11,148.0
1925-02-12,148.0
1925-02-13,148.0
1925-02-14,148.0
1925-02-15,148.0
1925-02-16,148.0
1925-02-17,148.0
1925-02-18,148.0
1925-02-19,148.0
1925-02-20,148.0
1925-02-21,148.0
1925-02-22,148.0
1925-02-23,148.0
1925-02-24,148.0
1925-02-25,148.0
1925-02-26,148.0
1925-02-27,148.0
1925-02-28,148.0
1925-03-01,110.0
1925-03-02,110.0
1925-03-03,110.0
1925-03-04,110.0
1925-03-05,110.0
1925-03-06,110.0
1925-03-07,110.0
1925-03-08,110.0
1925-03-09,110.0
1925-03-10,110.0
1925-03-11,100.0
1925-03-12,100.0
1925-03-13,100.0
1925-03-14,100.0
1925-03-15,100.0
1925-03-16,100.0
1925-03-17,108.0
1925-03-18,105.0
1925-03-19,100.0
1925-03-20,96.0
1925-03-21,92.0
1925-03-22,92.0
1925-03-23,102.0
1925-03-24,108.0
1925-03-25,122.0
1925-03-26,112.0
1925-03-27,90.0
1925-03-28,96.0
1925-03-29,112.0
1925-03-30,125.0
1925-03-31,131.0
1925-04-01,131.0
1925-04-02,138.0
1925-04-03,148.0
1925-04-04,120.0
1925-04-05,118.0
1925-04-06,110.0
1925-04-07,116.0
1925-04-08,112.0
1925-04-09,108.0
1925-04-10,129.0
1925-04-11,127.0
1925-04-12,140.0
1925-04-13,189.0
1925-04-14,189.0
1925-04-15,264.0
1925-04-16,294.0
1925-04-17,315.0
1925-04-18,326.0
1925-04-19,315.0
1925-04-20,287.0
1925-04-21,280.0
1925-04-22,301.0
1925-04-23,326.0
1925-04-24,315.0
1925-04-25,312.0
1925-04-26,301.0
1925-04-27,301.0
1925-04-28,261.0
1925-04-29,246.0
1925-04-30,246.0
1925-05-01,255.0
1925-05-02,261.0
1925-05-03,268.0
1925-05-04,264.0
1925-05-05,258.0
1925-05-06,264.0
1925-05-07,298.0
1925-05-08,336.0
1925-05-09,362.0
1925-05-10,386.0
1925-05-11,402.0
1925-05-12,418.0
1925-05-13,434.0
1925-05-14,442.0
1925-05-15,442.0
1925-05-16,422.0
1925-05-17,410.0
1925-05-18,402.0
1925-05-19,394.0
1925-05-20,378.0
1925-05-21,382.0
1925-05-22,386.0
1925-05-23,386.0
1925-05-24,390.0
1925-05-25,466.0
1925-05-26,474.0
1925-05-27,474.0
1925-05-28,486.0
1925-05-29,474.0
1925-05-30,446.0
1925-05-31,450.0
1925-06-01,450.0
1925-06-02,462.0
1925-06-03,524.0
1925-06-04,524.0
1925-06-05,370.0
1925-06-06,378.0
1925-06-07,398.0
1925-06-08,374.0
1925-06-09,362.0
1925-06-10,490.0
1925-06-11,672.0
1925-06-12,676.0
1925-06-13,654.0
1925-06-14,636.0
1925-06-15,370.0
1925-06-16,315.0
1925-06-17,378.0
1925-06-18,336.0
1925-06-19,290.0
1925-06-20,301.0
1925-06-21,346.0
1925-06-22,354.0
1925-06-23,498.0
1925-06-24,546.0
1925-06-25,506.0
1925-06-26,414.0
1925-06-27,414.0
1925-06-28,370.0
1925-06-29,329.0
1925-06-30,370.0
1925-07-01,358.0
1925-07-02,332.0
1925-07-03,346.0
1925-07-04,370.0
1925-07-05,382.0
1925-07-06,430.0
1925-07-07,474.0
1925-07-08,474.0
1925-07-09,422.0
1925-07-10,358.0
1925-07-11,494.0
1925-07-12,434.0
1925-07-13,343.0
1925-07-14,312.0
1925-07-15,304.0
1925-07-16,274.0
1925-07-17,255.0
1925-07-18,232.0
1925-07-19,220.0
1925-07-20,243.0
1925-07-21,280.0
1925-07-22,482.0
1925-07-23,550.0
1925-07-24,627.0
1925-07-25,494.0
1925-07-26,382.0
1925-07-27,294.0
1925-07-28,234.0
1925-07-29,217.0
1925-07-30,220.0
1925-07-31,264.0
1925-08-01,243.0
1925-08-02,217.0
1925-08-03,214.0
1925-08-04,264.0
1925-08-05,434.0
1925-08-06,519.0
1925-08-07,502.0
1925-08-08,462.0
1925-08-09,422.0
1925-08-10,454.0
1925-08-11,502.0
1925-08-12,546.0
1925-08-13,564.0
1925-08-14,537.0
1925-08-15,486.0
1925-08-16,438.0
1925-08-17,374.0
1925-08-18,350.0
1925-08-19,340.0
1925-08-20,442.0
1925-08-21,394.0
1925-08-22,382.0
1925-08-23,362.0
1925-08-24,390.0
1925-08-25,418.0
1925-08-26,490.0
1925-08-27,486.0
1925-08-28,600.0
1925-08-29,622.0
1925-08-30,591.0
1925-08-31,524.0
1925-09-01,502.0
1925-09-02,486.0
1925-09-03,478.0
1925-09-04,470.0
1925-09-05,450.0
1925-09-06,450.0
1925-09-07,486.0
1925-09-08,450.0
1925-09-09,454.0
1925-09-10,458.0
1925-09-11,442.0
1925-09-12,418.0
1925-09-13,386.0
1925-09-14,358.0
1925-09-15,340.0
1925-09-16,326.0
1925-09-17,329.0
1925-09-18,343.0
1925-09-19,315.0
1925-09-20,304.0
1925-09-21,322.0
1925-09-22,298.0
1925-09-23,315.0
1925-09-24,332.0
1925-09-25,326.0
1925-09-26,362.0
1925-09-27,450.0
1925-09-28,454.0
1925-09-29,414.0
1925-09-30,374.0
1925-10-01,334.0
1925-10-02,298.0
1925-10-03,286.0
1925-10-04,286.0
1925-10-05,292.0
1925-10-06,370.0
1925-10-07,345.0
1925-10-08,317.0
1925-10-09,307.0
1925-10-10,301.0
1925-10-11,314.0
1925-10-12,331.0
1925-10-13,304.0
1925-10-14,314.0
1925-10-15,304.0
1925-10-16,307.0
1925-10-17,310.0
1925-10-18,310.0
1925-10-19,314.0
1925-10-20,342.0
1925-10-21,348.0
1925-10-22,352.0
1925-10-23,359.0
1925-10-24,356.0
1925-10-25,342.0
1925-10-26,338.0
1925-10-27,289.0
1925-10-28,253.0
1925-10-29,212.0
1925-10-30,164.0
1925-10-31,157.0
1925-11-01,155.0
1925-11-02,161.0
1925-11-03,170.0
1925-11-04,162.0
1925-11-05,140.0
1925-11-06,142.0
1925-11-07,157.0
1925-11-08,135.0
1925-11-09,137.0
1925-11-10,142.0
1925-11-11,145.0
1925-11-12,152.0
1925-11-13,140.0
1925-11-14,143.0
1925-11-15,112.0
1925-11-16,129.0
1925-11-17,164.0
1925-11-18,152.0
1925-11-19,135.0
1925-11-20,127.0
1925-11-21,129.0
1925-11-22,126.0
1925-11-23,150.0
1925-11-24,145.0
1925-11-25,138.0
1925-11-26,130.0
1925-11-27,127.0
1925-11-28,121.0
1925-11-29,124.0
1925-11-30,118.0
1925-12-01,124.0
1925-12-02,121.0
1925-12-03,121.0
1925-12-04,102.0
1925-12-05,104.0
1925-12-06,70.0
1925-12-07,70.0
1925-12-08,70.0
1925-12-09,70.0
1925-12-10,70.0
1925-12-11,70.0
1925-12-12,70.0
1925-12-13,70.0
1925-12-14,70.0
1925-12-15,70.0
1925-12-16,70.0
1925-12-17,70.0
1925-12-18,70.0
1925-12-19,70.0
1925-12-20,70.0
1925-12-21,70.0
1925-12-22,70.0
1925-12-23,70.0
1925-12-24,70.0
1925-12-25,70.0
1925-12-26,70.0
1925-12-27,69.0
1925-12-28,69.0
1925-12-29,69.0
1925-12-30,69.0
1925-12-31,69.0
1926-01-01,66.0
1926-01-02,66.0
1926-01-03,66.0
1926-01-04,66.0
1926-01-05,66.0
1926-01-06,66.0
1926-01-07,66.0
1926-01-08,66.0
1926-01-09,66.0
1926-01-10,66.0
1926-01-11,66.0
1926-01-12,66.0
1926-01-13,66.0
1926-01-14,66.0
1926-01-15,66.0
1926-01-16,66.0
1926-01-17,66.0
1926-01-18,66.0
1926-01-19,66.0
1926-01-20,66.0
1926-01-21,66.0
1926-01-22,66.0
1926-01-23,66.0
1926-01-24,66.0
1926-01-25,66.0
1926-01-26,66.0
1926-01-27,66.0
1926-01-28,66.0
1926-01-29,66.0
1926-01-30,66.0
1926-01-31,66.0
1926-02-01,75.0
1926-02-02,75.0
1926-02-03,75.0
1926-02-04,75.0
1926-02-05,75.0
1926-02-06,75.0
1926-02-07,75.0
1926-02-08,75.0
1926-02-09,75.0
1926-02-10,75.0
1926-02-11,75.0
1926-02-12,75.0
1926-02-13,75.0
1926-02-14,75.0
1926-02-15,75.0
1926-02-16,75.0
1926-02-17,75.0
1926-02-18,75.0
1926-02-19,75.0
1926-02-20,75.0
1926-02-21,75.0
1926-02-22,75.0
1926-02-23,75.0
1926-02-24,75.0
1926-02-25,75.0
1926-02-26,75.0
1926-02-27,75.0
1926-02-28,75.0
1926-03-01,110.0
1926-03-02,110.0
1926-03-03,110.0
1926-03-04,110.0
1926-03-05,110.0
1926-03-06,110.0
1926-03-07,110.0
1926-03-08,110.0
1926-03-09,110.0
1926-03-10,110.0
1926-03-11,110.0
1926-03-12,110.0
1926-03-13,110.0
1926-03-14,110.0
1926-03-15,110.0
1926-03-16,110.0
1926-03-17,110.0
1926-03-18,129.0
1926-03-19,122.0
1926-03-20,126.0
1926-03-21,124.0
1926-03-22,106.0
1926-03-23,122.0
1926-03-24,148.0
1926-03-25,114.0
1926-03-26,97.0
1926-03-27,97.0
1926-03-28,95.0
1926-03-29,97.0
1926-03-30,92.0
1926-03-31,97.0
1926-04-01,92.0
1926-04-02,96.0
1926-04-03,108.0
1926-04-04,120.0
1926-04-05,150.0
1926-04-06,179.0
1926-04-07,177.0
1926-04-08,232.0
1926-04-09,189.0
1926-04-10,166.0
1926-04-11,193.0
1926-04-12,202.0
1926-04-13,226.0
1926-04-14,229.0
1926-04-15,259.0
1926-04-16,310.0
1926-04-17,373.0
1926-04-18,388.0
1926-04-19,464.0
1926-04-20,484.0
1926-04-21,660.0
1926-04-22,690.0
1926-04-23,795.0
1926-04-24,745.0
1926-04-25,695.0
1926-04-26,700.0
1926-04-27,785.0
1926-04-28,770.0
1926-04-29,775.0
1926-04-30,780.0
1926-05-01,760.0
1926-05-02,755.0
1926-05-03,760.0
1926-05-04,750.0
1926-05-05,730.0
1926-05-06,830.0
1926-05-07,735.0
1926-05-08,720.0
1926-05-09,655.0
1926-05-10,640.0
1926-05-11,700.0
1926-05-12,670.0
1926-05-13,660.0
1926-05-14,695.0
1926-05-15,730.0
1926-05-16,750.0
1926-05-17,810.0
1926-05-18,1040.0
1926-05-19,1090.0
1926-05-20,1130.0
1926-05-21,1320.0
1926-05-22,1530.0
1926-05-23,1680.0
1926-05-24,1850.0
1926-05-25,2030.0
1926-05-26,2230.0
1926-05-27,2180.0
1926-05-28,2220.0
1926-05-29,2220.0
1926-05-30,1870.0
1926-05-31,1880.0
1926-06-01,2060.0
1926-06-02,2130.0
1926-06-03,2080.0
1926-06-04,2210.0
1926-06-05,2220.0
1926-06-06,2230.0
1926-06-07,2300.0
1926-06-08,2310.0
1926-06-09,2250.0
1926-06-10,2260.0
1926-06-11,2080.0
1926-06-12,1800.0
1926-06-13,1820.0
1926-06-14,1860.0
1926-06-15,1670.0
1926-06-16,1620.0
1926-06-17,1400.0
1926-06-18,1200.0
1926-06-19,1180.0
1926-06-20,1090.0
1926-06-21,978.0
1926-06-22,870.0
1926-06-23,815.0
1926-06-24,805.0
1926-06-25,765.0
1926-06-26,750.0
1926-06-27,715.0
1926-06-28,710.0
1926-06-29,710.0
1926-06-30,760.0
1926-07-01,820.0
1926-07-02,890.0
1926-07-03,875.0
1926-07-04,1010.0
1926-07-05,1340.0
1926-07-06,1390.0
1926-07-07,1310.0
1926-07-08,1190.0
1926-07-09,1090.0
1926-07-10,1120.0
1926-07-11,1020.0
1926-07-12,1020.0
1926-07-13,984.0
1926-07-14,940.0
1926-07-15,840.0
1926-07-16,805.0
1926-07-17,755.0
1926-07-18,705.0
1926-07-19,630.0
1926-07-20,586.0
1926-07-21,600.0
1926-07-22,630.0
1926-07-23,650.0
1926-07-24,680.0
1926-07-25,670.0
1926-07-26,660.0
1926-07-27,595.0
1926-07-28,576.0
1926-07-29,885.0
1926-07-30,918.0
1926-07-31,945.0
1926-08-01,890.0
1926-08-02,820.0
1926-08-03,795.0
1926-08-04,572.0
1926-08-05,586.0
1926-08-06,730.0
1926-08-07,820.0
1926-08-08,918.0
1926-08-09,865.0
1926-08-10,835.0
1926-08-11,815.0
1926-08-12,670.0
1926-08-13,630.0
1926-08-14,620.0
1926-08-15,665.0
1926-08-16,581.0
1926-08-17,518.0
1926-08-18,484.0
1926-08-19,472.0
1926-08-20,424.0
1926-08-21,428.0
1926-08-22,472.0
1926-08-23,460.0
1926-08-24,452.0
1926-08-25,640.0
1926-08-26,615.0
1926-08-27,581.0
1926-08-28,545.0
1926-08-29,568.0
1926-08-30,670.0
1926-08-31,740.0
1926-09-01,545.0
1926-09-02,448.0
1926-09-03,456.0
1926-09-04,492.0
1926-09-05,480.0
1926-09-06,373.0
1926-09-07,286.0
1926-09-08,241.0
1926-09-09,238.0
1926-09-10,226.0
1926-09-11,210.0
1926-09-12,212.0
1926-09-13,210.0
1926-09-14,200.0
1926-09-15,190.0
1926-09-16,180.0
1926-09-17,171.0
1926-09-18,168.0
1926-09-19,166.0
1926-09-20,161.0
1926-09-21,152.0
1926-09-22,145.0
1926-09-23,148.0
1926-09-24,148.0
1926-09-25,152.0
1926-09-26,155.0
1926-09-27,157.0
1926-09-28,162.0
1926-09-29,175.0
1926-09-30,164.0
1926-10-01,164.0
1926-10-02,152.0
1926-10-03,152.0
1926-10-04,154.0
1926-10-05,162.0
1926-10-06,171.0
1926-10-07,159.0
1926-10-08,166.0
1926-10-09,164.0
1926-10-10,166.0
1926-10-11,159.0
1926-10-12,154.0
1926-10-13,154.0
1926-10-14,152.0
1926-10-15,152.0
1926-10-16,152.0
1926-10-17,150.0
1926-10-18,148.0
1926-10-19,157.0
1926-10-20,205.0
1926-10-21,187.0
1926-10-22,183.0
1926-10-23,183.0
1926-10-24,183.0
1926-10-25,183.0
1926-10-26,173.0
1926-10-27,171.0
1926-10-28,173.0
1926-10-29,175.0
1926-10-30,175.0
1926-10-31,185.0
1926-11-01,202.0
1926-11-02,181.0
1926-11-03,200.0
1926-11-04,191.0
1926-11-05,202.0
1926-11-06,218.0
1926-11-07,215.0
1926-11-08,193.0
1926-11-09,179.0
1926-11-10,193.0
1926-11-11,215.0
1926-11-12,210.0
1926-11-13,210.0
1926-11-14,226.0
1926-11-15,200.0
1926-11-16,215.0
1926-11-17,145.0
1926-11-18,143.0
1926-11-19,170.0
1926-11-20,185.0
1926-11-21,175.0
1926-11-22,212.0
1926-11-23,226.0
1926-11-24,205.0
1926-11-25,208.0
1926-11-26,173.0
1926-11-27,200.0
1926-11-28,195.0
1926-11-29,179.0
1926-11-30,210.0
1926-12-01,142.0
1926-12-02,126.0
1926-12-03,126.0
1926-12-04,126.0
1926-12-05,121.0
1926-12-06,120.0
1926-12-07,127.0
1926-12-08,120.0
1926-12-09,114.0
1926-12-10,112.0
1926-12-11,112.0
1926-12-12,110.0
1926-12-13,78.0
1926-12-14,78.0
1926-12-15,78.0
1926-12-16,78.0
1926-12-17,78.0
1926-12-18,78.0
1926-12-19,78.0
1926-12-20,78.0
1926-12-21,78.0
1926-12-22,77.0
1926-12-23,77.0
1926-12-24,77.0
1926-12-25,77.0
1926-12-26,77.0
1926-12-27,77.0
1926-12-28,77.0
1926-12-29,77.0
1926-12-30,77.0
1926-12-31,77.0
1927-01-01,95.0
1927-01-02,95.0
1927-01-03,95.0
1927-01-04,95.0
1927-01-05,95.0
1927-01-06,95.0
1927-01-07,95.0
1927-01-08,95.0
1927-01-09,95.0
1927-01-10,95.0
1927-01-11,95.0
1927-01-12,95.0
1927-01-13,95.0
1927-01-14,95.0
1927-01-15,95.0
1927-01-16,95.0
1927-01-17,95.0
1927-01-18,95.0
1927-01-19,95.0
1927-01-20,95.0
1927-01-21,95.0
1927-01-22,95.0
1927-01-23,95.0
1927-01-24,95.0
1927-01-25,95.0
1927-01-26,95.0
1927-01-27,95.0
1927-01-28,95.0
1927-01-29,95.0
1927-01-30,95.0
1927-01-31,95.0
1927-02-01,118.0
1927-02-02,118.0
1927-02-03,118.0
1927-02-04,118.0
1927-02-05,118.0
1927-02-06,118.0
1927-02-07,118.0
1927-02-08,118.0
1927-02-09,118.0
1927-02-10,118.0
1927-02-11,118.0
1927-02-12,118.0
1927-02-13,118.0
1927-02-14,118.0
1927-02-15,118.0
1927-02-16,118.0
1927-02-17,118.0
1927-02-18,118.0
1927-02-19,118.0
1927-02-20,118.0
1927-02-21,118.0
1927-02-22,118.0
1927-02-23,118.0
1927-02-24,118.0
1927-02-25,118.0
1927-02-26,118.0
1927-02-27,118.0
1927-02-28,118.0
1927-03-01,146.0
1927-03-02,146.0
1927-03-03,146.0
1927-03-04,146.0
1927-03-05,146.0
1927-03-06,146.0
1927-03-07,146.0
1927-03-08,146.0
1927-03-09,146.0
1927-03-10,146.0
1927-03-11,146.0
1927-03-12,146.0
1927-03-13,146.0
1927-03-14,146.0
1927-03-15,146.0
1927-03-16,146.0
1927-03-17,146.0
1927-03-18,146.0
1927-03-19,146.0
1927-03-20,146.0
1927-03-21,146.0
1927-03-22,146.0
1927-03-23,146.0
1927-03-24,146.0
1927-03-25,146.0
1927-03-26,146.0
1927-03-27,146.0
1927-03-28,146.0
1927-03-29,146.0
1927-03-30,146.0
1927-03-31,146.0
1927-04-01,160.0
1927-04-02,160.0
1927-04-03,160.0
1927-04-04,160.0
1927-04-05,160.0
1927-04-06,164.0
1927-04-07,161.0
1927-04-08,177.0
1927-04-09,175.0
1927-04-10,175.0
1927-04-11,187.0
1927-04-12,185.0
1927-04-13,170.0
1927-04-14,162.0
1927-04-15,232.0
1927-04-16,238.0
1927-04-17,259.0
1927-04-18,277.0
1927-04-19,301.0
1927-04-20,304.0
1927-04-21,301.0
1927-04-22,317.0
1927-04-23,314.0
1927-04-24,314.0
1927-04-25,334.0
1927-04-26,362.0
1927-04-27,396.0
1927-04-28,400.0
1927-04-29,554.0
1927-04-30,496.0
1927-05-01,400.0
1927-05-02,416.0
1927-05-03,366.0
1927-05-04,356.0
1927-05-05,348.0
1927-05-06,420.0
1927-05-07,452.0
1927-05-08,509.0
1927-05-09,440.0
1927-05-10,432.0
1927-05-11,472.0
1927-05-12,468.0
1927-05-13,484.0
1927-05-14,518.0
1927-05-15,527.0
1927-05-16,576.0
1927-05-17,600.0
1927-05-18,650.0
1927-05-19,610.0
1927-05-20,610.0
1927-05-21,610.0
1927-05-22,581.0
1927-05-23,550.0
1927-05-24,527.0
1927-05-25,563.0
1927-05-26,572.0
1927-05-27,558.0
1927-05-28,554.0
1927-05-29,550.0
1927-05-30,522.0
1927-05-31,720.0
1927-06-01,715.0
1927-06-02,715.0
1927-06-03,750.0
1927-06-04,805.0
1927-06-05,710.0
1927-06-06,610.0
1927-06-07,610.0
1927-06-08,563.0
1927-06-09,496.0
1927-06-10,476.0
1927-06-11,496.0
1927-06-12,563.0
1927-06-13,630.0
1927-06-14,840.0
1927-06-15,740.0
1927-06-16,901.0
1927-06-17,595.0
1927-06-18,600.0
1927-06-19,600.0
1927-06-20,586.0
1927-06-21,615.0
1927-06-22,620.0
1927-06-23,550.0
1927-06-24,514.0
1927-06-25,500.0
1927-06-26,504.0
1927-06-27,476.0
1927-06-28,576.0
1927-06-29,785.0
1927-06-30,890.0
1927-07-01,1120.0
1927-07-02,1000.0
1927-07-03,670.0
1927-07-04,655.0
1927-07-05,518.0
1927-07-06,456.0
1927-07-07,476.0
1927-07-08,825.0
1927-07-09,972.0
1927-07-10,994.0
1927-07-11,962.0
1927-07-12,1010.0
1927-07-13,1010.0
1927-07-14,860.0
1927-07-15,572.0
1927-07-16,563.0
1927-07-17,370.0
1927-07-18,298.0
1927-07-19,277.0
1927-07-20,259.0
1927-07-21,262.0
1927-07-22,317.0
1927-07-23,404.0
1927-07-24,680.0
1927-07-25,810.0
1927-07-26,645.0
1927-07-27,536.0
1927-07-28,660.0
1927-07-29,785.0
1927-07-30,765.0
1927-07-31,586.0
1927-08-01,590.0
1927-08-02,558.0
1927-08-03,536.0
1927-08-04,590.0
1927-08-05,600.0
1927-08-06,464.0
1927-08-07,436.0
1927-08-08,518.0
1927-08-09,770.0
1927-08-10,554.0
1927-08-11,532.0
1927-08-12,514.0
1927-08-13,563.0
1927-08-14,527.0
1927-08-15,492.0
1927-08-16,317.0
1927-08-17,301.0
1927-08-18,286.0
1927-08-19,345.0
1927-08-20,352.0
1927-08-21,352.0
1927-08-22,456.0
1927-08-23,472.0
1927-08-24,370.0
1927-08-25,359.0
1927-08-26,362.0
1927-08-27,342.0
1927-08-28,328.0
1927-08-29,342.0
1927-08-30,331.0
1927-08-31,317.0
1927-09-01,342.0
1927-09-02,348.0
1927-09-03,345.0
1927-09-04,595.0
1927-09-05,600.0
1927-09-06,590.0
1927-09-07,527.0
1927-09-08,400.0
1927-09-09,232.0
1927-09-10,223.0
1927-09-11,215.0
1927-09-12,215.0
1927-09-13,247.0
1927-09-14,244.0
1927-09-15,277.0
1927-09-16,241.0
1927-09-17,226.0
1927-09-18,229.0
1927-09-19,226.0
1927-09-20,215.0
1927-09-21,179.0
1927-09-22,171.0
1927-09-23,179.0
1927-09-24,244.0
1927-09-25,301.0
1927-09-26,345.0
1927-09-27,338.0
1927-09-28,338.0
1927-09-29,317.0
1927-09-30,301.0
1927-10-01,304.0
1927-10-02,298.0
1927-10-03,292.0
1927-10-04,298.0
1927-10-05,292.0
1927-10-06,271.0
1927-10-07,274.0
1927-10-08,262.0
1927-10-09,244.0
1927-10-10,229.0
1927-10-11,283.0
1927-10-12,310.0
1927-10-13,317.0
1927-10-14,324.0
1927-10-15,310.0
1927-10-16,307.0
1927-10-17,314.0
1927-10-18,310.0
1927-10-19,304.0
1927-10-20,292.0
1927-10-21,265.0
1927-10-22,250.0
1927-10-23,262.0
1927-10-24,259.0
1927-10-25,253.0
1927-10-26,247.0
1927-10-27,247.0
1927-10-28,244.0
1927-10-29,247.0
1927-10-30,244.0
1927-10-31,238.0
1927-11-01,216.0
1927-11-02,203.0
1927-11-03,201.0
1927-11-04,190.0
1927-11-05,184.0
1927-11-06,175.0
1927-11-07,173.0
1927-11-08,184.0
1927-11-09,184.0
1927-11-10,180.0
1927-11-11,176.0
1927-11-12,164.0
1927-11-13,178.0
1927-11-14,182.0
1927-11-15,171.0
1927-11-16,162.0
1927-11-17,184.0
1927-11-18,178.0
1927-11-19,175.0
1927-11-20,178.0
1927-11-21,173.0
1927-11-22,169.0
1927-11-23,169.0
1927-11-24,150.0
1927-11-25,164.0
1927-11-26,142.0
1927-11-27,130.0
1927-11-28,130.0
1927-11-29,131.0
1927-11-30,115.0
1927-12-01,68.0
1927-12-02,68.0
1927-12-03,68.0
1927-12-04,68.0
1927-12-05,68.0
1927-12-06,68.0
1927-12-07,68.0
1927-12-08,68.0
1927-12-09,68.0
1927-12-10,68.0
1927-12-11,68.0
1927-12-12,68.0
1927-12-13,68.0
1927-12-14,68.0
1927-12-15,68.0
1927-12-16,68.0
1927-12-17,68.0
1927-12-18,68.0
1927-12-19,68.0
1927-12-20,68.0
1927-12-21,68.0
1927-12-22,68.0
1927-12-23,68.0
1927-12-24,68.0
1927-12-25,68.0
1927-12-26,68.0
1927-12-27,68.0
1927-12-28,68.0
1927-12-29,68.0
1927-12-30,68.0
1927-12-31,68.0
1928-01-01,105.0
1928-01-02,105.0
1928-01-03,105.0
1928-01-04,105.0
1928-01-05,105.0
1928-01-06,105.0
1928-01-07,105.0
1928-01-08,105.0
1928-01-09,105.0
1928-01-10,105.0
1928-01-11,105.0
1928-01-12,105.0
1928-01-13,105.0
1928-01-14,105.0
1928-01-15,105.0
1928-01-16,105.0
1928-01-17,105.0
1928-01-18,105.0
1928-01-19,105.0
1928-01-20,105.0
1928-01-21,105.0
1928-01-22,105.0
1928-01-23,105.0
1928-01-24,105.0
1928-01-25,105.0
1928-01-26,105.0
1928-01-27,105.0
1928-01-28,105.0
1928-01-29,105.0
1928-01-30,105.0
1928-01-31,105.0
1928-02-01,106.0
1928-02-02,106.0
1928-02-03,106.0
1928-02-04,106.0
1928-02-05,106.0
1928-02-06,106.0
1928-02-07,106.0
1928-02-08,106.0
1928-02-09,106.0
1928-02-10,106.0
1928-02-11,106.0
1928-02-12,106.0
1928-02-13,106.0
1928-02-14,106.0
1928-02-15,106.0
1928-02-16,106.0
1928-02-17,106.0
1928-02-18,106.0
1928-02-19,106.0
1928-02-20,106.0
1928-02-21,106.0
1928-02-22,106.0
1928-02-23,106.0
1928-02-24,106.0
1928-02-25,106.0
1928-02-26,106.0
1928-02-27,106.0
1928-02-28,106.0
1928-02-29,106.0
1928-03-01,140.0
1928-03-02,140.0
1928-03-03,140.0
1928-03-04,140.0
1928-03-05,140.0
1928-03-06,140.0
1928-03-07,140.0
1928-03-08,140.0
1928-03-09,140.0
1928-03-10,140.0
1928-03-11,125.0
1928-03-12,125.0
1928-03-13,125.0
1928-03-14,125.0
1928-03-15,125.0
1928-03-16,106.0
1928-03-17,106.0
1928-03-18,106.0
1928-03-19,106.0
1928-03-20,106.0
1928-03-21,106.0
1928-03-22,106.0
1928-03-23,175.0
1928-03-24,173.0
1928-03-25,164.0
1928-03-26,179.0
1928-03-27,164.0
1928-03-28,157.0
1928-03-29,138.0
1928-03-30,130.0
1928-03-31,130.0
1928-04-01,132.0
1928-04-02,138.0
1928-04-03,142.0
1928-04-04,142.0
1928-04-05,130.0
1928-04-06,118.0
1928-04-07,116.0
1928-04-08,116.0
1928-04-09,116.0
1928-04-10,124.0
1928-04-11,130.0
1928-04-12,124.0
1928-04-13,129.0
1928-04-14,127.0
1928-04-15,127.0
1928-04-16,127.0
1928-04-17,127.0
1928-04-18,134.0
1928-04-19,159.0
1928-04-20,198.0
1928-04-21,210.0
1928-04-22,195.0
1928-04-23,187.0
1928-04-24,195.0
1928-04-25,202.0
1928-04-26,191.0
1928-04-27,250.0
1928-04-28,307.0
1928-04-29,310.0
1928-04-30,328.0
1928-05-01,359.0
1928-05-02,509.0
1928-05-03,581.0
1928-05-04,452.0
1928-05-05,444.0
1928-05-06,444.0
1928-05-07,496.0
1928-05-08,563.0
1928-05-09,540.0
1928-05-10,572.0
1928-05-11,522.0
1928-05-12,484.0
1928-05-13,362.0
1928-05-14,705.0
1928-05-15,820.0
1928-05-16,780.0
1928-05-17,790.0
1928-05-18,770.0
1928-05-19,720.0
1928-05-20,705.0
1928-05-21,730.0
1928-05-22,680.0
1928-05-23,700.0
1928-05-24,680.0
1928-05-25,870.0
1928-05-26,1020.0
1928-05-27,1170.0
1928-05-28,1350.0
1928-05-29,1730.0
1928-05-30,1880.0
1928-05-31,1840.0
1928-06-01,1760.0
1928-06-02,1690.0
1928-06-03,1840.0
1928-06-04,1870.0
1928-06-05,1700.0
1928-06-06,1350.0
1928-06-07,1150.0
1928-06-08,1060.0
1928-06-09,989.0
1928-06-10,945.0
1928-06-11,967.0
1928-06-12,912.0
1928-06-13,923.0
1928-06-14,967.0
1928-06-15,978.0
1928-06-16,895.0
1928-06-17,776.0
1928-06-18,688.0
1928-06-19,649.0
1928-06-20,611.0
1928-06-21,587.0
1928-06-22,549.0
1928-06-23,511.0
1928-06-24,478.0
1928-06-25,455.0
1928-06-26,446.0
1928-06-27,659.0
1928-06-28,693.0
1928-06-29,786.0
1928-06-30,625.0
1928-07-01,577.0
1928-07-02,568.0
1928-07-03,544.0
1928-07-04,415.0
1928-07-05,339.0
1928-07-06,582.0
1928-07-07,606.0
1928-07-08,601.0
1928-07-09,587.0
1928-07-10,582.0
1928-07-11,535.0
1928-07-12,331.0
1928-07-13,310.0
1928-07-14,346.0
1928-07-15,530.0
1928-07-16,424.0
1928-07-17,469.0
1928-07-18,516.0
1928-07-19,925.0
1928-07-20,920.0
1928-07-21,850.0
1928-07-22,905.0
1928-07-23,805.0
1928-07-24,732.0
1928-07-25,751.0
1928-07-26,800.0
1928-07-27,693.0
1928-07-28,596.0
1928-07-29,611.0
1928-07-30,732.0
1928-07-31,880.0
1928-08-01,746.0
1928-08-02,549.0
1928-08-03,587.0
1928-08-04,591.0
1928-08-05,577.0
1928-08-06,460.0
1928-08-07,469.0
1928-08-08,446.0
1928-08-09,402.0
1928-08-10,381.0
1928-08-11,357.0
1928-08-12,342.0
1928-08-13,335.0
1928-08-14,377.0
1928-08-15,385.0
1928-08-16,402.0
1928-08-17,460.0
1928-08-18,606.0
1928-08-19,615.0
1928-08-20,544.0
1928-08-21,530.0
1928-08-22,525.0
1928-08-23,539.0
1928-08-24,554.0
1928-08-25,455.0
1928-08-26,335.0
1928-08-27,281.0
1928-08-28,261.0
1928-08-29,270.0
1928-08-30,294.0
1928-08-31,261.0
1928-09-01,349.0
1928-09-02,294.0
1928-09-03,209.0
1928-09-04,205.0
1928-09-05,205.0
1928-09-06,180.0
1928-09-07,171.0
1928-09-08,164.0
1928-09-09,153.0
1928-09-10,147.0
1928-09-11,148.0
1928-09-12,126.0
1928-09-13,121.0
1928-09-14,218.0
1928-09-15,223.0
1928-09-16,225.0
1928-09-17,223.0
1928-09-18,225.0
1928-09-19,230.0
1928-09-20,225.0
1928-09-21,255.0
1928-09-22,267.0
1928-09-23,264.0
1928-09-24,245.0
1928-09-25,228.0
1928-09-26,221.0
1928-09-27,218.0
1928-09-28,223.0
1928-09-29,228.0
1928-09-30,225.0
1928-10-01,222.0
1928-10-02,238.0
1928-10-03,219.0
1928-10-04,190.0
1928-10-05,192.0
1928-10-06,188.0
1928-10-07,213.0
1928-10-08,233.0
1928-10-09,230.0
1928-10-10,210.0
1928-10-11,197.0
1928-10-12,202.0
1928-10-13,210.0
1928-10-14,219.0
1928-10-15,238.0
1928-10-16,255.0
1928-10-17,253.0
1928-10-18,192.0
1928-10-19,192.0
1928-10-20,185.0
1928-10-21,183.0
1928-10-22,180.0
1928-10-23,210.0
1928-10-24,197.0
1928-10-25,192.0
1928-10-26,147.0
1928-10-27,149.0
1928-10-28,149.0
1928-10-29,173.0
1928-10-30,208.0
1928-10-31,149.0
1928-11-01,162.0
1928-11-02,164.0
1928-11-03,132.0
1928-11-04,153.0
1928-11-05,164.0
1928-11-06,192.0
1928-11-07,210.0
1928-11-08,192.0
1928-11-09,113.0
1928-11-10,104.0
1928-11-11,108.0
1928-11-12,106.0
1928-11-13,108.0
1928-11-14,104.0
1928-11-15,216.0
1928-11-16,130.0
1928-11-17,76.0
1928-11-18,71.0
1928-11-19,59.0
1928-11-20,58.0
1928-11-21,68.0
1928-11-22,88.0
1928-11-23,95.0
1928-11-24,94.0
1928-11-25,92.0
1928-11-26,83.0
1928-11-27,71.0
1928-11-28,82.0
1928-11-29,54.0
1928-11-30,48.0
1928-12-01,78.0
1928-12-02,78.0
1928-12-03,78.0
1928-12-04,78.0
1928-12-05,78.0
1928-12-06,78.0
1928-12-07,78.0
1928-12-08,78.0
1928-12-09,78.0
1928-12-10,78.0
1928-12-11,78.0
1928-12-12,78.0
1928-12-13,78.0
1928-12-14,78.0
1928-12-15,78.0
1928-12-16,78.0
1928-12-17,78.0
1928-12-18,78.0
1928-12-19,78.0
1928-12-20,78.0
1928-12-21,78.0
1928-12-22,78.0
1928-12-23,78.0
1928-12-24,78.0
1928-12-25,78.0
1928-12-26,78.0
1928-12-27,78.0
1928-12-28,78.0
1928-12-29,78.0
1928-12-30,78.0
1928-12-31,78.0
1929-01-01,94.0
1929-01-02,94.0
1929-01-03,94.0
1929-01-04,94.0
1929-01-05,94.0
1929-01-06,94.0
1929-01-07,94.0
1929-01-08,94.0
1929-01-09,94.0
1929-01-10,94.0
1929-01-11,94.0
1929-01-12,94.0
1929-01-13,94.0
1929-01-14,94.0
1929-01-15,94.0
1929-01-16,94.0
1929-01-17,94.0
1929-01-18,94.0
1929-01-19,94.0
1929-01-20,94.0
1929-01-21,94.0
1929-01-22,94.0
1929-01-23,94.0
1929-01-24,94.0
1929-01-25,94.0
1929-01-26,94.0
1929-01-27,94.0
1929-01-28,94.0
1929-01-29,94.0
1929-01-30,94.0
1929-01-31,94.0
1929-02-01,93.0
1929-02-02,93.0
1929-02-03,93.0
1929-02-04,93.0
1929-02-05,93.0
1929-02-06,93.0
1929-02-07,93.0
1929-02-08,93.0
1929-02-09,93.0
1929-02-10,93.0
1929-02-11,93.0
1929-02-12,93.0
1929-02-13,93.0
1929-02-14,93.0
1929-02-15,93.0
1929-02-16,93.0
1929-02-17,93.0
1929-02-18,93.0
1929-02-19,93.0
1929-02-20,93.0
1929-02-21,93.0
1929-02-22,93.0
1929-02-23,93.0
1929-02-24,93.0
1929-02-25,93.0
1929-02-26,93.0
1929-02-27,93.0
1929-02-28,93.0
1929-03-01,108.0
1929-03-02,108.0
1929-03-03,108.0
1929-03-04,108.0
1929-03-05,108.0
1929-03-06,108.0
1929-03-07,108.0
1929-03-08,108.0
1929-03-09,108.0
1929-03-10,108.0
1929-03-11,108.0
1929-03-12,108.0
1929-03-13,108.0
1929-03-14,108.0
1929-03-15,108.0
1929-03-16,108.0
1929-03-17,108.0
1929-03-18,108.0
1929-03-19,108.0
1929-03-20,108.0
1929-03-21,108.0
1929-03-22,108.0
1929-03-23,108.0
1929-03-24,108.0
1929-03-25,108.0
1929-03-26,108.0
1929-03-27,108.0
1929-03-28,108.0
1929-03-29,108.0
1929-03-30,108.0
1929-03-31,108.0
1929-04-01,159.0
1929-04-02,155.0
1929-04-03,171.0
1929-04-04,185.0
1929-04-05,194.0
1929-04-06,179.0
1929-04-07,158.0
1929-04-08,146.0
1929-04-09,122.0
1929-04-10,112.0
1929-04-11,85.0
1929-04-12,155.0
1929-04-13,132.0
1929-04-14,130.0
1929-04-15,118.0
1929-04-16,131.0
1929-04-17,133.0
1929-04-18,155.0
1929-04-19,162.0
1929-04-20,171.0
1929-04-21,140.0
1929-04-22,126.0
1929-04-23,123.0
1929-04-24,123.0
1929-04-25,123.0
1929-04-26,119.0
1929-04-27,123.0
1929-04-28,130.0
1929-04-29,140.0
1929-04-30,151.0
1929-05-01,155.0
1929-05-02,142.0
1929-05-03,147.0
1929-05-04,151.0
1929-05-05,160.0
1929-05-06,190.0
1929-05-07,202.0
1929-05-08,213.0
1929-05-09,236.0
1929-05-10,264.0
1929-05-11,274.0
1929-05-12,250.0
1929-05-13,236.0
1929-05-14,284.0
1929-05-15,331.0
1929-05-16,405.0
1929-05-17,331.0
1929-05-18,341.0
1929-05-19,327.0
1929-05-20,338.0
1929-05-21,383.0
1929-05-22,381.0
1929-05-23,387.0
1929-05-24,460.0
1929-05-25,448.0
1929-05-26,481.0
1929-05-27,424.0
1929-05-28,405.0
1929-05-29,436.0
1929-05-30,369.0
1929-05-31,402.0
1929-06-01,424.0
1929-06-02,460.0
1929-06-03,409.0
1929-06-04,428.0
1929-06-05,503.0
1929-06-06,440.0
1929-06-07,418.0
1929-06-08,432.0
1929-06-09,436.0
1929-06-10,413.0
1929-06-11,390.0
1929-06-12,417.0
1929-06-13,398.0
1929-06-14,413.0
1929-06-15,452.0
1929-06-16,362.0
1929-06-17,348.0
1929-06-18,376.0
1929-06-19,405.0
1929-06-20,324.0
1929-06-21,503.0
1929-06-22,795.0
1929-06-23,808.0
1929-06-24,755.0
1929-06-25,822.0
1929-06-26,729.0
1929-06-27,775.0
1929-06-28,782.0
1929-06-29,536.0
1929-06-30,440.0
1929-07-01,402.0
1929-07-02,456.0
1929-07-03,448.0
1929-07-04,440.0
1929-07-05,424.0
1929-07-06,428.0
1929-07-07,421.0
1929-07-08,405.0
1929-07-09,405.0
1929-07-10,421.0
1929-07-11,424.0
1929-07-12,394.0
1929-07-13,369.0
1929-07-14,405.0
1929-07-15,468.0
1929-07-16,508.0
1929-07-17,526.0
1929-07-18,609.0
1929-07-19,666.0
1929-07-20,609.0
1929-07-21,551.0
1929-07-22,432.0
1929-07-23,815.0
1929-07-24,1140.0
1929-07-25,729.0
1929-07-26,691.0
1929-07-27,678.0
1929-07-28,742.0
1929-07-29,950.0
1929-07-30,878.0
1929-07-31,775.0
1929-08-01,755.0
1929-08-02,1170.0
1929-08-03,1690.0
1929-08-04,1520.0
1929-08-05,1810.0
1929-08-06,1660.0
1929-08-07,1640.0
1929-08-08,1980.0
1929-08-09,2220.0
1929-08-10,1850.0
1929-08-11,1530.0
1929-08-12,1250.0
1929-08-13,1060.0
1929-08-14,907.0
1929-08-15,822.0
1929-08-16,762.0
1929-08-17,762.0
1929-08-18,775.0
1929-08-19,788.0
1929-08-20,762.0
1929-08-21,710.0
1929-08-22,704.0
1929-08-23,736.0
1929-08-24,775.0
1929-08-25,843.0
1929-08-26,843.0
1929-08-27,749.0
1929-08-28,1080.0
1929-08-29,1240.0
1929-08-30,1120.0
1929-08-31,936.0
1929-09-01,892.0
1929-09-02,850.0
1929-09-03,836.0
1929-09-04,704.0
1929-09-05,716.0
1929-09-06,782.0
1929-09-07,928.0
1929-09-08,1040.0
1929-09-09,1100.0
1929-09-10,985.0
1929-09-11,878.0
1929-09-12,822.0
1929-09-13,632.0
1929-09-14,620.0
1929-09-15,609.0
1929-09-16,577.0
1929-09-17,556.0
1929-09-18,541.0
1929-09-19,526.0
1929-09-20,541.0
1929-09-21,546.0
1929-09-22,577.0
1929-09-23,643.0
1929-09-24,541.0
1929-09-25,494.0
1929-09-26,481.0
1929-09-27,481.0
1929-09-28,531.0
1929-09-29,526.0
1929-09-30,498.0
1929-10-01,492.0
1929-10-02,457.0
1929-10-03,457.0
1929-10-04,457.0
1929-10-05,441.0
1929-10-06,437.0
1929-10-07,422.0
1929-10-08,404.0
1929-10-09,397.0
1929-10-10,390.0
1929-10-11,411.0
1929-10-12,425.0
1929-10-13,324.0
1929-10-14,288.0
1929-10-15,283.0
1929-10-16,290.0
1929-10-17,285.0
1929-10-18,273.0
1929-10-19,260.0
1929-10-20,258.0
1929-10-21,248.0
1929-10-22,240.0
1929-10-23,228.0
1929-10-24,220.0
1929-10-25,220.0
1929-10-26,233.0
1929-10-27,290.0
1929-10-28,310.0
1929-10-29,350.0
1929-10-30,410.0
1929-10-31,240.0
1929-11-01,203.0
1929-11-02,173.0
1929-11-03,227.0
1929-11-04,177.0
1929-11-05,208.0
1929-11-06,198.0
1929-11-07,210.0
1929-11-08,155.0
1929-11-09,155.0
1929-11-10,155.0
1929-11-11,155.0
1929-11-12,155.0
1929-11-13,155.0
1929-11-14,155.0
1929-11-15,155.0
1929-11-16,155.0
1929-11-17,155.0
1929-11-18,155.0
1929-11-19,155.0
1929-11-20,154.0
1929-11-21,154.0
1929-11-22,154.0
1929-11-23,154.0
1929-11-24,154.0
1929-11-25,154.0
1929-11-26,154.0
1929-11-27,154.0
1929-11-28,154.0
1929-11-29,154.0
1929-11-30,154.0
1929-12-01,136.0
1929-12-02,136.0
1929-12-03,136.0
1929-12-04,136.0
1929-12-05,136.0
1929-12-06,136.0
1929-12-07,136.0
1929-12-08,136.0
1929-12-09,136.0
1929-12-10,136.0
1929-12-11,136.0
1929-12-12,136.0
1929-12-13,136.0
1929-12-14,136.0
1929-12-15,136.0
1929-12-16,136.0
1929-12-17,136.0
1929-12-18,136.0
1929-12-19,136.0
1929-12-20,136.0
1929-12-21,136.0
1929-12-22,136.0
1929-12-23,136.0
1929-12-24,136.0
1929-12-25,136.0
1929-12-26,136.0
1929-12-27,136.0
1929-12-28,136.0
1929-12-29,136.0
1929-12-30,136.0
1929-12-31,136.0
1930-01-01,116.0
1930-01-02,116.0
1930-01-03,116.0
1930-01-04,116.0
1930-01-05,116.0
1930-01-06,116.0
1930-01-07,116.0
1930-01-08,116.0
1930-01-09,116.0
1930-01-10,116.0
1930-01-11,116.0
1930-01-12,116.0
1930-01-13,116.0
1930-01-14,116.0
1930-01-15,116.0
1930-01-16,116.0
1930-01-17,116.0
1930-01-18,116.0
1930-01-19,116.0
1930-01-20,116.0
1930-01-21,116.0
1930-01-22,116.0
1930-01-23,116.0
1930-01-24,116.0
1930-01-25,116.0
1930-01-26,116.0
1930-01-27,116.0
1930-01-28,116.0
1930-01-29,116.0
1930-01-30,116.0
1930-01-31,116.0
1930-02-01,138.0
1930-02-02,138.0
1930-02-03,138.0
1930-02-04,138.0
1930-02-05,138.0
1930-02-06,138.0
1930-02-07,138.0
1930-02-08,138.0
1930-02-09,138.0
1930-02-10,138.0
1930-02-11,138.0
1930-02-12,138.0
1930-02-13,138.0
1930-02-14,138.0
1930-02-15,138.0
1930-02-16,138.0
1930-02-17,138.0
1930-02-18,138.0
1930-02-19,138.0
1930-02-20,138.0
1930-02-21,138.0
1930-02-22,138.0
1930-02-23,138.0
1930-02-24,138.0
1930-02-25,138.0
1930-02-26,138.0
1930-02-27,138.0
1930-02-28,138.0
1930-03-01,107.0
1930-03-02,107.0
1930-03-03,107.0
1930-03-04,107.0
1930-03-05,107.0
1930-03-06,107.0
1930-03-07,107.0
1930-03-08,107.0
1930-03-09,107.0
1930-03-10,107.0
1930-03-11,107.0
1930-03-12,107.0
1930-03-13,107.0
1930-03-14,107.0
1930-03-15,107.0
1930-03-16,107.0
1930-03-17,107.0
1930-03-18,107.0
1930-03-19,107.0
1930-03-20,107.0
1930-03-21,107.0
1930-03-22,107.0
1930-03-23,107.0
1930-03-24,107.0
1930-03-25,107.0
1930-03-26,107.0
1930-03-27,107.0
1930-03-28,107.0
1930-03-29,107.0
1930-03-30,107.0
1930-03-31,107.0
1930-04-01,150.0
1930-04-02,150.0
1930-04-03,150.0
1930-04-04,150.0
1930-04-05,150.0
1930-04-06,150.0
1930-04-07,150.0
1930-04-08,150.0
1930-04-09,150.0
1930-04-10,150.0
1930-04-11,340.0
1930-04-12,340.0
1930-04-13,340.0
1930-04-14,340.0
1930-04-15,433.0
1930-04-16,418.0
1930-04-17,359.0
1930-04-18,327.0
1930-04-19,330.0
1930-04-20,327.0
1930-04-21,348.0
1930-04-22,376.0
1930-04-23,394.0
1930-04-24,394.0
1930-04-25,437.0
1930-04-26,437.0
1930-04-27,433.0
1930-04-28,415.0
1930-04-29,383.0
1930-04-30,376.0
1930-05-01,373.0
1930-05-02,362.0
1930-05-03,376.0
1930-05-04,358.0
1930-05-05,338.0
1930-05-06,331.0
1930-05-07,314.0
1930-05-08,299.0
1930-05-09,275.0
1930-05-10,263.0
1930-05-11,265.0
1930-05-12,265.0
1930-05-13,278.0
1930-05-14,273.0
1930-05-15,285.0
1930-05-16,369.0
1930-05-17,492.0
1930-05-18,575.0
1930-05-19,635.0
1930-05-20,625.0
1930-05-21,672.0
1930-05-22,640.0
1930-05-23,545.0
1930-05-24,600.0
1930-05-25,605.0
1930-05-26,640.0
1930-05-27,615.0
1930-05-28,575.0
1930-05-29,620.0
1930-05-30,750.0
1930-05-31,948.0
1930-06-01,990.0
1930-06-02,1080.0
1930-06-03,1100.0
1930-06-04,630.0
1930-06-05,1170.0
1930-06-06,550.0
1930-06-07,580.0
1930-06-08,565.0
1930-06-09,666.0
1930-06-10,768.0
1930-06-11,899.0
1930-06-12,920.0
1930-06-13,738.0
1930-06-14,678.0
1930-06-15,732.0
1930-06-16,829.0
1930-06-17,762.0
1930-06-18,645.0
1930-06-19,787.0
1930-06-20,934.0
1930-06-21,885.0
1930-06-22,794.0
1930-06-23,666.0
1930-06-24,678.0
1930-06-25,590.0
1930-06-26,492.0
1930-06-27,492.0
1930-06-28,441.0
1930-06-29,425.0
1930-06-30,672.0
1930-07-01,801.0
1930-07-02,768.0
1930-07-03,768.0
1930-07-04,726.0
1930-07-05,684.0
1930-07-06,666.0
1930-07-07,702.0
1930-07-08,690.0
1930-07-09,714.0
1930-07-10,684.0
1930-07-11,696.0
1930-07-12,808.0
1930-07-13,1080.0
1930-07-14,934.0
1930-07-15,1130.0
1930-07-16,998.0
1930-07-17,565.0
1930-07-18,660.0
1930-07-19,525.0
1930-07-20,465.0
1930-07-21,655.0
1930-07-22,1010.0
1930-07-23,906.0
1930-07-24,732.0
1930-07-25,515.0
1930-07-26,535.0
1930-07-27,525.0
1930-07-28,600.0
1930-07-29,998.0
1930-07-30,1540.0
1930-07-31,1760.0
1930-08-01,1580.0
1930-08-02,1530.0
1930-08-03,1350.0
1930-08-04,1090.0
1930-08-05,1060.0
1930-08-06,1290.0
1930-08-07,1320.0
1930-08-08,1200.0
1930-08-09,998.0
1930-08-10,1090.0
1930-08-11,1180.0
1930-08-12,1550.0
1930-08-13,1730.0
1930-08-14,2010.0
1930-08-15,1850.0
1930-08-16,1390.0
1930-08-17,1360.0
1930-08-18,1200.0
1930-08-19,962.0
1930-08-20,906.0
1930-08-21,871.0
1930-08-22,878.0
1930-08-23,836.0
1930-08-24,892.0
1930-08-25,762.0
1930-08-26,843.0
1930-08-27,892.0
1930-08-28,801.0
1930-08-29,787.0
1930-08-30,843.0
1930-08-31,660.0
1930-09-01,630.0
1930-09-02,580.0
1930-09-03,555.0
1930-09-04,570.0
1930-09-05,585.0
1930-09-06,585.0
1930-09-07,590.0
1930-09-08,640.0
1930-09-09,630.0
1930-09-10,650.0
1930-09-11,510.0
1930-09-12,470.0
1930-09-13,483.0
1930-09-14,453.0
1930-09-15,418.0
1930-09-16,411.0
1930-09-17,421.0
1930-09-18,449.0
1930-09-19,401.0
1930-09-20,355.0
1930-09-21,334.0
1930-09-22,324.0
1930-09-23,334.0
1930-09-24,344.0
1930-09-25,610.0
1930-09-26,592.0
1930-09-27,575.0
1930-09-28,555.0
1930-09-29,560.0
1930-09-30,615.0
1930-10-01,404.0
1930-10-02,369.0
1930-10-03,386.0
1930-10-04,488.0
1930-10-05,496.0
1930-10-06,394.0
1930-10-07,411.0
1930-10-08,414.0
1930-10-09,418.0
1930-10-10,390.0
1930-10-11,348.0
1930-10-12,404.0
1930-10-13,433.0
1930-10-14,425.0
1930-10-15,383.0
1930-10-16,358.0
1930-10-17,358.0
1930-10-18,317.0
1930-10-19,293.0
1930-10-20,290.0
1930-10-21,288.0
1930-10-22,285.0
1930-10-23,240.0
1930-10-24,193.0
1930-10-25,186.0
1930-10-26,182.0
1930-10-27,174.0
1930-10-28,180.0
1930-10-29,171.0
1930-10-30,170.0
1930-10-31,171.0
1930-11-01,174.0
1930-11-02,171.0
1930-11-03,174.0
1930-11-04,170.0
1930-11-05,166.0
1930-11-06,171.0
1930-11-07,168.0
1930-11-08,160.0
1930-11-09,160.0
1930-11-10,163.0
1930-11-11,158.0
1930-11-12,155.0
1930-11-13,163.0
1930-11-14,154.0
1930-11-15,144.0
1930-11-16,128.0
1930-11-17,138.0
1930-11-18,146.0
1930-11-19,131.0
1930-11-20,118.0
1930-11-21,120.0
1930-11-22,106.0
1930-11-23,102.0
1930-11-24,102.0
1930-11-25,112.0
1930-11-26,104.0
1930-11-27,104.0
1930-11-28,105.0
1930-11-29,108.0
1930-11-30,110.0
1930-12-01,120.0
1930-12-02,120.0
1930-12-03,120.0
1930-12-04,120.0
1930-12-05,120.0
1930-12-06,120.0
1930-12-07,120.0
1930-12-08,120.0
1930-12-09,120.0
1930-12-10,120.0
1930-12-11,120.0
1930-12-12,120.0
1930-12-13,120.0
1930-12-14,120.0
1930-12-15,120.0
1930-12-16,120.0
1930-12-17,120.0
1930-12-18,120.0
1930-12-19,120.0
1930-12-20,120.0
1930-12-21,120.0
1930-12-22,120.0
1930-12-23,120.0
1930-12-24,120.0
1930-12-25,120.0
1930-12-26,120.0
1930-12-27,120.0
1930-12-28,120.0
1930-12-29,120.0
1930-12-30,120.0
1930-12-31,120.0
1931-01-01,95.0
1931-01-02,95.0
1931-01-03,95.0
1931-01-04,95.0
1931-01-05,95.0
1931-01-06,95.0
1931-01-07,95.0
1931-01-08,95.0
1931-01-09,95.0
1931-01-10,95.0
1931-01-11,95.0
1931-01-12,95.0
1931-01-13,95.0
1931-01-14,95.0
1931-01-15,95.0
1931-01-16,95.0
1931-01-17,95.0
1931-01-18,95.0
1931-01-19,95.0
1931-01-20,95.0
1931-01-21,95.0
1931-01-22,95.0
1931-01-23,95.0
1931-01-24,95.0
1931-01-25,95.0
1931-01-26,95.0
1931-01-27,95.0
1931-01-28,95.0
1931-01-29,95.0
1931-01-30,95.0
1931-01-31,95.0
1931-02-01,110.0
1931-02-02,110.0
1931-02-03,110.0
1931-02-04,110.0
1931-02-05,110.0
1931-02-06,110.0
1931-02-07,110.0
1931-02-08,110.0
1931-02-09,110.0
1931-02-10,110.0
1931-02-11,110.0
1931-02-12,110.0
1931-02-13,110.0
1931-02-14,110.0
1931-02-15,110.0
1931-02-16,110.0
1931-02-17,110.0
1931-02-18,110.0
1931-02-19,110.0
1931-02-20,110.0
1931-02-21,110.0
1931-02-22,110.0
1931-02-23,110.0
1931-02-24,110.0
1931-02-25,110.0
1931-02-26,110.0
1931-02-27,110.0
1931-02-28,110.0
1931-03-01,115.0
1931-03-02,115.0
1931-03-03,115.0
1931-03-04,115.0
1931-03-05,115.0
1931-03-06,115.0
1931-03-07,115.0
1931-03-08,115.0
1931-03-09,115.0
1931-03-10,115.0
1931-03-11,115.0
1931-03-12,115.0
1931-03-13,115.0
1931-03-14,115.0
1931-03-15,115.0
1931-03-16,115.0
1931-03-17,115.0
1931-03-18,115.0
1931-03-19,115.0
1931-03-20,115.0
1931-03-21,115.0
1931-03-22,115.0
1931-03-23,115.0
1931-03-24,115.0
1931-03-25,115.0
1931-03-26,115.0
1931-03-27,115.0
1931-03-28,115.0
1931-03-29,115.0
1931-03-30,115.0
1931-03-31,115.0
1931-04-01,140.0
1931-04-02,140.0
1931-04-03,140.0
1931-04-04,140.0
1931-04-05,140.0
1931-04-06,190.0
1931-04-07,190.0
1931-04-08,190.0
1931-04-09,190.0
1931-04-10,190.0
1931-04-11,220.0
1931-04-12,220.0
1931-04-13,220.0
1931-04-14,220.0
1931-04-15,220.0
1931-04-16,275.0
1931-04-17,358.0
1931-04-18,352.0
1931-04-19,352.0
1931-04-20,362.0
1931-04-21,305.0
1931-04-22,270.0
1931-04-23,235.0
1931-04-24,225.0
1931-04-25,242.0
1931-04-26,218.0
1931-04-27,235.0
1931-04-28,262.0
1931-04-29,282.0
1931-04-30,317.0
1931-05-01,383.0
1931-05-02,429.0
1931-05-03,530.0
1931-05-04,615.0
1931-05-05,672.0
1931-05-06,666.0
1931-05-07,655.0
1931-05-08,620.0
1931-05-09,575.0
1931-05-10,565.0
1931-05-11,525.0
1931-05-12,520.0
1931-05-13,510.0
1931-05-14,530.0
1931-05-15,600.0
1931-05-16,696.0
1931-05-17,750.0
1931-05-18,850.0
1931-05-19,714.0
1931-05-20,672.0
1931-05-21,645.0
1931-05-22,635.0
1931-05-23,857.0
1931-05-24,1010.0
1931-05-25,1080.0
1931-05-26,1070.0
1931-05-27,1050.0
1931-05-28,1010.0
1931-05-29,969.0
1931-05-30,934.0
1931-05-31,913.0
1931-06-01,906.0
1931-06-02,871.0
1931-06-03,836.0
1931-06-04,829.0
1931-06-05,857.0
1931-06-06,878.0
1931-06-07,899.0
1931-06-08,857.0
1931-06-09,756.0
1931-06-10,762.0
1931-06-11,780.0
1931-06-12,774.0
1931-06-13,720.0
1931-06-14,645.0
1931-06-15,600.0
1931-06-16,610.0
1931-06-17,575.0
1931-06-18,585.0
1931-06-19,545.0
1931-06-20,474.0
1931-06-21,465.0
1931-06-22,461.0
1931-06-23,550.0
1931-06-24,762.0
1931-06-25,756.0
1931-06-26,762.0
1931-06-27,864.0
1931-06-28,1010.0
1931-06-29,941.0
1931-06-30,1060.0
1931-07-01,1280.0
1931-07-02,983.0
1931-07-03,962.0
1931-07-04,756.0
1931-07-05,560.0
1931-07-06,520.0
1931-07-07,478.0
1931-07-08,441.0
1931-07-09,408.0
1931-07-10,383.0
1931-07-11,366.0
1931-07-12,348.0
1931-07-13,330.0
1931-07-14,338.0
1931-07-15,411.0
1931-07-16,408.0
1931-07-17,425.0
1931-07-18,690.0
1931-07-19,801.0
1931-07-20,885.0
1931-07-21,808.0
1931-07-22,750.0
1931-07-23,386.0
1931-07-24,478.0
1931-07-25,457.0
1931-07-26,457.0
1931-07-27,470.0
1931-07-28,515.0
1931-07-29,620.0
1931-07-30,666.0
1931-07-31,672.0
1931-08-01,750.0
1931-08-02,708.0
1931-08-03,726.0
1931-08-04,630.0
1931-08-05,600.0
1931-08-06,605.0
1931-08-07,433.0
1931-08-08,408.0
1931-08-09,394.0
1931-08-10,449.0
1931-08-11,492.0
1931-08-12,465.0
1931-08-13,414.0
1931-08-14,369.0
1931-08-15,376.0
1931-08-16,404.0
1931-08-17,470.0
1931-08-18,383.0
1931-08-19,352.0
1931-08-20,317.0
1931-08-21,305.0
1931-08-22,565.0
1931-08-23,605.0
1931-08-24,565.0
1931-08-25,520.0
1931-08-26,330.0
1931-08-27,248.0
1931-08-28,240.0
1931-08-29,235.0
1931-08-30,265.0
1931-08-31,358.0
1931-09-01,338.0
1931-09-02,280.0
1931-09-03,248.0
1931-09-04,238.0
1931-09-05,235.0
1931-09-06,232.0
1931-09-07,238.0
1931-09-08,235.0
1931-09-09,213.0
1931-09-10,209.0
1931-09-11,207.0
1931-09-12,228.0
1931-09-13,209.0
1931-09-14,205.0
1931-09-15,205.0
1931-09-16,180.0
1931-09-17,182.0
1931-09-18,195.0
1931-09-19,199.0
1931-09-20,209.0
1931-09-21,215.0
1931-09-22,209.0
1931-09-23,213.0
1931-09-24,211.0
1931-09-25,207.0
1931-09-26,207.0
1931-09-27,203.0
1931-09-28,201.0
1931-09-29,199.0
1931-09-30,205.0
1931-10-01,203.0
1931-10-02,222.0
1931-10-03,236.0
1931-10-04,216.0
1931-10-05,203.0
1931-10-06,195.0
1931-10-07,190.0
1931-10-08,188.0
1931-10-09,193.0
1931-10-10,216.0
1931-10-11,233.0
1931-10-12,247.0
1931-10-13,247.0
1931-10-14,230.0
1931-10-15,180.0
1931-10-16,168.0
1931-10-17,155.0
1931-10-18,153.0
1931-10-19,157.0
1931-10-20,185.0
1931-10-21,206.0
1931-10-22,219.0
1931-10-23,219.0
1931-10-24,227.0
1931-10-25,222.0
1931-10-26,216.0
1931-10-27,211.0
1931-10-28,188.0
1931-10-29,180.0
1931-10-30,130.0
1931-10-31,125.0
1931-11-01,134.0
1931-11-02,134.0
1931-11-03,303.0
1931-11-04,213.0
1931-11-05,142.0
1931-11-06,134.0
1931-11-07,134.0
1931-11-08,136.0
1931-11-09,142.0
1931-11-10,146.0
1931-11-11,141.0
1931-11-12,131.0
1931-11-13,124.0
1931-11-14,125.0
1931-11-15,128.0
1931-11-16,128.0
1931-11-17,108.0
1931-11-18,107.0
1931-11-19,118.0
1931-11-20,99.0
1931-11-21,109.0
1931-11-22,56.0
1931-11-23,48.0
1931-11-24,18.0
1931-11-25,38.0
1931-11-26,66.0
1931-11-27,77.0
1931-11-28,76.0
1931-11-29,74.0
1931-11-30,77.0
1931-12-01,70.0
1931-12-02,70.0
1931-12-03,70.0
1931-12-04,68.0
1931-12-05,72.0
1931-12-06,67.0
1931-12-07,67.0
1931-12-08,67.0
1931-12-09,67.0
1931-12-10,67.0
1931-12-11,70.0
1931-12-12,70.0
1931-12-13,70.0
1931-12-14,70.0
1931-12-15,70.0
1931-12-16,65.0
1931-12-17,65.0
1931-12-18,65.0
1931-12-19,65.0
1931-12-20,65.0
1931-12-21,78.0
1931-12-22,78.0
1931-12-23,78.0
1931-12-24,78.0
1931-12-25,78.0
1931-12-26,83.0
1931-12-27,83.0
1931-12-28,83.0
1931-12-29,83.0
1931-12-30,83.0
1931-12-31,83.0
1932-01-01,65.0
1932-01-02,65.0
1932-01-03,65.0
1932-01-04,65.0
1932-01-05,53.0
1932-01-06,58.0
1932-01-07,58.0
1932-01-08,58.0
1932-01-09,58.0
1932-01-10,58.0
1932-01-11,60.0
1932-01-12,60.0
1932-01-13,60.0
1932-01-14,60.0
1932-01-15,60.0
1932-01-16,54.0
1932-01-17,54.0
1932-01-18,54.0
1932-01-19,54.0
1932-01-20,54.0
1932-01-21,51.0
1932-01-22,51.0
1932-01-23,51.0
1932-01-24,51.0
1932-01-25,51.0
1932-01-26,80.0
1932-01-27,80.0
1932-01-28,80.0
1932-01-29,80.0
1932-01-30,80.0
1932-01-31,80.0
1932-02-01,88.0
1932-02-02,88.0
1932-02-03,88.0
1932-02-04,88.0
1932-02-05,88.0
1932-02-06,100.0
1932-02-07,100.0
1932-02-08,100.0
1932-02-09,105.0
1932-02-10,105.0
1932-02-11,110.0
1932-02-12,110.0
1932-02-13,110.0
1932-02-14,110.0
1932-02-15,110.0
1932-02-16,108.0
1932-02-17,108.0
1932-02-18,108.0
1932-02-19,108.0
1932-02-20,108.0
1932-02-21,110.0
1932-02-22,110.0
1932-02-23,110.0
1932-02-24,110.0
1932-02-25,110.0
1932-02-26,120.0
1932-02-27,120.0
1932-02-28,120.0
1932-02-29,120.0
1932-03-01,120.0
1932-03-02,100.0
1932-03-03,89.0
1932-03-04,95.0
1932-03-05,75.0
1932-03-06,73.0
1932-03-07,73.0
1932-03-08,73.0
1932-03-09,73.0
1932-03-10,73.0
1932-03-11,14.0
1932-03-12,28.0
1932-03-13,47.0
1932-03-14,93.0
1932-03-15,79.0
1932-03-16,100.0
1932-03-17,100.0
1932-03-18,100.0
1932-03-19,100.0
1932-03-20,100.0
1932-03-21,104.0
1932-03-22,104.0
1932-03-23,104.0
1932-03-24,104.0
1932-03-25,104.0
1932-03-26,95.0
1932-03-27,95.0
1932-03-28,95.0
1932-03-29,95.0
1932-03-30,95.0
1932-03-31,95.0
1932-04-01,98.0
1932-04-02,99.0
1932-04-03,108.0
1932-04-04,121.0
1932-04-05,113.0
1932-04-06,126.0
1932-04-07,124.0
1932-04-08,114.0
1932-04-09,110.0
1932-04-10,102.0
1932-04-11,101.0
1932-04-12,109.0
1932-04-13,114.0
1932-04-14,230.0
1932-04-15,287.0
1932-04-16,313.0
1932-04-17,271.0
1932-04-18,262.0
1932-04-19,290.0
1932-04-20,287.0
1932-04-21,300.0
1932-04-22,306.0
1932-04-23,333.0
1932-04-24,300.0
1932-04-25,287.0
1932-04-26,300.0
1932-04-27,256.0
1932-04-28,259.0
1932-04-29,293.0
1932-04-30,326.0
1932-05-01,293.0
1932-05-02,390.0
1932-05-03,418.0
1932-05-04,363.0
1932-05-05,344.0
1932-05-06,348.0
1932-05-07,330.0
1932-05-08,320.0
1932-05-09,309.0
1932-05-10,326.0
1932-05-11,326.0
1932-05-12,340.0
1932-05-13,370.0
1932-05-14,348.0
1932-05-15,386.0
1932-05-16,402.0
1932-05-17,443.0
1932-05-18,474.0
1932-05-19,518.0
1932-05-20,514.0
1932-05-21,568.0
1932-05-22,756.0
1932-05-23,792.0
1932-05-24,675.0
1932-05-25,660.0
1932-05-26,625.0
1932-05-27,595.0
1932-05-28,605.0
1932-05-29,600.0
1932-05-30,528.0
1932-05-31,492.0
1932-06-01,478.0
1932-06-02,474.0
1932-06-03,496.0
1932-06-04,510.0
1932-06-05,523.0
1932-06-06,546.0
1932-06-07,610.0
1932-06-08,630.0
1932-06-09,635.0
1932-06-10,568.0
1932-06-11,568.0
1932-06-12,665.0
1932-06-13,706.0
1932-06-14,700.0
1932-06-15,650.0
1932-06-16,645.0
1932-06-17,615.0
1932-06-18,615.0
1932-06-19,706.0
1932-06-20,728.0
1932-06-21,670.0
1932-06-22,635.0
1932-06-23,620.0
1932-06-24,595.0
1932-06-25,610.0
1932-06-26,670.0
1932-06-27,792.0
1932-06-28,891.0
1932-06-29,798.0
1932-06-30,700.0
1932-07-01,685.0
1932-07-02,635.0
1932-07-03,630.0
1932-07-04,615.0
1932-07-05,595.0
1932-07-06,528.0
1932-07-07,514.0
1932-07-08,675.0
1932-07-09,568.0
1932-07-10,615.0
1932-07-11,660.0
1932-07-12,685.0
1932-07-13,750.0
1932-07-14,870.0
1932-07-15,940.0
1932-07-16,780.0
1932-07-17,590.0
1932-07-18,550.0
1932-07-19,469.0
1932-07-20,600.0
1932-07-21,582.0
1932-07-22,487.0
1932-07-23,426.0
1932-07-24,406.0
1932-07-25,402.0
1932-07-26,367.0
1932-07-27,382.0
1932-07-28,460.0
1932-07-29,469.0
1932-07-30,768.0
1932-07-31,792.0
1932-08-01,670.0
1932-08-02,528.0
1932-08-03,514.0
1932-08-04,435.0
1932-08-05,363.0
1932-08-06,344.0
1932-08-07,326.0
1932-08-08,309.0
1932-08-09,290.0
1932-08-10,277.0
1932-08-11,244.0
1932-08-12,247.0
1932-08-13,284.0
1932-08-14,193.0
1932-08-15,274.0
1932-08-16,374.0
1932-08-17,546.0
1932-08-18,443.0
1932-08-19,496.0
1932-08-20,620.0
1932-08-21,650.0
1932-08-22,439.0
1932-08-23,474.0
1932-08-24,496.0
1932-08-25,340.0
1932-08-26,370.0
1932-08-27,367.0
1932-08-28,363.0
1932-08-29,370.0
1932-08-30,323.0
1932-08-31,268.0
1932-09-01,250.0
1932-09-02,224.0
1932-09-03,224.0
1932-09-04,203.0
1932-09-05,203.0
1932-09-06,203.0
1932-09-07,190.0
1932-09-08,171.0
1932-09-09,171.0
1932-09-10,178.0
1932-09-11,168.0
1932-09-12,162.0
1932-09-13,148.0
1932-09-14,144.0
1932-09-15,144.0
1932-09-16,190.0
1932-09-17,216.0
1932-09-18,216.0
1932-09-19,213.0
1932-09-20,213.0
1932-09-21,198.0
1932-09-22,190.0
1932-09-23,178.0
1932-09-24,200.0
1932-09-25,238.0
1932-09-26,198.0
1932-09-27,195.0
1932-09-28,208.0
1932-09-29,238.0
1932-09-30,227.0
1932-10-01,208.0
1932-10-02,204.0
1932-10-03,213.0
1932-10-04,226.0
1932-10-05,226.0
1932-10-06,287.0
1932-10-07,239.0
1932-10-08,201.0
1932-10-09,206.0
1932-10-10,213.0
1932-10-11,250.0
1932-10-12,256.0
1932-10-13,223.0
1932-10-14,221.0
1932-10-15,204.0
1932-10-16,187.0
1932-10-17,185.0
1932-10-18,185.0
1932-10-19,187.0
1932-10-20,181.0
1932-10-21,176.0
1932-10-22,176.0
1932-10-23,183.0
1932-10-24,201.0
1932-10-25,287.0
1932-10-26,226.0
1932-10-27,303.0
1932-10-28,309.0
1932-10-29,271.0
1932-10-30,268.0
1932-10-31,265.0
1932-11-01,204.0
1932-11-02,223.0
1932-11-03,226.0
1932-11-04,206.0
1932-11-05,223.0
1932-11-06,228.0
1932-11-07,204.0
1932-11-08,187.0
1932-11-09,194.0
1932-11-10,206.0
1932-11-11,170.0
1932-11-12,147.0
1932-11-13,148.0
1932-11-14,172.0
1932-11-15,156.0
1932-11-16,158.0
1932-11-17,176.0
1932-11-18,179.0
1932-11-19,179.0
1932-11-20,179.0
1932-11-21,172.0
1932-11-22,192.0
1932-11-23,168.0
1932-11-24,147.0
1932-11-25,154.0
1932-11-26,154.0
1932-11-27,158.0
1932-11-28,164.0
1932-11-29,164.0
1932-11-30,114.0
1932-12-01,115.0
1932-12-02,112.0
1932-12-03,112.0
1932-12-04,112.0
1932-12-05,115.0
1932-12-06,103.0
1932-12-07,96.0
1932-12-08,42.0
1932-12-09,30.0
1932-12-10,38.0
1932-12-11,62.0
1932-12-12,62.0
1932-12-13,62.0
1932-12-14,62.0
1932-12-15,62.0
1932-12-16,63.0
1932-12-17,63.0
1932-12-18,63.0
1932-12-19,63.0
1932-12-20,63.0
1932-12-21,55.0
1932-12-22,55.0
1932-12-23,55.0
1932-12-24,55.0
1932-12-25,55.0
1932-12-26,47.0
1932-12-27,47.0
1932-12-28,47.0
1932-12-29,47.0
1932-12-30,47.0
1932-12-31,47.0
1933-01-01,48.0
1933-01-02,48.0
1933-01-03,48.0
1933-01-04,48.0
1933-01-05,48.0
1933-01-06,55.0
1933-01-07,52.0
1933-01-08,52.0
1933-01-09,52.0
1933-01-10,52.0
1933-01-11,59.0
1933-01-12,59.0
1933-01-13,59.0
1933-01-14,59.0
1933-01-15,59.0
1933-01-16,52.0
1933-01-17,52.0
1933-01-18,52.0
1933-01-19,52.0
1933-01-20,52.0
1933-01-21,48.0
1933-01-22,48.0
1933-01-23,48.0
1933-01-24,48.0
1933-01-25,48.0
1933-01-26,46.0
1933-01-27,46.0
1933-01-28,46.0
1933-01-29,46.0
1933-01-30,46.0
1933-01-31,46.0
1933-02-01,36.0
1933-02-02,36.0
1933-02-03,36.0
1933-02-04,36.0
1933-02-05,36.0
1933-02-06,28.0
1933-02-07,28.0
1933-02-08,28.0
1933-02-09,28.0
1933-02-10,28.0
1933-02-11,29.0
1933-02-12,29.0
1933-02-13,29.0
1933-02-14,35.0
1933-02-15,36.0
1933-02-16,38.0
1933-02-17,38.0
1933-02-18,38.0
1933-02-19,38.0
1933-02-20,38.0
1933-02-21,42.0
1933-02-22,42.0
1933-02-23,42.0
1933-02-24,42.0
1933-02-25,42.0
1933-02-26,48.0
1933-02-27,48.0
1933-02-28,48.0
1933-03-01,58.0
1933-03-02,58.0
1933-03-03,58.0
1933-03-04,58.0
1933-03-05,58.0
1933-03-06,60.0
1933-03-07,60.0
1933-03-08,60.0
1933-03-09,80.0
1933-03-10,78.0
1933-03-11,75.0
1933-03-12,75.0
1933-03-13,75.0
1933-03-14,75.0
1933-03-15,75.0
1933-03-16,67.0
1933-03-17,67.0
1933-03-18,67.0
1933-03-19,67.0
1933-03-20,67.0
1933-03-21,81.0
1933-03-22,81.0
1933-03-23,81.0
1933-03-24,81.0
1933-03-25,81.0
1933-03-26,136.0
1933-03-27,136.0
1933-03-28,136.0
1933-03-29,136.0
1933-03-30,136.0
1933-03-31,136.0
1933-04-01,152.0
1933-04-02,152.0
1933-04-03,152.0
1933-04-04,152.0
1933-04-05,116.0
1933-04-06,179.0
1933-04-07,179.0
1933-04-08,179.0
1933-04-09,179.0
1933-04-10,179.0
1933-04-11,110.0
1933-04-12,110.0
1933-04-13,110.0
1933-04-14,110.0
1933-04-15,110.0
1933-04-16,180.0
1933-04-17,180.0
1933-04-18,180.0
1933-04-19,180.0
1933-04-20,180.0
1933-04-21,127.0
1933-04-22,127.0
1933-04-23,127.0
1933-04-24,127.0
1933-04-25,127.0
1933-04-26,300.0
1933-04-27,400.0
1933-04-28,508.0
1933-04-29,733.0
1933-04-30,716.0
1933-05-01,716.0
1933-05-02,824.0
1933-05-03,850.0
1933-05-04,870.0
1933-05-05,863.0
1933-05-06,964.0
1933-05-07,919.0
1933-05-08,980.0
1933-05-09,972.0
1933-05-10,863.0
1933-05-11,919.0
1933-05-12,912.0
1933-05-13,850.0
1933-05-14,811.0
1933-05-15,780.0
1933-05-16,891.0
1933-05-17,1160.0
1933-05-18,1510.0
1933-05-19,1710.0
1933-05-20,1650.0
1933-05-21,1740.0
1933-05-22,1850.0
1933-05-23,1540.0
1933-05-24,1510.0
1933-05-25,1330.0
1933-05-26,1300.0
1933-05-27,1350.0
1933-05-28,1370.0
1933-05-29,1280.0
1933-05-30,1380.0
1933-05-31,1540.0
1933-06-01,1510.0
1933-06-02,1640.0
1933-06-03,1150.0
1933-06-04,1200.0
1933-06-05,1350.0
1933-06-06,1330.0
1933-06-07,1330.0
1933-06-08,1130.0
1933-06-09,1180.0
1933-06-10,1270.0
1933-06-11,1120.0
1933-06-12,1020.0
1933-06-13,1170.0
1933-06-14,1470.0
1933-06-15,1460.0
1933-06-16,1400.0
1933-06-17,1400.0
1933-06-18,1290.0
1933-06-19,1310.0
1933-06-20,1230.0
1933-06-21,1300.0
1933-06-22,1200.0
1933-06-23,1290.0
1933-06-24,1160.0
1933-06-25,980.0
1933-06-26,972.0
1933-06-27,824.0
1933-06-28,733.0
1933-06-29,672.0
1933-06-30,592.0
1933-07-01,498.0
1933-07-02,475.0
1933-07-03,557.0
1933-07-04,656.0
1933-07-05,603.0
1933-07-06,613.0
1933-07-07,1060.0
1933-07-08,972.0
1933-07-09,1010.0
1933-07-10,1080.0
1933-07-11,804.0
1933-07-12,603.0
1933-07-13,572.0
1933-07-14,537.0
1933-07-15,666.0
1933-07-16,527.0
1933-07-17,489.0
1933-07-18,466.0
1933-07-19,552.0
1933-07-20,547.0
1933-07-21,598.0
1933-07-22,430.0
1933-07-23,447.0
1933-07-24,577.0
1933-07-25,547.0
1933-07-26,326.0
1933-07-27,282.0
1933-07-28,282.0
1933-07-29,305.0
1933-07-30,302.0
1933-07-31,377.0
1933-08-01,503.0
1933-08-02,552.0
1933-08-03,557.0
1933-08-04,326.0
1933-08-05,295.0
1933-08-06,592.0
1933-08-07,508.0
1933-08-08,518.0
1933-08-09,417.0
1933-08-10,522.0
1933-08-11,518.0
1933-08-12,438.0
1933-08-13,409.0
1933-08-14,400.0
1933-08-15,479.0
1933-08-16,461.0
1933-08-17,484.0
1933-08-18,508.0
1933-08-19,592.0
1933-08-20,466.0
1933-08-21,396.0
1933-08-22,421.0
1933-08-23,425.0
1933-08-24,421.0
1933-08-25,377.0
1933-08-26,351.0
1933-08-27,351.0
1933-08-28,366.0
1933-08-29,392.0
1933-08-30,326.0
1933-08-31,305.0
1933-09-01,305.0
1933-09-02,266.0
1933-09-03,288.0
1933-09-04,288.0
1933-09-05,396.0
1933-09-06,369.0
1933-09-07,354.0
1933-09-08,354.0
1933-09-09,430.0
1933-09-10,645.0
1933-09-11,447.0
1933-09-12,413.0
1933-09-13,333.0
1933-09-14,366.0
1933-09-15,322.0
1933-09-16,266.0
1933-09-17,236.0
1933-09-18,223.0
1933-09-19,218.0
1933-09-20,207.0
1933-09-21,197.0
1933-09-22,197.0
1933-09-23,190.0
1933-09-24,183.0
1933-09-25,176.0
1933-09-26,174.0
1933-09-27,176.0
1933-09-28,171.0
1933-09-29,167.0
1933-09-30,183.0
1933-10-01,184.0
1933-10-02,182.0
1933-10-03,182.0
1933-10-04,188.0
1933-10-05,186.0
1933-10-06,184.0
1933-10-07,170.0
1933-10-08,164.0
1933-10-09,162.0
1933-10-10,158.0
1933-10-11,157.0
1933-10-12,155.0
1933-10-13,154.0
1933-10-14,154.0
1933-10-15,152.0
1933-10-16,152.0
1933-10-17,152.0
1933-10-18,152.0
1933-10-19,155.0
1933-10-20,158.0
1933-10-21,158.0
1933-10-22,157.0
1933-10-23,155.0
1933-10-24,158.0
1933-10-25,162.0
1933-10-26,170.0
1933-10-27,158.0
1933-10-28,155.0
1933-10-29,154.0
1933-10-30,152.0
1933-10-31,155.0
1933-11-01,158.0
1933-11-02,166.0
1933-11-03,170.0
1933-11-04,174.0
1933-11-05,147.0
1933-11-06,130.0
1933-11-07,149.0
1933-11-08,144.0
1933-11-09,150.0
1933-11-10,147.0
1933-11-11,150.0
1933-11-12,150.0
1933-11-13,152.0
1933-11-14,154.0
1933-11-15,158.0
1933-11-16,170.0
1933-11-17,180.0
1933-11-18,176.0
1933-11-19,147.0
1933-11-20,142.0
1933-11-21,141.0
1933-11-22,139.0
1933-11-23,131.0
1933-11-24,125.0
1933-11-25,134.0
1933-11-26,125.0
1933-11-27,134.0
1933-11-28,131.0
1933-11-29,125.0
1933-11-30,131.0
1933-12-01,134.0
1933-12-02,138.0
1933-12-03,124.0
1933-12-04,138.0
1933-12-05,131.0
1933-12-06,111.0
1933-12-07,111.0
1933-12-08,121.0
1933-12-09,114.0
1933-12-10,124.0
1933-12-11,122.0
1933-12-12,120.0
1933-12-13,120.0
1933-12-14,107.0
1933-12-15,93.0
1933-12-16,87.0
1933-12-17,87.0
1933-12-18,86.0
1933-12-19,85.0
1933-12-20,85.0
1933-12-21,84.0
1933-12-22,84.0
1933-12-23,84.0
1933-12-24,84.0
1933-12-25,84.0
1933-12-26,84.0
1933-12-27,84.0
1933-12-28,84.0
1933-12-29,84.0
1933-12-30,84.0
1933-12-31,84.0
1934-01-01,73.0
1934-01-02,73.0
1934-01-03,73.0
1934-01-04,73.0
1934-01-05,73.0
1934-01-06,73.0
1934-01-07,73.0
1934-01-08,73.0
1934-01-09,73.0
1934-01-10,73.0
1934-01-11,73.0
1934-01-12,73.0
1934-01-13,73.0
1934-01-14,73.0
1934-01-15,73.0
1934-01-16,73.0
1934-01-17,73.0
1934-01-18,73.0
1934-01-19,73.0
1934-01-20,73.0
1934-01-21,73.0
1934-01-22,73.0
1934-01-23,73.0
1934-01-24,73.0
1934-01-25,73.0
1934-01-26,73.0
1934-01-27,73.0
1934-01-28,73.0
1934-01-29,73.0
1934-01-30,73.0
1934-01-31,73.0
1934-02-01,80.0
1934-02-02,80.0
1934-02-03,80.0
1934-02-04,80.0
1934-02-05,80.0
1934-02-06,80.0
1934-02-07,80.0
1934-02-08,80.0
1934-02-09,80.0
1934-02-10,80.0
1934-02-11,80.0
1934-02-12,80.0
1934-02-13,80.0
1934-02-14,80.0
1934-02-15,80.0
1934-02-16,80.0
1934-02-17,80.0
1934-02-18,80.0
1934-02-19,80.0
1934-02-20,80.0
1934-02-21,80.0
1934-02-22,80.0
1934-02-23,80.0
1934-02-24,80.0
1934-02-25,80.0
1934-02-26,80.0
1934-02-27,80.0
1934-02-28,80.0
1934-03-01,100.0
1934-03-02,100.0
1934-03-03,100.0
1934-03-04,100.0
1934-03-05,100.0
1934-03-06,100.0
1934-03-07,100.0
1934-03-08,100.0
1934-03-09,100.0
1934-03-10,100.0
1934-03-11,100.0
1934-03-12,100.0
1934-03-13,100.0
1934-03-14,100.0
1934-03-15,100.0
1934-03-16,101.0
1934-03-17,101.0
1934-03-18,101.0
1934-03-19,101.0
1934-03-20,101.0
1934-03-21,101.0
1934-03-22,101.0
1934-03-23,101.0
1934-03-24,101.0
1934-03-25,101.0
1934-03-26,101.0
1934-03-27,101.0
1934-03-28,101.0
1934-03-29,101.0
1934-03-30,141.0
1934-03-31,138.0
1934-04-01,134.0
1934-04-02,144.0
1934-04-03,168.0
1934-04-04,166.0
1934-04-05,149.0
1934-04-06,136.0
1934-04-07,152.0
1934-04-08,170.0
1934-04-09,192.0
1934-04-10,202.0
1934-04-11,204.0
1934-04-12,208.0
1934-04-13,214.0
1934-04-14,233.0
1934-04-15,218.0
1934-04-16,208.0
1934-04-17,194.0
1934-04-18,190.0
1934-04-19,214.0
1934-04-20,216.0
1934-04-21,223.0
1934-04-22,260.0
1934-04-23,291.0
1934-04-24,302.0
1934-04-25,312.0
1934-04-26,331.0
1934-04-27,321.0
1934-04-28,285.0
1934-04-29,282.0
1934-04-30,288.0
1934-05-01,294.0
1934-05-02,296.0
1934-05-03,321.0
1934-05-04,308.0
1934-05-05,308.0
1934-05-06,368.0
1934-05-07,538.0
1934-05-08,408.0
1934-05-09,482.0
1934-05-10,478.0
1934-05-11,427.0
1934-05-12,397.0
1934-05-13,419.0
1934-05-14,415.0
1934-05-15,454.0
1934-05-16,499.0
1934-05-17,516.0
1934-05-18,466.0
1934-05-19,478.0
1934-05-20,404.0
1934-05-21,390.0
1934-05-22,375.0
1934-05-23,375.0
1934-05-24,516.0
1934-05-25,666.0
1934-05-26,547.0
1934-05-27,520.0
1934-05-28,666.0
1934-05-29,661.0
1934-05-30,743.0
1934-05-31,647.0
1934-06-01,628.0
1934-06-02,686.0
1934-06-03,608.0
1934-06-04,565.0
1934-06-05,382.0
1934-06-06,379.0
1934-06-07,434.0
1934-06-08,427.0
1934-06-09,408.0
1934-06-10,390.0
1934-06-11,331.0
1934-06-12,299.0
1934-06-13,302.0
1934-06-14,318.0
1934-06-15,337.0
1934-06-16,285.0
1934-06-17,263.0
1934-06-18,280.0
1934-06-19,294.0
1934-06-20,280.0
1934-06-21,266.0
1934-06-22,263.0
1934-06-23,271.0
1934-06-24,243.0
1934-06-25,246.0
1934-06-26,482.0
1934-06-27,462.0
1934-06-28,458.0
1934-06-29,466.0
1934-06-30,458.0
1934-07-01,458.0
1934-07-02,427.0
1934-07-03,294.0
1934-07-04,277.0
1934-07-05,288.0
1934-07-06,305.0
1934-07-07,271.0
1934-07-08,260.0
1934-07-09,266.0
1934-07-10,337.0
1934-07-11,344.0
1934-07-12,334.0
1934-07-13,315.0
1934-07-14,305.0
1934-07-15,302.0
1934-07-16,305.0
1934-07-17,334.0
1934-07-18,337.0
1934-07-19,331.0
1934-07-20,294.0
1934-07-21,263.0
1934-07-22,263.0
1934-07-23,305.0
1934-07-24,315.0
1934-07-25,296.0
1934-07-26,368.0
1934-07-27,412.0
1934-07-28,390.0
1934-07-29,368.0
1934-07-30,358.0
1934-07-31,324.0
1934-08-01,328.0
1934-08-02,341.0
1934-08-03,302.0
1934-08-04,249.0
1934-08-05,249.0
1934-08-06,312.0
1934-08-07,337.0
1934-08-08,334.0
1934-08-09,321.0
1934-08-10,252.0
1934-08-11,354.0
1934-08-12,351.0
1934-08-13,368.0
1934-08-14,365.0
1934-08-15,397.0
1934-08-16,450.0
1934-08-17,462.0
1934-08-18,390.0
1934-08-19,390.0
1934-08-20,365.0
1934-08-21,324.0
1934-08-22,296.0
1934-08-23,294.0
1934-08-24,302.0
1934-08-25,294.0
1934-08-26,238.0
1934-08-27,236.0
1934-08-28,218.0
1934-08-29,274.0
1934-08-30,393.0
1934-08-31,243.0
1934-09-01,220.0
1934-09-02,228.0
1934-09-03,238.0
1934-09-04,238.0
1934-09-05,252.0
1934-09-06,238.0
1934-09-07,223.0
1934-09-08,218.0
1934-09-09,225.0
1934-09-10,249.0
1934-09-11,223.0
1934-09-12,230.0
1934-09-13,236.0
1934-09-14,228.0
1934-09-15,223.0
1934-09-16,238.0
1934-09-17,243.0
1934-09-18,243.0
1934-09-19,236.0
1934-09-20,206.0
1934-09-21,210.0
1934-09-22,212.0
1934-09-23,216.0
1934-09-24,208.0
1934-09-25,206.0
1934-09-26,204.0
1934-09-27,208.0
1934-09-28,208.0
1934-09-29,190.0
1934-09-30,186.0
1934-10-01,191.0
1934-10-02,195.0
1934-10-03,195.0
1934-10-04,195.0
1934-10-05,187.0
1934-10-06,180.0
1934-10-07,178.0
1934-10-08,178.0
1934-10-09,182.0
1934-10-10,182.0
1934-10-11,180.0
1934-10-12,174.0
1934-10-13,164.0
1934-10-14,166.0
1934-10-15,168.0
1934-10-16,189.0
1934-10-17,176.0
1934-10-18,172.0
1934-10-19,164.0
1934-10-20,162.0
1934-10-21,150.0
1934-10-22,148.0
1934-10-23,158.0
1934-10-24,162.0
1934-10-25,158.0
1934-10-26,156.0
1934-10-27,156.0
1934-10-28,162.0
1934-10-29,138.0
1934-10-30,132.0
1934-10-31,128.0
1934-11-01,132.0
1934-11-02,134.0
1934-11-03,122.0
1934-11-04,104.0
1934-11-05,100.0
1934-11-06,95.0
1934-11-07,98.0
1934-11-08,108.0
1934-11-09,112.0
1934-11-10,112.0
1934-11-11,104.0
1934-11-12,96.0
1934-11-13,110.0
1934-11-14,106.0
1934-11-15,104.0
1934-11-16,100.0
1934-11-17,104.0
1934-11-18,104.0
1934-11-19,102.0
1934-11-20,98.0
1934-11-21,95.0
1934-11-22,96.0
1934-11-23,87.0
1934-11-24,98.0
1934-11-25,93.0
1934-11-26,80.0
1934-11-27,80.0
1934-11-28,80.0
1934-11-29,80.0
1934-11-30,80.0
1934-12-01,65.0
1934-12-02,65.0
1934-12-03,65.0
1934-12-04,65.0
1934-12-05,65.0
1934-12-06,65.0
1934-12-07,65.0
1934-12-08,65.0
1934-12-09,65.0
1934-12-10,65.0
1934-12-11,65.0
1934-12-12,65.0
1934-12-13,65.0
1934-12-14,65.0
1934-12-15,65.0
1934-12-16,65.0
1934-12-17,65.0
1934-12-18,65.0
1934-12-19,65.0
1934-12-20,65.0
1934-12-21,65.0
1934-12-22,65.0
1934-12-23,65.0
1934-12-24,65.0
1934-12-25,65.0
1934-12-26,65.0
1934-12-27,65.0
1934-12-28,65.0
1934-12-29,65.0
1934-12-30,65.0
1934-12-31,65.0
1935-01-01,60.0
1935-01-02,60.0
1935-01-03,60.0
1935-01-04,60.0
1935-01-05,60.0
1935-01-06,60.0
1935-01-07,60.0
1935-01-08,60.0
1935-01-09,60.0
1935-01-10,60.0
1935-01-11,60.0
1935-01-12,60.0
1935-01-13,60.0
1935-01-14,60.0
1935-01-15,60.0
1935-01-16,60.0
1935-01-17,60.0
1935-01-18,60.0
1935-01-19,60.0
1935-01-20,60.0
1935-01-21,60.0
1935-01-22,60.0
1935-01-23,60.0
1935-01-24,60.0
1935-01-25,60.0
1935-01-26,60.0
1935-01-27,60.0
1935-01-28,60.0
1935-01-29,60.0
1935-01-30,60.0
1935-01-31,60.0
1935-02-01,59.0
1935-02-02,59.0
1935-02-03,59.0
1935-02-04,59.0
1935-02-05,59.0
1935-02-06,59.0
1935-02-07,59.0
1935-02-08,59.0
1935-02-09,59.0
1935-02-10,59.0
1935-02-11,59.0
1935-02-12,59.0
1935-02-13,59.0
1935-02-14,59.0
1935-02-15,59.0
1935-02-16,59.0
1935-02-17,59.0
1935-02-18,59.0
1935-02-19,59.0
1935-02-20,59.0
1935-02-21,59.0
1935-02-22,59.0
1935-02-23,59.0
1935-02-24,59.0
1935-02-25,59.0
1935-02-26,59.0
1935-02-27,59.0
1935-02-28,59.0
1935-03-01,60.0
1935-03-02,60.0
1935-03-03,60.0
1935-03-04,60.0
1935-03-05,60.0
1935-03-06,60.0
1935-03-07,60.0
1935-03-08,60.0
1935-03-09,60.0
1935-03-10,60.0
1935-03-11,60.0
1935-03-12,60.0
1935-03-13,60.0
1935-03-14,60.0
1935-03-15,60.0
1935-03-16,70.0
1935-03-17,70.0
1935-03-18,70.0
1935-03-19,70.0
1935-03-20,70.0
1935-03-21,86.0
1935-03-22,106.0
1935-03-23,96.0
1935-03-24,168.0
1935-03-25,176.0
1935-03-26,118.0
1935-03-27,96.0
1935-03-28,96.0
1935-03-29,95.0
1935-03-30,95.0
1935-03-31,98.0
1935-04-01,118.0
1935-04-02,118.0
1935-04-03,118.0
1935-04-04,120.0
1935-04-05,114.0
1935-04-06,116.0
1935-04-07,108.0
1935-04-08,98.0
1935-04-09,96.0
1935-04-10,93.0
1935-04-11,87.0
1935-04-12,84.0
1935-04-13,86.0
1935-04-14,87.0
1935-04-15,98.0
1935-04-16,106.0
1935-04-17,110.0
1935-04-18,116.0
1935-04-19,128.0
1935-04-20,162.0
1935-04-21,191.0
1935-04-22,202.0
1935-04-23,160.0
1935-04-24,206.0
1935-04-25,209.0
1935-04-26,140.0
1935-04-27,134.0
1935-04-28,174.0
1935-04-29,189.0
1935-04-30,178.0
1935-05-01,174.0
1935-05-02,182.0
1935-05-03,162.0
1935-05-04,144.0
1935-05-05,136.0
1935-05-06,140.0
1935-05-07,146.0
1935-05-08,160.0
1935-05-09,209.0
1935-05-10,200.0
1935-05-11,193.0
1935-05-12,191.0
1935-05-13,200.0
1935-05-14,240.0
1935-05-15,348.0
1935-05-16,364.0
1935-05-17,429.0
1935-05-18,581.0
1935-05-19,445.0
1935-05-20,388.0
1935-05-21,368.0
1935-05-22,453.0
1935-05-23,565.0
1935-05-24,591.0
1935-05-25,586.0
1935-05-26,550.0
1935-05-27,560.0
1935-05-28,550.0
1935-05-29,513.0
1935-05-30,508.0
1935-05-31,504.0
1935-06-01,457.0
1935-06-02,449.0
1935-06-03,449.0
1935-06-04,445.0
1935-06-05,461.0
1935-06-06,457.0
1935-06-07,475.0
1935-06-08,500.0
1935-06-09,550.0
1935-06-10,602.0
1935-06-11,697.0
1935-06-12,789.0
1935-06-13,828.0
1935-06-14,776.0
1935-06-15,720.0
1935-06-16,697.0
1935-06-17,546.0
1935-06-18,478.0
1935-06-19,465.0
1935-06-20,555.0
1935-06-21,576.0
1935-06-22,550.0
1935-06-23,541.0
1935-06-24,607.0
1935-06-25,629.0
1935-06-26,571.0
1935-06-27,474.0
1935-06-28,508.0
1935-06-29,499.0
1935-06-30,482.0
1935-07-01,478.0
1935-07-02,457.0
1935-07-03,433.0
1935-07-04,437.0
1935-07-05,445.0
1935-07-06,482.0
1935-07-07,491.0
1935-07-08,482.0
1935-07-09,469.0
1935-07-10,478.0
1935-07-11,499.0
1935-07-12,536.0
1935-07-13,546.0
1935-07-14,726.0
1935-07-15,703.0
1935-07-16,478.0
1935-07-17,449.0
1935-07-18,495.0
1935-07-19,624.0
1935-07-20,776.0
1935-07-21,789.0
1935-07-22,802.0
1935-07-23,1090.0
1935-07-24,1360.0
1935-07-25,940.0
1935-07-26,691.0
1935-07-27,504.0
1935-07-28,399.0
1935-07-29,399.0
1935-07-30,607.0
1935-07-31,1280.0
1935-08-01,1460.0
1935-08-02,1140.0
1935-08-03,828.0
1935-08-04,763.0
1935-08-05,646.0
1935-08-06,646.0
1935-08-07,656.0
1935-08-08,546.0
1935-08-09,612.0
1935-08-10,602.0
1935-08-11,457.0
1935-08-12,469.0
1935-08-13,491.0
1935-08-14,388.0
1935-08-15,368.0
1935-08-16,418.0
1935-08-17,508.0
1935-08-18,453.0
1935-08-19,414.0
1935-08-20,461.0
1935-08-21,399.0
1935-08-22,403.0
1935-08-23,651.0
1935-08-24,618.0
1935-08-25,679.0
1935-08-26,651.0
1935-08-27,624.0
1935-08-28,425.0
1935-08-29,470.0
1935-08-30,495.0
1935-08-31,345.0
1935-09-01,403.0
1935-09-02,399.0
1935-09-03,364.0
1935-09-04,348.0
1935-09-05,316.0
1935-09-06,300.0
1935-09-07,300.0
1935-09-08,300.0
1935-09-09,300.0
1935-09-10,300.0
1935-09-11,300.0
1935-09-12,300.0
1935-09-13,302.0
1935-09-14,290.0
1935-09-15,229.0
1935-09-16,262.0
1935-09-17,250.0
1935-09-18,250.0
1935-09-19,240.0
1935-09-20,229.0
1935-09-21,294.0
1935-09-22,254.0
1935-09-23,260.0
1935-09-24,275.0
1935-09-25,300.0
1935-09-26,300.0
1935-09-27,330.0
1935-09-28,300.0
1935-09-29,300.0
1935-09-30,300.0
1935-10-01,250.0
1935-10-02,250.0
1935-10-03,250.0
1935-10-04,250.0
1935-10-05,250.0
1935-10-06,250.0
1935-10-07,237.0
1935-10-08,225.0
1935-10-09,225.0
1935-10-10,220.0
1935-10-11,220.0
1935-10-12,307.0
1935-10-13,224.0
1935-10-14,190.0
1935-10-15,174.0
1935-10-16,171.0
1935-10-17,178.0
1935-10-18,181.0
1935-10-19,212.0
1935-10-20,217.0
1935-10-21,207.0
1935-10-22,217.0
1935-10-23,265.0
1935-10-24,250.0
1935-10-25,205.0
1935-10-26,200.0
1935-10-27,207.0
1935-10-28,210.0
1935-10-29,232.0
1935-10-30,224.0
1935-10-31,190.0
1935-11-01,162.0
1935-11-02,167.0
1935-11-03,160.0
1935-11-04,153.0
1935-11-05,134.0
1935-11-06,140.0
1935-11-07,140.0
1935-11-08,140.0
1935-11-09,136.0
1935-11-10,132.0
1935-11-11,124.0
1935-11-12,132.0
1935-11-13,138.0
1935-11-14,140.0
1935-11-15,149.0
1935-11-16,142.0
1935-11-17,149.0
1935-11-18,158.0
1935-11-19,149.0
1935-11-20,147.0
1935-11-21,130.0
1935-11-22,126.0
1935-11-23,128.0
1935-11-24,126.0
1935-11-25,128.0
1935-11-26,162.0
1935-11-27,151.0
1935-11-28,142.0
1935-11-29,130.0
1935-11-30,105.0
1935-12-01,79.0
1935-12-02,40.0
1935-12-03,44.0
1935-12-04,49.0
1935-12-05,61.0
1935-12-06,68.0
1935-12-07,71.0
1935-12-08,72.0
1935-12-09,72.0
1935-12-10,56.0
1935-12-11,41.0
1935-12-12,59.0
1935-12-13,82.0
1935-12-14,83.0
1935-12-15,53.0
1935-12-16,39.0
1935-12-17,27.0
1935-12-18,28.0
1935-12-19,31.0
1935-12-20,34.0
1935-12-21,39.0
1935-12-22,53.0
1935-12-23,54.0
1935-12-24,56.0
1935-12-25,57.0
1935-12-26,65.0
1935-12-27,64.0
1935-12-28,66.0
1935-12-29,62.0
1935-12-30,57.0
1935-12-31,57.0
1936-01-01,59.0
1936-01-02,57.0
1936-01-03,55.0
1936-01-04,53.0
1936-01-05,56.0
1936-01-06,56.0
1936-01-07,54.0
1936-01-08,41.0
1936-01-09,43.0
1936-01-10,44.0
1936-01-11,45.0
1936-01-12,52.0
1936-01-13,59.0
1936-01-14,56.0
1936-01-15,51.0
1936-01-16,59.0
1936-01-17,60.0
1936-01-18,40.0
1936-01-19,34.0
1936-01-20,39.0
1936-01-21,42.0
1936-01-22,45.0
1936-01-23,50.0
1936-01-24,53.0
1936-01-25,53.0
1936-01-26,53.0
1936-01-27,46.0
1936-01-28,45.0
1936-01-29,46.0
1936-01-30,45.0
1936-01-31,49.0
1936-02-01,45.0
1936-02-02,46.0
1936-02-03,47.0
1936-02-04,42.0
1936-02-05,45.0
1936-02-06,41.0
1936-02-07,49.0
1936-02-08,45.0
1936-02-09,52.0
1936-02-10,52.0
1936-02-11,54.0
1936-02-12,54.0
1936-02-13,58.0
1936-02-14,60.0
1936-02-15,64.0
1936-02-16,61.0
1936-02-17,58.0
1936-02-18,51.0
1936-02-19,51.0
1936-02-20,54.0
1936-02-21,58.0
1936-02-22,62.0
1936-02-23,70.0
1936-02-24,76.0
1936-02-25,69.0
1936-02-26,51.0
1936-02-27,62.0
1936-02-28,62.0
1936-02-29,65.0
1936-03-01,73.0
1936-03-02,66.0
1936-03-03,63.0
1936-03-04,94.0
1936-03-05,81.0
1936-03-06,77.0
1936-03-07,81.0
1936-03-08,81.0
1936-03-09,79.0
1936-03-10,86.0
1936-03-11,65.0
1936-03-12,65.0
1936-03-13,74.0
1936-03-14,81.0
1936-03-15,81.0
1936-03-16,75.0
1936-03-17,68.0
1936-03-18,74.0
1936-03-19,74.0
1936-03-20,72.0
1936-03-21,73.0
1936-03-22,80.0
1936-03-23,67.0
1936-03-24,58.0
1936-03-25,58.0
1936-03-26,56.0
1936-03-27,56.0
1936-03-28,54.0
1936-03-29,53.0
1936-03-30,53.0
1936-03-31,50.0
1936-04-01,76.0
1936-04-02,54.0
1936-04-03,82.0
1936-04-04,83.0
1936-04-05,75.0
1936-04-06,53.0
1936-04-07,70.0
1936-04-08,74.0
1936-04-09,90.0
1936-04-10,81.0
1936-04-11,91.0
1936-04-12,91.0
1936-04-13,110.0
1936-04-14,151.0
1936-04-15,277.0
1936-04-16,455.0
1936-04-17,388.0
1936-04-18,320.0
1936-04-19,310.0
1936-04-20,352.0
1936-04-21,396.0
1936-04-22,392.0
1936-04-23,427.0
1936-04-24,415.0
1936-04-25,400.0
1936-04-26,468.0
1936-04-27,468.0
1936-04-28,427.0
1936-04-29,381.0
1936-04-30,363.0
1936-05-01,326.0
1936-05-02,342.0
1936-05-03,377.0
1936-05-04,435.0
1936-05-05,486.0
1936-05-06,515.0
1936-05-07,439.0
1936-05-08,411.0
1936-05-09,407.0
1936-05-10,892.0
1936-05-11,878.0
1936-05-12,995.0
1936-05-13,988.0
1936-05-14,857.0
1936-05-15,958.0
1936-05-16,942.0
1936-05-17,920.0
1936-05-18,837.0
1936-05-19,906.0
1936-05-20,1060.0
1936-05-21,1090.0
1936-05-22,969.0
1936-05-23,995.0
1936-05-24,920.0
1936-05-25,913.0
1936-05-26,1170.0
1936-05-27,1130.0
1936-05-28,1300.0
1936-05-29,1520.0
1936-05-30,1550.0
1936-05-31,1570.0
1936-06-01,1220.0
1936-06-02,1150.0
1936-06-03,1330.0
1936-06-04,1130.0
1936-06-05,1010.0
1936-06-06,857.0
1936-06-07,850.0
1936-06-08,796.0
1936-06-09,724.0
1936-06-10,899.0
1936-06-11,770.0
1936-06-12,694.0
1936-06-13,647.0
1936-06-14,630.0
1936-06-15,614.0
1936-06-16,603.0
1936-06-17,630.0
1936-06-18,731.0
1936-06-19,647.0
1936-06-20,700.0
1936-06-21,676.0
1936-06-22,950.0
1936-06-23,1060.0
1936-06-24,1460.0
1936-06-25,1750.0
1936-06-26,1690.0
1936-06-27,1280.0
1936-06-28,837.0
1936-06-29,823.0
1936-06-30,837.0
1936-07-01,1180.0
1936-07-02,899.0
1936-07-03,694.0
1936-07-04,625.0
1936-07-05,468.0
1936-07-06,435.0
1936-07-07,385.0
1936-07-08,392.0
1936-07-09,447.0
1936-07-10,608.0
1936-07-11,545.0
1936-07-12,744.0
1936-07-13,1190.0
1936-07-14,1160.0
1936-07-15,1020.0
1936-07-16,770.0
1936-07-17,682.0
1936-07-18,630.0
1936-07-19,566.0
1936-07-20,566.0
1936-07-21,652.0
1936-07-22,738.0
1936-07-23,625.0
1936-07-24,550.0
1936-07-25,431.0
1936-07-26,491.0
1936-07-27,525.0
1936-07-28,694.0
1936-07-29,928.0
1936-07-30,1610.0
1936-07-31,1020.0
1936-08-01,1480.0
1936-08-02,1680.0
1936-08-03,1560.0
1936-08-04,1110.0
1936-08-05,1240.0
1936-08-06,1170.0
1936-08-07,995.0
1936-08-08,823.0
1936-08-09,744.0
1936-08-10,1170.0
1936-08-11,1540.0
1936-08-12,1640.0
1936-08-13,776.0
1936-08-14,1070.0
1936-08-15,1100.0
1936-08-16,783.0
1936-08-17,718.0
1936-08-18,942.0
1936-08-19,1180.0
1936-08-20,1280.0
1936-08-21,1340.0
1936-08-22,1170.0
1936-08-23,1060.0
1936-08-24,796.0
1936-08-25,455.0
1936-08-26,496.0
1936-08-27,625.0
1936-08-28,636.0
1936-08-29,647.0
1936-08-30,535.0
1936-08-31,652.0
1936-09-01,630.0
1936-09-02,545.0
1936-09-03,587.0
1936-09-04,598.0
1936-09-05,439.0
1936-09-06,411.0
1936-09-07,435.0
1936-09-08,630.0
1936-09-09,642.0
1936-09-10,700.0
1936-09-11,694.0
1936-09-12,676.0
1936-09-13,491.0
1936-09-14,455.0
1936-09-15,385.0
1936-09-16,342.0
1936-09-17,339.0
1936-09-18,336.0
1936-09-19,332.0
1936-09-20,310.0
1936-09-21,307.0
1936-09-22,316.0
1936-09-23,320.0
1936-09-24,323.0
1936-09-25,329.0
1936-09-26,316.0
1936-09-27,304.0
1936-09-28,310.0
1936-09-29,304.0
1936-09-30,381.0
1936-10-01,490.0
1936-10-02,577.0
1936-10-03,525.0
1936-10-04,525.0
1936-10-05,394.0
1936-10-06,402.0
1936-10-07,377.0
1936-10-08,358.0
1936-10-09,347.0
1936-10-10,347.0
1936-10-11,347.0
1936-10-12,310.0
1936-10-13,206.0
1936-10-14,166.0
1936-10-15,170.0
1936-10-16,174.0
1936-10-17,174.0
1936-10-18,168.0
1936-10-19,162.0
1936-10-20,164.0
1936-10-21,157.0
1936-10-22,153.0
1936-10-23,157.0
1936-10-24,153.0
1936-10-25,161.0
1936-10-26,163.0
1936-10-27,165.0
1936-10-28,178.0
1936-10-29,182.0
1936-10-30,178.0
1936-10-31,168.0
1936-11-01,159.0
1936-11-02,152.0
1936-11-03,122.0
1936-11-04,140.0
1936-11-05,164.0
1936-11-06,183.0
1936-11-07,167.0
1936-11-08,146.0
1936-11-09,141.0
1936-11-10,144.0
1936-11-11,143.0
1936-11-12,141.0
1936-11-13,134.0
1936-11-14,143.0
1936-11-15,139.0
1936-11-16,139.0
1936-11-17,138.0
1936-11-18,139.0
1936-11-19,130.0
1936-11-20,126.0
1936-11-21,150.0
1936-11-22,134.0
1936-11-23,138.0
1936-11-24,118.0
1936-11-25,122.0
1936-11-26,148.0
1936-11-27,141.0
1936-11-28,133.0
1936-11-29,124.0
1936-11-30,124.0
1936-12-01,122.0
1936-12-02,126.0
1936-12-03,132.0
1936-12-04,124.0
1936-12-05,115.0
1936-12-06,100.0
1936-12-07,88.0
1936-12-08,81.0
1936-12-09,78.0
1936-12-10,80.0
1936-12-11,81.0
1936-12-12,83.0
1936-12-13,85.0
1936-12-14,80.0
1936-12-15,78.0
1936-12-16,77.0
1936-12-17,76.0
1936-12-18,75.0
1936-12-19,75.0
1936-12-20,72.0
1936-12-21,71.0
1936-12-22,70.0
1936-12-23,70.0
1936-12-24,70.0
1936-12-25,70.0
1936-12-26,74.0
1936-12-27,70.0
1936-12-28,68.0
1936-12-29,66.0
1936-12-30,60.0
1936-12-31,52.0
1937-01-01,58.0
1937-01-02,50.0
1937-01-03,45.0
1937-01-04,44.0
1937-01-05,43.0
1937-01-06,42.0
1937-01-07,42.0
1937-01-08,42.0
1937-01-09,42.0
1937-01-10,42.0
1937-01-11,43.0
1937-01-12,45.0
1937-01-13,47.0
1937-01-14,50.0
1937-01-15,55.0
1937-01-16,58.0
1937-01-17,64.0
1937-01-18,63.0
1937-01-19,58.0
1937-01-20,60.0
1937-01-21,62.0
1937-01-22,62.0
1937-01-23,62.0
1937-01-24,62.0
1937-01-25,62.0
1937-01-26,62.0
1937-01-27,62.0
1937-01-28,62.0
1937-01-29,62.0
1937-01-30,62.0
1937-01-31,62.0
1937-02-01,63.0
1937-02-02,65.0
1937-02-03,66.0
1937-02-04,72.0
1937-02-05,74.0
1937-02-06,78.0
1937-02-07,80.0
1937-02-08,83.0
1937-02-09,86.0
1937-02-10,89.0
1937-02-11,90.0
1937-02-12,90.0
1937-02-13,91.0
1937-02-14,93.0
1937-02-15,95.0
1937-02-16,95.0
1937-02-17,99.0
1937-02-18,100.0
1937-02-19,101.0
1937-02-20,104.0
1937-02-21,104.0
1937-02-22,104.0
1937-02-23,100.0
1937-02-24,99.0
1937-02-25,90.0
1937-02-26,87.0
1937-02-27,84.0
1937-02-28,81.0
1937-03-01,79.0
1937-03-02,73.0
1937-03-03,73.0
1937-03-04,72.0
1937-03-05,73.0
1937-03-06,80.0
1937-03-07,90.0
1937-03-08,102.0
1937-03-09,114.0
1937-03-10,120.0
1937-03-11,123.0
1937-03-12,125.0
1937-03-13,130.0
1937-03-14,130.0
1937-03-15,130.0
1937-03-16,125.0
1937-03-17,120.0
1937-03-18,115.0
1937-03-19,115.0
1937-03-20,98.0
1937-03-21,100.0
1937-03-22,94.0
1937-03-23,97.0
1937-03-24,83.0
1937-03-25,87.0
1937-03-26,78.0
1937-03-27,77.0
1937-03-28,78.0
1937-03-29,82.0
1937-03-30,76.0
1937-03-31,82.0
1937-04-01,84.0
1937-04-02,89.0
1937-04-03,89.0
1937-04-04,82.0
1937-04-05,78.0
1937-04-06,84.0
1937-04-07,83.0
1937-04-08,78.0
1937-04-09,90.0
1937-04-10,100.0
1937-04-11,112.0
1937-04-12,136.0
1937-04-13,150.0
1937-04-14,196.0
1937-04-15,221.0
1937-04-16,275.0
1937-04-17,424.0
1937-04-18,300.0
1937-04-19,377.0
1937-04-20,414.0
1937-04-21,442.0
1937-04-22,505.0
1937-04-23,470.0
1937-04-24,470.0
1937-04-25,480.0
1937-04-26,455.0
1937-04-27,419.0
1937-04-28,406.0
1937-04-29,385.0
1937-04-30,291.0
1937-05-01,275.0
1937-05-02,247.0
1937-05-03,250.0
1937-05-04,269.0
1937-05-05,272.0
1937-05-06,323.0
1937-05-07,337.0
1937-05-08,347.0
1937-05-09,373.0
1937-05-10,410.0
1937-05-11,347.0
1937-05-12,365.0
1937-05-13,480.0
1937-05-14,525.0
1937-05-15,588.0
1937-05-16,604.0
1937-05-17,654.0
1937-05-18,654.0
1937-05-19,566.0
1937-05-20,643.0
1937-05-21,616.0
1937-05-22,604.0
1937-05-23,610.0
1937-05-24,485.0
1937-05-25,465.0
1937-05-26,470.0
1937-05-27,577.0
1937-05-28,616.0
1937-05-29,470.0
1937-05-30,520.0
1937-05-31,671.0
1937-06-01,540.0
1937-06-02,530.0
1937-06-03,535.0
1937-06-04,460.0
1937-06-05,428.0
1937-06-06,398.0
1937-06-07,381.0
1937-06-08,373.0
1937-06-09,377.0
1937-06-10,358.0
1937-06-11,358.0
1937-06-12,358.0
1937-06-13,344.0
1937-06-14,337.0
1937-06-15,358.0
1937-06-16,316.0
1937-06-17,300.0
1937-06-18,291.0
1937-06-19,284.0
1937-06-20,266.0
1937-06-21,266.0
1937-06-22,272.0
1937-06-23,258.0
1937-06-24,256.0
1937-06-25,261.0
1937-06-26,626.0
1937-06-27,555.0
1937-06-28,856.0
1937-06-29,955.0
1937-06-30,822.0
1937-07-01,520.0
1937-07-02,480.0
1937-07-03,505.0
1937-07-04,402.0
1937-07-05,398.0
1937-07-06,470.0
1937-07-07,373.0
1937-07-08,369.0
1937-07-09,362.0
1937-07-10,373.0
1937-07-11,495.0
1937-07-12,500.0
1937-07-13,683.0
1937-07-14,796.0
1937-07-15,632.0
1937-07-16,347.0
1937-07-17,373.0
1937-07-18,402.0
1937-07-19,560.0
1937-07-20,555.0
1937-07-21,485.0
1937-07-22,475.0
1937-07-23,475.0
1937-07-24,333.0
1937-07-25,272.0
1937-07-26,307.0
1937-07-27,406.0
1937-07-28,475.0
1937-07-29,610.0
1937-07-30,410.0
1937-07-31,406.0
1937-08-01,550.0
1937-08-02,505.0
1937-08-03,437.0
1937-08-04,284.0
1937-08-05,291.0
1937-08-06,406.0
1937-08-07,475.0
1937-08-08,442.0
1937-08-09,424.0
1937-08-10,410.0
1937-08-11,323.0
1937-08-12,269.0
1937-08-13,242.0
1937-08-14,240.0
1937-08-15,245.0
1937-08-16,424.0
1937-08-17,599.0
1937-08-18,485.0
1937-08-19,577.0
1937-08-20,707.0
1937-08-21,555.0
1937-08-22,323.0
1937-08-23,228.0
1937-08-24,261.0
1937-08-25,320.0
1937-08-26,385.0
1937-08-27,355.0
1937-08-28,278.0
1937-08-29,310.0
1937-08-30,337.0
1937-08-31,358.0
1937-09-01,303.0
1937-09-02,313.0
1937-09-03,316.0
1937-09-04,297.0
1937-09-05,326.0
1937-09-06,313.0
1937-09-07,320.0
1937-09-08,333.0
1937-09-09,320.0
1937-09-10,245.0
1937-09-11,221.0
1937-09-12,217.0
1937-09-13,212.0
1937-09-14,224.0
1937-09-15,228.0
1937-09-16,198.0
1937-09-17,198.0
1937-09-18,221.0
1937-09-19,210.0
1937-09-20,189.0
1937-09-21,187.0
1937-09-22,184.0
1937-09-23,191.0
1937-09-24,210.0
1937-09-25,194.0
1937-09-26,196.0
1937-09-27,194.0
1937-09-28,178.0
1937-09-29,173.0
1937-09-30,178.0
1937-10-01,240.0
1937-10-02,247.0
1937-10-03,278.0
1937-10-04,228.0
1937-10-05,208.0
1937-10-06,203.0
1937-10-07,201.0
1937-10-08,212.0
1937-10-09,196.0
1937-10-10,191.0
1937-10-11,189.0
1937-10-12,208.0
1937-10-13,258.0
1937-10-14,242.0
1937-10-15,196.0
1937-10-16,208.0
1937-10-17,226.0
1937-10-18,226.0
1937-10-19,224.0
1937-10-20,219.0
1937-10-21,228.0
1937-10-22,264.0
1937-10-23,258.0
1937-10-24,235.0
1937-10-25,228.0
1937-10-26,214.0
1937-10-27,198.0
1937-10-28,155.0
1937-10-29,157.0
1937-10-30,150.0
1937-10-31,148.0
1937-11-01,150.0
1937-11-02,153.0
1937-11-03,143.0
1937-11-04,138.0
1937-11-05,134.0
1937-11-06,122.0
1937-11-07,120.0
1937-11-08,119.0
1937-11-09,114.0
1937-11-10,116.0
1937-11-11,116.0
1937-11-12,114.0
1937-11-13,107.0
1937-11-14,104.0
1937-11-15,100.0
1937-11-16,95.0
1937-11-17,90.0
1937-11-18,85.0
1937-11-19,80.0
1937-11-20,90.0
1937-11-21,95.0
1937-11-22,85.0
1937-11-23,80.0
1937-11-24,90.0
1937-11-25,85.0
1937-11-26,70.0
1937-11-27,65.0
1937-11-28,55.0
1937-11-29,50.0
1937-11-30,50.0
1937-12-01,55.0
1937-12-02,55.0
1937-12-03,65.0
1937-12-04,65.0
1937-12-05,65.0
1937-12-06,70.0
1937-12-07,55.0
1937-12-08,50.0
1937-12-09,50.0
1937-12-10,55.0
1937-12-11,90.0
1937-12-12,100.0
1937-12-13,95.0
1937-12-14,75.0
1937-12-15,80.0
1937-12-16,84.0
1937-12-17,75.0
1937-12-18,60.0
1937-12-19,50.0
1937-12-20,40.0
1937-12-21,40.0
1937-12-22,45.0
1937-12-23,55.0
1937-12-24,80.0
1937-12-25,80.0
1937-12-26,70.0
1937-12-27,70.0
1937-12-28,75.0
1937-12-29,90.0
1937-12-30,110.0
1937-12-31,95.0
1938-01-01,75.0
1938-01-02,85.0
1938-01-03,80.0
1938-01-04,75.0
1938-01-05,70.0
1938-01-06,65.0
1938-01-07,60.0
1938-01-08,65.0
1938-01-09,70.0
1938-01-10,80.0
1938-01-11,75.0
1938-01-12,75.0
1938-01-13,79.0
1938-01-14,80.0
1938-01-15,85.0
1938-01-16,90.0
1938-01-17,95.0
1938-01-18,90.0
1938-01-19,85.0
1938-01-20,80.0
1938-01-21,75.0
1938-01-22,65.0
1938-01-23,60.0
1938-01-24,60.0
1938-01-25,55.0
1938-01-26,50.0
1938-01-27,55.0
1938-01-28,60.0
1938-01-29,60.0
1938-01-30,60.0
1938-01-31,55.0
1938-02-01,60.0
1938-02-02,65.0
1938-02-03,70.0
1938-02-04,75.0
1938-02-05,75.0
1938-02-06,70.0
1938-02-07,65.0
1938-02-08,70.0
1938-02-09,70.0
1938-02-10,70.0
1938-02-11,70.0
1938-02-12,75.0
1938-02-13,75.0
1938-02-14,70.0
1938-02-15,65.0
1938-02-16,55.0
1938-02-17,50.0
1938-02-18,50.0
1938-02-19,55.0
1938-02-20,70.0
1938-02-21,75.0
1938-02-22,80.0
1938-02-23,85.0
1938-02-24,100.0
1938-02-25,55.0
1938-02-26,85.0
1938-02-27,80.0
1938-02-28,75.0
1938-03-01,85.0
1938-03-02,80.0
1938-03-03,80.0
1938-03-04,95.0
1938-03-05,90.0
1938-03-06,65.0
1938-03-07,65.0
1938-03-08,60.0
1938-03-09,75.0
1938-03-10,75.0
1938-03-11,85.0
1938-03-12,85.0
1938-03-13,90.0
1938-03-14,85.0
1938-03-15,75.0
1938-03-16,75.0
1938-03-17,70.0
1938-03-18,80.0
1938-03-19,80.0
1938-03-20,75.0
1938-03-21,85.0
1938-03-22,80.0
1938-03-23,85.0
1938-03-24,120.0
1938-03-25,143.0
1938-03-26,153.0
1938-03-27,150.0
1938-03-28,159.0
1938-03-29,169.0
1938-03-30,171.0
1938-03-31,140.0
1938-04-01,130.0
1938-04-02,100.0
1938-04-03,100.0
1938-04-04,105.0
1938-04-05,110.0
1938-04-06,130.0
1938-04-07,120.0
1938-04-08,100.0
1938-04-09,99.0
1938-04-10,115.0
1938-04-11,114.0
1938-04-12,114.0
1938-04-13,131.0
1938-04-14,313.0
1938-04-15,510.0
1938-04-16,566.0
1938-04-17,707.0
1938-04-18,744.0
1938-04-19,965.0
1938-04-20,1010.0
1938-04-21,825.0
1938-04-22,626.0
1938-04-23,616.0
1938-04-24,577.0
1938-04-25,577.0
1938-04-26,738.0
1938-04-27,860.0
1938-04-28,555.0
1938-04-29,626.0
1938-04-30,665.0
1938-05-01,797.0
1938-05-02,683.0
1938-05-03,695.0
1938-05-04,654.0
1938-05-05,665.0
1938-05-06,643.0
1938-05-07,632.0
1938-05-08,648.0
1938-05-09,665.0
1938-05-10,701.0
1938-05-11,770.0
1938-05-12,825.0
1938-05-13,832.0
1938-05-14,902.0
1938-05-15,944.0
1938-05-16,1010.0
1938-05-17,951.0
1938-05-18,909.0
1938-05-19,853.0
1938-05-20,846.0
1938-05-21,895.0
1938-05-22,1010.0
1938-05-23,937.0
1938-05-24,902.0
1938-05-25,902.0
1938-05-26,958.0
1938-05-27,1050.0
1938-05-28,1180.0
1938-05-29,1470.0
1938-05-30,1550.0
1938-05-31,1430.0
1938-06-01,1440.0
1938-06-02,1430.0
1938-06-03,1400.0
1938-06-04,1340.0
1938-06-05,1200.0
1938-06-06,1150.0
1938-06-07,1030.0
1938-06-08,1060.0
1938-06-09,1250.0
1938-06-10,1390.0
1938-06-11,1240.0
1938-06-12,923.0
1938-06-13,951.0
1938-06-14,839.0
1938-06-15,758.0
1938-06-16,758.0
1938-06-17,732.0
1938-06-18,719.0
1938-06-19,648.0
1938-06-20,654.0
1938-06-21,707.0
1938-06-22,719.0
1938-06-23,832.0
1938-06-24,707.0
1938-06-25,665.0
1938-06-26,643.0
1938-06-27,654.0
1938-06-28,671.0
1938-06-29,701.0
1938-06-30,689.0
1938-07-01,638.0
1938-07-02,818.0
1938-07-03,818.0
1938-07-04,770.0
1938-07-05,654.0
1938-07-06,540.0
1938-07-07,495.0
1938-07-08,428.0
1938-07-09,385.0
1938-07-10,377.0
1938-07-11,362.0
1938-07-12,351.0
1938-07-13,344.0
1938-07-14,398.0
1938-07-15,505.0
1938-07-16,550.0
1938-07-17,632.0
1938-07-18,689.0
1938-07-19,648.0
1938-07-20,665.0
1938-07-21,446.0
1938-07-22,442.0
1938-07-23,394.0
1938-07-24,358.0
1938-07-25,414.0
1938-07-26,424.0
1938-07-27,419.0
1938-07-28,616.0
1938-07-29,725.0
1938-07-30,643.0
1938-07-31,520.0
1938-08-01,500.0
1938-08-02,660.0
1938-08-03,572.0
1938-08-04,510.0
1938-08-05,520.0
1938-08-06,648.0
1938-08-07,424.0
1938-08-08,470.0
1938-08-09,351.0
1938-08-10,406.0
1938-08-11,550.0
1938-08-12,638.0
1938-08-13,732.0
1938-08-14,902.0
1938-08-15,660.0
1938-08-16,701.0
1938-08-17,566.0
1938-08-18,465.0
1938-08-19,432.0
1938-08-20,390.0
1938-08-21,347.0
1938-08-22,485.0
1938-08-23,495.0
1938-08-24,450.0
1938-08-25,437.0
1938-08-26,804.0
1938-08-27,846.0
1938-08-28,764.0
1938-08-29,909.0
1938-08-30,1080.0
1938-08-31,909.0
1938-09-01,1040.0
1938-09-02,1350.0
1938-09-03,1130.0
1938-09-04,1020.0
1938-09-05,958.0
1938-09-06,825.0
1938-09-07,751.0
1938-09-08,751.0
1938-09-09,654.0
1938-09-10,604.0
1938-09-11,648.0
1938-09-12,895.0
1938-09-13,965.0
1938-09-14,784.0
1938-09-15,738.0
1938-09-16,725.0
1938-09-17,719.0
1938-09-18,665.0
1938-09-19,626.0
1938-09-20,566.0
1938-09-21,545.0
1938-09-22,525.0
1938-09-23,500.0
1938-09-24,485.0
1938-09-25,475.0
1938-09-26,465.0
1938-09-27,572.0
1938-09-28,550.0
1938-09-29,540.0
1938-09-30,555.0
1938-10-01,555.0
1938-10-02,515.0
1938-10-03,515.0
1938-10-04,500.0
1938-10-05,490.0
1938-10-06,460.0
1938-10-07,515.0
1938-10-08,638.0
1938-10-09,784.0
1938-10-10,594.0
1938-10-11,654.0
1938-10-12,671.0
1938-10-13,599.0
1938-10-14,610.0
1938-10-15,599.0
1938-10-16,566.0
1938-10-17,530.0
1938-10-18,428.0
1938-10-19,398.0
1938-10-20,358.0
1938-10-21,347.0
1938-10-22,337.0
1938-10-23,326.0
1938-10-24,355.0
1938-10-25,355.0
1938-10-26,351.0
1938-10-27,355.0
1938-10-28,347.0
1938-10-29,337.0
1938-10-30,340.0
1938-10-31,337.0
1938-11-01,313.0
1938-11-02,307.0
1938-11-03,307.0
1938-11-04,300.0
1938-11-05,323.0
1938-11-06,242.0
1938-11-07,187.0
1938-11-08,233.0
1938-11-09,256.0
1938-11-10,235.0
1938-11-11,221.0
1938-11-12,208.0
1938-11-13,180.0
1938-11-14,191.0
1938-11-15,198.0
1938-11-16,212.0
1938-11-17,214.0
1938-11-18,187.0
1938-11-19,194.0
1938-11-20,191.0
1938-11-21,180.0
1938-11-22,150.0
1938-11-23,157.0
1938-11-24,125.0
1938-11-25,151.0
1938-11-26,122.0
1938-11-27,194.0
1938-11-28,169.0
1938-11-29,173.0
1938-11-30,194.0
1938-12-01,189.0
1938-12-02,180.0
1938-12-03,159.0
1938-12-04,169.0
1938-12-05,178.0
1938-12-06,169.0
1938-12-07,159.0
1938-12-08,167.0
1938-12-09,157.0
1938-12-10,157.0
1938-12-11,151.0
1938-12-12,130.0
1938-12-13,108.0
1938-12-14,110.0
1938-12-15,169.0
1938-12-16,187.0
1938-12-17,130.0
1938-12-18,120.0
1938-12-19,161.0
1938-12-20,165.0
1938-12-21,143.0
1938-12-22,167.0
1938-12-23,135.0
1938-12-24,132.0
1938-12-25,128.0
1938-12-26,112.0
1938-12-27,100.0
1938-12-28,118.0
1938-12-29,132.0
1938-12-30,126.0
1938-12-31,127.0
1939-01-01,132.0
1939-01-02,143.0
1939-01-03,138.0
1939-01-04,127.0
1939-01-05,126.0
1939-01-06,125.0
1939-01-07,124.0
1939-01-08,122.0
1939-01-09,102.0
1939-01-10,82.0
1939-01-11,82.0
1939-01-12,84.0
1939-01-13,87.0
1939-01-14,85.0
1939-01-15,58.0
1939-01-16,76.0
1939-01-17,72.0
1939-01-18,90.0
1939-01-19,100.0
1939-01-20,88.0
1939-01-21,98.0
1939-01-22,90.0
1939-01-23,101.0
1939-01-24,80.0
1939-01-25,94.0
1939-01-26,87.0
1939-01-27,95.0
1939-01-28,98.0
1939-01-29,88.0
1939-01-30,90.0
1939-01-31,97.0
1939-02-01,70.0
1939-02-02,55.0
1939-02-03,56.0
1939-02-04,68.0
1939-02-05,73.0
1939-02-06,74.0
1939-02-07,76.0
1939-02-08,75.0
1939-02-09,68.0
1939-02-10,63.0
1939-02-11,78.0
1939-02-12,88.0
1939-02-13,94.0
1939-02-14,102.0
1939-02-15,93.0
1939-02-16,84.0
1939-02-17,70.0
1939-02-18,85.0
1939-02-19,80.0
1939-02-20,77.0
1939-02-21,72.0
1939-02-22,78.0
1939-02-23,89.0
1939-02-24,99.0
1939-02-25,85.0
1939-02-26,90.0
1939-02-27,74.0
1939-02-28,65.0
1939-03-01,66.0
1939-03-02,70.0
1939-03-03,74.0
1939-03-04,78.0
1939-03-05,80.0
1939-03-06,90.0
1939-03-07,103.0
1939-03-08,120.0
1939-03-09,145.0
1939-03-10,190.0
1939-03-11,170.0
1939-03-12,180.0
1939-03-13,192.0
1939-03-14,170.0
1939-03-15,156.0
1939-03-16,170.0
1939-03-17,140.0
1939-03-18,200.0
1939-03-19,250.0
1939-03-20,272.0
1939-03-21,291.0
1939-03-22,310.0
1939-03-23,326.0
1939-03-24,310.0
1939-03-25,291.0
1939-03-26,281.0
1939-03-27,291.0
1939-03-28,237.0
1939-03-29,228.0
1939-03-30,224.0
1939-03-31,250.0
1939-04-01,337.0
1939-04-02,398.0
1939-04-03,424.0
1939-04-04,510.0
1939-04-05,475.0
1939-04-06,442.0
1939-04-07,432.0
1939-04-08,419.0
1939-04-09,406.0
1939-04-10,394.0
1939-04-11,381.0
1939-04-12,290.0
1939-04-13,414.0
1939-04-14,410.0
1939-04-15,437.0
1939-04-16,456.0
1939-04-17,414.0
1939-04-18,394.0
1939-04-19,414.0
1939-04-20,455.0
1939-04-21,485.0
1939-04-22,525.0
1939-04-23,599.0
1939-04-24,572.0
1939-04-25,540.0
1939-04-26,525.0
1939-04-27,520.0
1939-04-28,555.0
1939-04-29,626.0
1939-04-30,638.0
1939-05-01,621.0
1939-05-02,654.0
1939-05-03,671.0
1939-05-04,654.0
1939-05-05,660.0
1939-05-06,713.0
1939-05-07,713.0
1939-05-08,701.0
1939-05-09,732.0
1939-05-10,790.0
1939-05-11,758.0
1939-05-12,725.0
1939-05-13,695.0
1939-05-14,770.0
1939-05-15,832.0
1939-05-16,846.0
1939-05-17,818.0
1939-05-18,811.0
1939-05-19,818.0
1939-05-20,874.0
1939-05-21,818.0
1939-05-22,846.0
1939-05-23,860.0
1939-05-24,719.0
1939-05-25,764.0
1939-05-26,1000.0
1939-05-27,1080.0
1939-05-28,1060.0
1939-05-29,1000.0
1939-05-30,909.0
1939-05-31,909.0
1939-06-01,972.0
1939-06-02,1070.0
1939-06-03,1010.0
1939-06-04,832.0
1939-06-05,671.0
1939-06-06,616.0
1939-06-07,560.0
1939-06-08,530.0
1939-06-09,505.0
1939-06-10,485.0
1939-06-11,450.0
1939-06-12,500.0
1939-06-13,572.0
1939-06-14,572.0
1939-06-15,505.0
1939-06-16,446.0
1939-06-17,414.0
1939-06-18,385.0
1939-06-19,362.0
1939-06-20,351.0
1939-06-21,333.0
1939-06-22,323.0
1939-06-23,320.0
1939-06-24,326.0
1939-06-25,358.0
1939-06-26,520.0
1939-06-27,604.0
1939-06-28,599.0
1939-06-29,594.0
1939-06-30,566.0
1939-07-01,540.0
1939-07-02,330.0
1939-07-03,362.0
1939-07-04,402.0
1939-07-05,313.0
1939-07-06,326.0
1939-07-07,385.0
1939-07-08,406.0
1939-07-09,428.0
1939-07-10,465.0
1939-07-11,358.0
1939-07-12,340.0
1939-07-13,394.0
1939-07-14,358.0
1939-07-15,272.0
1939-07-16,224.0
1939-07-17,460.0
1939-07-18,550.0
1939-07-19,604.0
1939-07-20,610.0
1939-07-21,480.0
1939-07-22,446.0
1939-07-23,281.0
1939-07-24,233.0
1939-07-25,214.0
1939-07-26,281.0
1939-07-27,330.0
1939-07-28,347.0
1939-07-29,344.0
1939-07-30,480.0
1939-07-31,470.0
1939-08-01,428.0
1939-08-02,390.0
1939-08-03,369.0
1939-08-04,377.0
1939-08-05,394.0
1939-08-06,307.0
1939-08-07,284.0
1939-08-08,316.0
1939-08-09,264.0
1939-08-10,269.0
1939-08-11,212.0
1939-08-12,187.0
1939-08-13,194.0
1939-08-14,187.0
1939-08-15,210.0
1939-08-16,247.0
1939-08-17,258.0
1939-08-18,272.0
1939-08-19,291.0
1939-08-20,245.0
1939-08-21,217.0
1939-08-22,180.0
1939-08-23,165.0
1939-08-24,175.0
1939-08-25,189.0
1939-08-26,214.0
1939-08-27,237.0
1939-08-28,240.0
1939-08-29,219.0
1939-08-30,247.0
1939-08-31,256.0
1939-09-01,217.0
1939-09-02,221.0
1939-09-03,219.0
1939-09-04,214.0
1939-09-05,194.0
1939-09-06,194.0
1939-09-07,194.0
1939-09-08,210.0
1939-09-09,205.0
1939-09-10,165.0
1939-09-11,157.0
1939-09-12,155.0
1939-09-13,157.0
1939-09-14,203.0
1939-09-15,198.0
1939-09-16,182.0
1939-09-17,187.0
1939-09-18,171.0
1939-09-19,165.0
1939-09-20,167.0
1939-09-21,165.0
1939-09-22,167.0
1939-09-23,157.0
1939-09-24,155.0
1939-09-25,157.0
1939-09-26,157.0
1939-09-27,159.0
1939-09-28,157.0
1939-09-29,155.0
1939-09-30,157.0
1939-10-01,155.0
1939-10-02,157.0
1939-10-03,171.0
1939-10-04,146.0
1939-10-05,143.0
1939-10-06,141.0
1939-10-07,144.0
1939-10-08,165.0
1939-10-09,175.0
1939-10-10,153.0
1939-10-11,133.0
1939-10-12,134.0
1939-10-13,134.0
1939-10-14,131.0
1939-10-15,128.0
1939-10-16,122.0
1939-10-17,122.0
1939-10-18,123.0
1939-10-19,123.0
1939-10-20,122.0
1939-10-21,119.0
1939-10-22,117.0
1939-10-23,116.0
1939-10-24,125.0
1939-10-25,114.0
1939-10-26,130.0
1939-10-27,153.0
1939-10-28,146.0
1939-10-29,146.0
1939-10-30,139.0
1939-10-31,155.0
1939-11-01,151.0
1939-11-02,148.0
1939-11-03,130.0
1939-11-04,122.0
1939-11-05,107.0
1939-11-06,103.0
1939-11-07,104.0
1939-11-08,108.0
1939-11-09,112.0
1939-11-10,131.0
1939-11-11,136.0
1939-11-12,123.0
1939-11-13,110.0
1939-11-14,101.0
1939-11-15,92.0
1939-11-16,84.0
1939-11-17,80.0
1939-11-18,72.0
1939-11-19,68.0
1939-11-20,65.0
1939-11-21,63.0
1939-11-22,62.0
1939-11-23,61.0
1939-11-24,61.0
1939-11-25,60.0
1939-11-26,59.0
1939-11-27,58.0
1939-11-28,57.0
1939-11-29,56.0
1939-11-30,54.0
1939-12-01,55.0
1939-12-02,57.0
1939-12-03,56.0
1939-12-04,51.0
1939-12-05,48.0
1939-12-06,47.0
1939-12-07,46.0
1939-12-08,44.0
1939-12-09,43.0
1939-12-10,42.0
1939-12-11,40.0
1939-12-12,38.0
1939-12-13,38.0
1939-12-14,37.0
1939-12-15,39.0
1939-12-16,40.0
1939-12-17,36.0
1939-12-18,38.0
1939-12-19,39.0
1939-12-20,41.0
1939-12-21,38.0
1939-12-22,44.0
1939-12-23,49.0
1939-12-24,49.0
1939-12-25,49.0
1939-12-26,47.0
1939-12-27,46.0
1939-12-28,48.0
1939-12-29,50.0
1939-12-30,52.0
1939-12-31,54.0
1940-01-01,58.0
1940-01-02,60.0
1940-01-03,49.0
1940-01-04,44.0
1940-01-05,42.0
1940-01-06,42.0
1940-01-07,41.0
1940-01-08,38.0
1940-01-09,43.0
1940-01-10,47.0
1940-01-11,49.0
1940-01-12,46.0
1940-01-13,43.0
1940-01-14,41.0
1940-01-15,40.0
1940-01-16,45.0
1940-01-17,47.0
1940-01-18,40.0
1940-01-19,36.0
1940-01-20,35.0
1940-01-21,34.0
1940-01-22,34.0
1940-01-23,35.0
1940-01-24,37.0
1940-01-25,42.0
1940-01-26,49.0
1940-01-27,54.0
1940-01-28,58.0
1940-01-29,62.0
1940-01-30,62.0
1940-01-31,61.0
1940-02-01,61.0
1940-02-02,60.0
1940-02-03,58.0
1940-02-04,58.0
1940-02-05,60.0
1940-02-06,58.0
1940-02-07,60.0
1940-02-08,64.0
1940-02-09,59.0
1940-02-10,63.0
1940-02-11,66.0
1940-02-12,61.0
1940-02-13,56.0
1940-02-14,58.0
1940-02-15,62.0
1940-02-16,60.0
1940-02-17,58.0
1940-02-18,62.0
1940-02-19,67.0
1940-02-20,63.0
1940-02-21,57.0
1940-02-22,62.0
1940-02-23,67.0
1940-02-24,72.0
1940-02-25,80.0
1940-02-26,86.0
1940-02-27,92.0
1940-02-28,97.0
1940-02-29,97.0
1940-03-01,98.0
1940-03-02,92.0
1940-03-03,86.0
1940-03-04,85.0
1940-03-05,85.0
1940-03-06,86.0
1940-03-07,90.0
1940-03-08,98.0
1940-03-09,108.0
1940-03-10,112.0
1940-03-11,112.0
1940-03-12,106.0
1940-03-13,105.0
1940-03-14,110.0
1940-03-15,115.0
1940-03-16,120.0
1940-03-17,118.0
1940-03-18,110.0
1940-03-19,108.0
1940-03-20,120.0
1940-03-21,132.0
1940-03-22,139.0
1940-03-23,146.0
1940-03-24,146.0
1940-03-25,155.0
1940-03-26,163.0
1940-03-27,165.0
1940-03-28,167.0
1940-03-29,151.0
1940-03-30,146.0
1940-03-31,146.0
1940-04-01,155.0
1940-04-02,159.0
1940-04-03,146.0
1940-04-04,136.0
1940-04-05,134.0
1940-04-06,146.0
1940-04-07,146.0
1940-04-08,138.0
1940-04-09,214.0
1940-04-10,196.0
1940-04-11,184.0
1940-04-12,141.0
1940-04-13,182.0
1940-04-14,182.0
1940-04-15,196.0
1940-04-16,217.0
1940-04-17,187.0
1940-04-18,171.0
1940-04-19,182.0
1940-04-20,196.0
1940-04-21,203.0
1940-04-22,217.0
1940-04-23,235.0
1940-04-24,230.0
1940-04-25,237.0
1940-04-26,261.0
1940-04-27,253.0
1940-04-28,256.0
1940-04-29,221.0
1940-04-30,201.0
1940-05-01,173.0
1940-05-02,171.0
1940-05-03,184.0
1940-05-04,205.0
1940-05-05,203.0
1940-05-06,187.0
1940-05-07,187.0
1940-05-08,205.0
1940-05-09,203.0
1940-05-10,214.0
1940-05-11,214.0
1940-05-12,224.0
1940-05-13,214.0
1940-05-14,212.0
1940-05-15,212.0
1940-05-16,226.0
1940-05-17,266.0
1940-05-18,362.0
1940-05-19,442.0
1940-05-20,428.0
1940-05-21,500.0
1940-05-22,485.0
1940-05-23,490.0
1940-05-24,428.0
1940-05-25,410.0
1940-05-26,398.0
1940-05-27,358.0
1940-05-28,344.0
1940-05-29,358.0
1940-05-30,362.0
1940-05-31,362.0
1940-06-01,355.0
1940-06-02,326.0
1940-06-03,313.0
1940-06-04,303.0
1940-06-05,344.0
1940-06-06,362.0
1940-06-07,398.0
1940-06-08,428.0
1940-06-09,369.0
1940-06-10,303.0
1940-06-11,278.0
1940-06-12,269.0
1940-06-13,278.0
1940-06-14,300.0
1940-06-15,297.0
1940-06-16,303.0
1940-06-17,294.0
1940-06-18,460.0
1940-06-19,520.0
1940-06-20,490.0
1940-06-21,495.0
1940-06-22,530.0
1940-06-23,520.0
1940-06-24,545.0
1940-06-25,660.0
1940-06-26,572.0
1940-06-27,465.0
1940-06-28,240.0
1940-06-29,226.0
1940-06-30,221.0
1940-07-01,226.0
1940-07-02,237.0
1940-07-03,228.0
1940-07-04,240.0
1940-07-05,316.0
1940-07-06,242.0
1940-07-07,208.0
1940-07-08,187.0
1940-07-09,169.0
1940-07-10,157.0
1940-07-11,157.0
1940-07-12,171.0
1940-07-13,155.0
1940-07-14,182.0
1940-07-15,212.0
1940-07-16,256.0
1940-07-17,247.0
1940-07-18,237.0
1940-07-19,240.0
1940-07-20,233.0
1940-07-21,230.0
1940-07-22,233.0
1940-07-23,377.0
1940-07-24,475.0
1940-07-25,470.0
1940-07-26,500.0
1940-07-27,540.0
1940-07-28,545.0
1940-07-29,307.0
1940-07-30,214.0
1940-07-31,208.0
1940-08-01,212.0
1940-08-02,226.0
1940-08-03,205.0
1940-08-04,196.0
1940-08-05,189.0
1940-08-06,189.0
1940-08-07,194.0
1940-08-08,196.0
1940-08-09,182.0
1940-08-10,180.0
1940-08-11,178.0
1940-08-12,175.0
1940-08-13,187.0
1940-08-14,191.0
1940-08-15,191.0
1940-08-16,191.0
1940-08-17,288.0
1940-08-18,313.0
1940-08-19,307.0
1940-08-20,313.0
1940-08-21,323.0
1940-08-22,323.0
1940-08-23,410.0
1940-08-24,266.0
1940-08-25,187.0
1940-08-26,171.0
1940-08-27,159.0
1940-08-28,141.0
1940-08-29,134.0
1940-08-30,171.0
1940-08-31,180.0
1940-09-01,173.0
1940-09-02,171.0
1940-09-03,230.0
1940-09-04,212.0
1940-09-05,205.0
1940-09-06,196.0
1940-09-07,184.0
1940-09-08,184.0
1940-09-09,194.0
1940-09-10,313.0
1940-09-11,340.0
1940-09-12,203.0
1940-09-13,224.0
1940-09-14,264.0
1940-09-15,173.0
1940-09-16,157.0
1940-09-17,155.0
1940-09-18,151.0
1940-09-19,153.0
1940-09-20,161.0
1940-09-21,159.0
1940-09-22,163.0
1940-09-23,169.0
1940-09-24,175.0
1940-09-25,184.0
1940-09-26,205.0
1940-09-27,212.0
1940-09-28,205.0
1940-09-29,210.0
1940-09-30,212.0
1940-10-01,196.0
1940-10-02,184.0
1940-10-03,163.0
1940-10-04,148.0
1940-10-05,143.0
1940-10-06,155.0
1940-10-07,151.0
1940-10-08,141.0
1940-10-09,143.0
1940-10-10,157.0
1940-10-11,148.0
1940-10-12,143.0
1940-10-13,136.0
1940-10-14,136.0
1940-10-15,130.0
1940-10-16,126.0
1940-10-17,123.0
1940-10-18,116.0
1940-10-19,114.0
1940-10-20,110.0
1940-10-21,107.0
1940-10-22,115.0
1940-10-23,119.0
1940-10-24,120.0
1940-10-25,120.0
1940-10-26,119.0
1940-10-27,120.0
1940-10-28,122.0
1940-10-29,106.0
1940-10-30,106.0
1940-10-31,106.0
1940-11-01,93.0
1940-11-02,98.0
1940-11-03,107.0
1940-11-04,108.0
1940-11-05,94.0
1940-11-06,97.0
1940-11-07,104.0
1940-11-08,107.0
1940-11-09,106.0
1940-11-10,106.0
1940-11-11,82.0
1940-11-12,98.0
1940-11-13,84.0
1940-11-14,75.0
1940-11-15,102.0
1940-11-16,120.0
1940-11-17,120.0
1940-11-18,114.0
1940-11-19,103.0
1940-11-20,76.0
1940-11-21,83.0
1940-11-22,97.0
1940-11-23,102.0
1940-11-24,99.0
1940-11-25,97.0
1940-11-26,95.0
1940-11-27,78.0
1940-11-28,93.0
1940-11-29,99.0
1940-11-30,99.0
1940-12-01,93.0
1940-12-02,92.0
1940-12-03,90.0
1940-12-04,93.0
1940-12-05,82.0
1940-12-06,89.0
1940-12-07,86.0
1940-12-08,93.0
1940-12-09,84.0
1940-12-10,92.0
1940-12-11,70.0
1940-12-12,73.0
1940-12-13,69.0
1940-12-14,67.0
1940-12-15,63.0
1940-12-16,60.0
1940-12-17,60.0
1940-12-18,64.0
1940-12-19,73.0
1940-12-20,79.0
1940-12-21,84.0
1940-12-22,91.0
1940-12-23,90.0
1940-12-24,84.0
1940-12-25,81.0
1940-12-26,80.0
1940-12-27,83.0
1940-12-28,86.0
1940-12-29,84.0
1940-12-30,83.0
1940-12-31,81.0
1941-01-01,78.0
1941-01-02,76.0
1941-01-03,74.0
1941-01-04,73.0
1941-01-05,74.0
1941-01-06,78.0
1941-01-07,82.0
1941-01-08,89.0
1941-01-09,100.0
1941-01-10,96.0
1941-01-11,92.0
1941-01-12,91.0
1941-01-13,90.0
1941-01-14,87.0
1941-01-15,84.0
1941-01-16,81.0
1941-01-17,79.0
1941-01-18,81.0
1941-01-19,87.0
1941-01-20,90.0
1941-01-21,88.0
1941-01-22,78.0
1941-01-23,72.0
1941-01-24,62.0
1941-01-25,59.0
1941-01-26,59.0
1941-01-27,62.0
1941-01-28,63.0
1941-01-29,65.0
1941-01-30,66.0
1941-01-31,67.0
1941-02-01,66.0
1941-02-02,66.0
1941-02-03,66.0
1941-02-04,67.0
1941-02-05,68.0
1941-02-06,68.0
1941-02-07,67.0
1941-02-08,65.0
1941-02-09,66.0
1941-02-10,68.0
1941-02-11,69.0
1941-02-12,70.0
1941-02-13,69.0
1941-02-14,66.0
1941-02-15,66.0
1941-02-16,66.0
1941-02-17,67.0
1941-02-18,67.0
1941-02-19,66.0
1941-02-20,66.0
1941-02-21,69.0
1941-02-22,72.0
1941-02-23,75.0
1941-02-24,82.0
1941-02-25,81.0
1941-02-26,79.0
1941-02-27,78.0
1941-02-28,80.0
1941-03-01,88.0
1941-03-02,92.0
1941-03-03,90.0
1941-03-04,86.0
1941-03-05,80.0
1941-03-06,77.0
1941-03-07,73.0
1941-03-08,67.0
1941-03-09,62.0
1941-03-10,60.0
1941-03-11,61.0
1941-03-12,63.0
1941-03-13,61.0
1941-03-14,64.0
1941-03-15,74.0
1941-03-16,81.0
1941-03-17,83.0
1941-03-18,89.0
1941-03-19,100.0
1941-03-20,108.0
1941-03-21,114.0
1941-03-22,119.0
1941-03-23,111.0
1941-03-24,108.0
1941-03-25,94.0
1941-03-26,84.0
1941-03-27,95.0
1941-03-28,93.0
1941-03-29,99.0
1941-03-30,111.0
1941-03-31,116.0
1941-04-01,130.0
1941-04-02,119.0
1941-04-03,112.0
1941-04-04,110.0
1941-04-05,120.0
1941-04-06,141.0
1941-04-07,120.0
1941-04-08,112.0
1941-04-09,111.0
1941-04-10,117.0
1941-04-11,131.0
1941-04-12,291.0
1941-04-13,330.0
1941-04-14,428.0
1941-04-15,515.0
1941-04-16,390.0
1941-04-17,390.0
1941-04-18,313.0
1941-04-19,189.0
1941-04-20,153.0
1941-04-21,151.0
1941-04-22,240.0
1941-04-23,269.0
1941-04-24,307.0
1941-04-25,310.0
1941-04-26,337.0
1941-04-27,410.0
1941-04-28,665.0
1941-04-29,902.0
1941-04-30,1130.0
1941-05-01,1310.0
1941-05-02,965.0
1941-05-03,825.0
1941-05-04,582.0
1941-05-05,560.0
1941-05-06,535.0
1941-05-07,515.0
1941-05-08,594.0
1941-05-09,874.0
1941-05-10,874.0
1941-05-11,846.0
1941-05-12,818.0
1941-05-13,1000.0
1941-05-14,1130.0
1941-05-15,993.0
1941-05-16,777.0
1941-05-17,1080.0
1941-05-18,1230.0
1941-05-19,1050.0
1941-05-20,832.0
1941-05-21,797.0
1941-05-22,867.0
1941-05-23,972.0
1941-05-24,1040.0
1941-05-25,1050.0
1941-05-26,1180.0
1941-05-27,1230.0
1941-05-28,1060.0
1941-05-29,944.0
1941-05-30,853.0
1941-05-31,895.0
1941-06-01,937.0
1941-06-02,846.0
1941-06-03,853.0
1941-06-04,1130.0
1941-06-05,1240.0
1941-06-06,1520.0
1941-06-07,1080.0
1941-06-08,930.0
1941-06-09,665.0
1941-06-10,588.0
1941-06-11,560.0
1941-06-12,510.0
1941-06-13,495.0
1941-06-14,515.0
1941-06-15,572.0
1941-06-16,594.0
1941-06-17,626.0
1941-06-18,665.0
1941-06-19,665.0
1941-06-20,902.0
1941-06-21,965.0
1941-06-22,965.0
1941-06-23,1090.0
1941-06-24,1030.0
1941-06-25,1150.0
1941-06-26,1070.0
1941-06-27,1090.0
1941-06-28,1270.0
1941-06-29,1100.0
1941-06-30,744.0
1941-07-01,410.0
1941-07-02,505.0
1941-07-03,616.0
1941-07-04,616.0
1941-07-05,695.0
1941-07-06,689.0
1941-07-07,599.0
1941-07-08,588.0
1941-07-09,577.0
1941-07-10,545.0
1941-07-11,577.0
1941-07-12,758.0
1941-07-13,797.0
1941-07-14,846.0
1941-07-15,784.0
1941-07-16,701.0
1941-07-17,550.0
1941-07-18,490.0
1941-07-19,410.0
1941-07-20,390.0
1941-07-21,402.0
1941-07-22,520.0
1941-07-23,545.0
1941-07-24,510.0
1941-07-25,520.0
1941-07-26,540.0
1941-07-27,550.0
1941-07-28,566.0
1941-07-29,638.0
1941-07-30,660.0
1941-07-31,604.0
1941-08-01,550.0
1941-08-02,485.0
1941-08-03,406.0
1941-08-04,333.0
1941-08-05,284.0
1941-08-06,326.0
1941-08-07,621.0
1941-08-08,874.0
1941-08-09,846.0
1941-08-10,790.0
1941-08-11,860.0
1941-08-12,923.0
1941-08-13,707.0
1941-08-14,643.0
1941-08-15,846.0
1941-08-16,853.0
1941-08-17,725.0
1941-08-18,671.0
1941-08-19,643.0
1941-08-20,566.0
1941-08-21,437.0
1941-08-22,428.0
1941-08-23,510.0
1941-08-24,535.0
1941-08-25,510.0
1941-08-26,450.0
1941-08-27,355.0
1941-08-28,313.0
1941-08-29,355.0
1941-08-30,344.0
1941-08-31,278.0
1941-09-01,269.0
1941-09-02,402.0
1941-09-03,437.0
1941-09-04,424.0
1941-09-05,460.0
1941-09-06,465.0
1941-09-07,428.0
1941-09-08,373.0
1941-09-09,369.0
1941-09-10,419.0
1941-09-11,428.0
1941-09-12,465.0
1941-09-13,394.0
1941-09-14,381.0
1941-09-15,330.0
1941-09-16,258.0
1941-09-17,253.0
1941-09-18,233.0
1941-09-19,235.0
1941-09-20,253.0
1941-09-21,237.0
1941-09-22,303.0
1941-09-23,323.0
1941-09-24,303.0
1941-09-25,344.0
1941-09-26,414.0
1941-09-27,362.0
1941-09-28,221.0
1941-09-29,233.0
1941-09-30,269.0
1941-10-01,284.0
1941-10-02,272.0
1941-10-03,278.0
1941-10-04,310.0
1941-10-05,419.0
1941-10-06,355.0
1941-10-07,398.0
1941-10-08,362.0
1941-10-09,381.0
1941-10-10,381.0
1941-10-11,269.0
1941-10-12,256.0
1941-10-13,294.0
1941-10-14,362.0
1941-10-15,424.0
1941-10-16,410.0
1941-10-17,442.0
1941-10-18,428.0
1941-10-19,410.0
1941-10-20,381.0
1941-10-21,362.0
1941-10-22,373.0
1941-10-23,495.0
1941-10-24,632.0
1941-10-25,599.0
1941-10-26,604.0
1941-10-27,550.0
1941-10-28,510.0
1941-10-29,480.0
1941-10-30,390.0
1941-10-31,351.0
1941-11-01,281.0
1941-11-02,237.0
1941-11-03,226.0
1941-11-04,210.0
1941-11-05,205.0
1941-11-06,212.0
1941-11-07,203.0
1941-11-08,178.0
1941-11-09,208.0
1941-11-10,203.0
1941-11-11,182.0
1941-11-12,175.0
1941-11-13,191.0
1941-11-14,180.0
1941-11-15,173.0
1941-11-16,169.0
1941-11-17,167.0
1941-11-18,165.0
1941-11-19,150.0
1941-11-20,114.0
1941-11-21,104.0
1941-11-22,107.0
1941-11-23,105.0
1941-11-24,125.0
1941-11-25,145.0
1941-11-26,175.0
1941-11-27,165.0
1941-11-28,159.0
1941-11-29,155.0
1941-11-30,159.0
1941-12-01,150.0
1941-12-02,134.0
1941-12-03,141.0
1941-12-04,138.0
1941-12-05,107.0
1941-12-06,98.0
1941-12-07,131.0
1941-12-08,116.0
1941-12-09,115.0
1941-12-10,115.0
1941-12-11,111.0
1941-12-12,108.0
1941-12-13,98.0
1941-12-14,104.0
1941-12-15,104.0
1941-12-16,115.0
1941-12-17,110.0
1941-12-18,106.0
1941-12-19,105.0
1941-12-20,107.0
1941-12-21,116.0
1941-12-22,107.0
1941-12-23,100.0
1941-12-24,102.0
1941-12-25,108.0
1941-12-26,100.0
1941-12-27,94.0
1941-12-28,90.0
1941-12-29,93.0
1941-12-30,98.0
1941-12-31,94.0
1942-01-01,93.0
1942-01-02,98.0
1942-01-03,93.0
1942-01-04,84.0
1942-01-05,82.0
1942-01-06,84.0
1942-01-07,88.0
1942-01-08,92.0
1942-01-09,97.0
1942-01-10,107.0
1942-01-11,104.0
1942-01-12,97.0
1942-01-13,94.0
1942-01-14,92.0
1942-01-15,88.0
1942-01-16,85.0
1942-01-17,83.0
1942-01-18,81.0
1942-01-19,82.0
1942-01-20,87.0
1942-01-21,93.0
1942-01-22,98.0
1942-01-23,96.0
1942-01-24,92.0
1942-01-25,90.0
1942-01-26,90.0
1942-01-27,94.0
1942-01-28,96.0
1942-01-29,94.0
1942-01-30,87.0
1942-01-31,80.0
1942-02-01,81.0
1942-02-02,86.0
1942-02-03,96.0
1942-02-04,101.0
1942-02-05,100.0
1942-02-06,97.0
1942-02-07,98.0
1942-02-08,108.0
1942-02-09,105.0
1942-02-10,96.0
1942-02-11,84.0
1942-02-12,87.0
1942-02-13,91.0
1942-02-14,86.0
1942-02-15,83.0
1942-02-16,76.0
1942-02-17,74.0
1942-02-18,70.0
1942-02-19,70.0
1942-02-20,80.0
1942-02-21,90.0
1942-02-22,88.0
1942-02-23,83.0
1942-02-24,78.0
1942-02-25,75.0
1942-02-26,80.0
1942-02-27,82.0
1942-02-28,84.0
1942-03-01,96.0
1942-03-02,106.0
1942-03-03,102.0
1942-03-04,93.0
1942-03-05,105.0
1942-03-06,110.0
1942-03-07,100.0
1942-03-08,100.0
1942-03-09,111.0
1942-03-10,119.0
1942-03-11,117.0
1942-03-12,108.0
1942-03-13,103.0
1942-03-14,101.0
1942-03-15,101.0
1942-03-16,107.0
1942-03-17,110.0
1942-03-18,110.0
1942-03-19,107.0
1942-03-20,104.0
1942-03-21,119.0
1942-03-22,130.0
1942-03-23,140.0
1942-03-24,140.0
1942-03-25,138.0
1942-03-26,133.0
1942-03-27,123.0
1942-03-28,111.0
1942-03-29,129.0
1942-03-30,139.0
1942-03-31,150.0
1942-04-01,165.0
1942-04-02,184.0
1942-04-03,240.0
1942-04-04,310.0
1942-04-05,344.0
1942-04-06,455.0
1942-04-07,428.0
1942-04-08,351.0
1942-04-09,480.0
1942-04-10,572.0
1942-04-11,890.0
1942-04-12,1320.0
1942-04-13,1510.0
1942-04-14,1700.0
1942-04-15,1860.0
1942-04-16,1820.0
1942-04-17,1700.0
1942-04-18,1830.0
1942-04-19,2220.0
1942-04-20,2180.0
1942-04-21,2670.0
1942-04-22,3280.0
1942-04-23,4770.0
1942-04-24,4440.0
1942-04-25,3820.0
1942-04-26,3890.0
1942-04-27,3820.0
1942-04-28,3640.0
1942-04-29,3710.0
1942-04-30,4050.0
1942-05-01,3760.0
1942-05-02,3870.0
1942-05-03,3660.0
1942-05-04,3740.0
1942-05-05,4000.0
1942-05-06,3930.0
1942-05-07,3990.0
1942-05-08,4020.0
1942-05-09,4040.0
1942-05-10,3990.0
1942-05-11,3990.0
1942-05-12,3860.0
1942-05-13,3490.0
1942-05-14,3330.0
1942-05-15,2980.0
1942-05-16,2670.0
1942-05-17,2430.0
1942-05-18,2210.0
1942-05-19,2060.0
1942-05-20,1960.0
1942-05-21,1880.0
1942-05-22,1900.0
1942-05-23,1970.0
1942-05-24,2000.0
1942-05-25,2100.0
1942-05-26,2460.0
1942-05-27,2790.0
1942-05-28,2370.0
1942-05-29,2450.0
1942-05-30,2280.0
1942-05-31,2180.0
1942-06-01,2200.0
1942-06-02,2240.0
1942-06-03,2140.0
1942-06-04,2230.0
1942-06-05,2140.0
1942-06-06,2220.0
1942-06-07,2250.0
1942-06-08,2530.0
1942-06-09,2510.0
1942-06-10,2430.0
1942-06-11,2390.0
1942-06-12,2240.0
1942-06-13,2340.0
1942-06-14,2350.0
1942-06-15,2230.0
1942-06-16,2100.0
1942-06-17,2130.0
1942-06-18,2130.0
1942-06-19,2040.0
1942-06-20,1930.0
1942-06-21,1950.0
1942-06-22,2060.0
1942-06-23,2000.0
1942-06-24,1900.0
1942-06-25,1780.0
1942-06-26,1670.0
1942-06-27,1590.0
1942-06-28,1470.0
1942-06-29,1370.0
1942-06-30,1470.0
1942-07-01,1560.0
1942-07-02,1470.0
1942-07-03,1420.0
1942-07-04,1360.0
1942-07-05,1280.0
1942-07-06,1170.0
1942-07-07,1120.0
1942-07-08,1080.0
1942-07-09,1040.0
1942-07-10,1040.0
1942-07-11,1050.0
1942-07-12,1010.0
1942-07-13,932.0
1942-07-14,1000.0
1942-07-15,932.0
1942-07-16,948.0
1942-07-17,925.0
1942-07-18,955.0
1942-07-19,1020.0
1942-07-20,1100.0
1942-07-21,1080.0
1942-07-22,911.0
1942-07-23,816.0
1942-07-24,784.0
1942-07-25,719.0
1942-07-26,643.0
1942-07-27,610.0
1942-07-28,610.0
1942-07-29,707.0
1942-07-30,654.0
1942-07-31,604.0
1942-08-01,604.0
1942-08-02,764.0
1942-08-03,1200.0
1942-08-04,1450.0
1942-08-05,1280.0
1942-08-06,970.0
1942-08-07,836.0
1942-08-08,784.0
1942-08-09,744.0
1942-08-10,701.0
1942-08-11,665.0
1942-08-12,643.0
1942-08-13,616.0
1942-08-14,677.0
1942-08-15,707.0
1942-08-16,599.0
1942-08-17,671.0
1942-08-18,683.0
1942-08-19,842.0
1942-08-20,751.0
1942-08-21,777.0
1942-08-22,621.0
1942-08-23,555.0
1942-08-24,638.0
1942-08-25,626.0
1942-08-26,572.0
1942-08-27,480.0
1942-08-28,490.0
1942-08-29,520.0
1942-08-30,455.0
1942-08-31,566.0
1942-09-01,599.0
1942-09-02,671.0
1942-09-03,713.0
1942-09-04,695.0
1942-09-05,510.0
1942-09-06,490.0
1942-09-07,460.0
1942-09-08,437.0
1942-09-09,369.0
1942-09-10,300.0
1942-09-11,307.0
1942-09-12,333.0
1942-09-13,326.0
1942-09-14,323.0
1942-09-15,313.0
1942-09-16,300.0
1942-09-17,269.0
1942-09-18,281.0
1942-09-19,275.0
1942-09-20,275.0
1942-09-21,266.0
1942-09-22,264.0
1942-09-23,281.0
1942-09-24,242.0
1942-09-25,233.0
1942-09-26,230.0
1942-09-27,228.0
1942-09-28,224.0
1942-09-29,194.0
1942-09-30,189.0
1942-10-01,214.0
1942-10-02,221.0
1942-10-03,224.0
1942-10-04,221.0
1942-10-05,221.0
1942-10-06,221.0
1942-10-07,219.0
1942-10-08,198.0
1942-10-09,196.0
1942-10-10,196.0
1942-10-11,226.0
1942-10-12,228.0
1942-10-13,230.0
1942-10-14,212.0
1942-10-15,233.0
1942-10-16,307.0
1942-10-17,326.0
1942-10-18,297.0
1942-10-19,269.0
1942-10-20,242.0
1942-10-21,264.0
1942-10-22,237.0
1942-10-23,235.0
1942-10-24,230.0
1942-10-25,237.0
1942-10-26,233.0
1942-10-27,233.0
1942-10-28,226.0
1942-10-29,219.0
1942-10-30,208.0
1942-10-31,196.0
1942-11-01,201.0
1942-11-02,210.0
1942-11-03,205.0
1942-11-04,203.0
1942-11-05,194.0
1942-11-06,182.0
1942-11-07,194.0
1942-11-08,191.0
1942-11-09,198.0
1942-11-10,167.0
1942-11-11,153.0
1942-11-12,161.0
1942-11-13,169.0
1942-11-14,159.0
1942-11-15,163.0
1942-11-16,163.0
1942-11-17,130.0
1942-11-18,146.0
1942-11-19,159.0
1942-11-20,159.0
1942-11-21,131.0
1942-11-22,112.0
1942-11-23,161.0
1942-11-24,219.0
1942-11-25,184.0
1942-11-26,133.0
1942-11-27,189.0
1942-11-28,224.0
1942-11-29,194.0
1942-11-30,224.0
1942-12-01,187.0
1942-12-02,196.0
1942-12-03,182.0
1942-12-04,171.0
1942-12-05,178.0
1942-12-06,117.0
1942-12-07,104.0
1942-12-08,126.0
1942-12-09,163.0
1942-12-10,191.0
1942-12-11,189.0
1942-12-12,184.0
1942-12-13,173.0
1942-12-14,178.0
1942-12-15,180.0
1942-12-16,159.0
1942-12-17,163.0
1942-12-18,157.0
1942-12-19,144.0
1942-12-20,141.0
1942-12-21,146.0
1942-12-22,143.0
1942-12-23,146.0
1942-12-24,157.0
1942-12-25,153.0
1942-12-26,150.0
1942-12-27,126.0
1942-12-28,114.0
1942-12-29,167.0
1942-12-30,153.0
1942-12-31,169.0
1943-01-01,165.0
1943-01-02,153.0
1943-01-03,144.0
1943-01-04,116.0
1943-01-05,125.0
1943-01-06,134.0
1943-01-07,124.0
1943-01-08,128.0
1943-01-09,134.0
1943-01-10,137.0
1943-01-11,130.0
1943-01-12,124.0
1943-01-13,133.0
1943-01-14,150.0
1943-01-15,153.0
1943-01-16,140.0
1943-01-17,125.0
1943-01-18,135.0
1943-01-19,158.0
1943-01-20,172.0
1943-01-21,172.0
1943-01-22,178.0
1943-01-23,182.0
1943-01-24,178.0
1943-01-25,176.0
1943-01-26,158.0
1943-01-27,170.0
1943-01-28,176.0
1943-01-29,164.0
1943-01-30,152.0
1943-01-31,140.0
1943-02-01,124.0
1943-02-02,124.0
1943-02-03,124.0
1943-02-04,107.0
1943-02-05,110.0
1943-02-06,108.0
1943-02-07,114.0
1943-02-08,120.0
1943-02-09,122.0
1943-02-10,110.0
1943-02-11,111.0
1943-02-12,112.0
1943-02-13,111.0
1943-02-14,115.0
1943-02-15,114.0
1943-02-16,112.0
1943-02-17,103.0
1943-02-18,108.0
1943-02-19,110.0
1943-02-20,115.0
1943-02-21,108.0
1943-02-22,115.0
1943-02-23,110.0
1943-02-24,115.0
1943-02-25,111.0
1943-02-26,107.0
1943-02-27,102.0
1943-02-28,110.0
1943-03-01,95.0
1943-03-02,75.0
1943-03-03,86.0
1943-03-04,126.0
1943-03-05,122.0
1943-03-06,114.0
1943-03-07,130.0
1943-03-08,134.0
1943-03-09,136.0
1943-03-10,120.0
1943-03-11,107.0
1943-03-12,108.0
1943-03-13,110.0
1943-03-14,116.0
1943-03-15,117.0
1943-03-16,97.0
1943-03-17,103.0
1943-03-18,107.0
1943-03-19,94.0
1943-03-20,94.0
1943-03-21,104.0
1943-03-22,107.0
1943-03-23,106.0
1943-03-24,100.0
1943-03-25,102.0
1943-03-26,116.0
1943-03-27,119.0
1943-03-28,106.0
1943-03-29,130.0
1943-03-30,134.0
1943-03-31,133.0
1943-04-01,125.0
1943-04-02,119.0
1943-04-03,133.0
1943-04-04,139.0
1943-04-05,133.0
1943-04-06,139.0
1943-04-07,155.0
1943-04-08,161.0
1943-04-09,164.0
1943-04-10,160.0
1943-04-11,158.0
1943-04-12,153.0
1943-04-13,163.0
1943-04-14,169.0
1943-04-15,171.0
1943-04-16,178.0
1943-04-17,175.0
1943-04-18,182.0
1943-04-19,182.0
1943-04-20,191.0
1943-04-21,250.0
1943-04-22,437.0
1943-04-23,398.0
1943-04-24,365.0
1943-04-25,385.0
1943-04-26,362.0
1943-04-27,385.0
1943-04-28,398.0
1943-04-29,402.0
1943-04-30,419.0
1943-05-01,446.0
1943-05-02,485.0
1943-05-03,490.0
1943-05-04,495.0
1943-05-05,485.0
1943-05-06,480.0
1943-05-07,535.0
1943-05-08,540.0
1943-05-09,505.0
1943-05-10,525.0
1943-05-11,510.0
1943-05-12,500.0
1943-05-13,510.0
1943-05-14,485.0
1943-05-15,446.0
1943-05-16,406.0
1943-05-17,337.0
1943-05-18,355.0
1943-05-19,381.0
1943-05-20,300.0
1943-05-21,337.0
1943-05-22,385.0
1943-05-23,450.0
1943-05-24,460.0
1943-05-25,450.0
1943-05-26,450.0
1943-05-27,455.0
1943-05-28,485.0
1943-05-29,525.0
1943-05-30,713.0
1943-05-31,695.0
1943-06-01,616.0
1943-06-02,643.0
1943-06-03,577.0
1943-06-04,530.0
1943-06-05,500.0
1943-06-06,485.0
1943-06-07,510.0
1943-06-08,500.0
1943-06-09,525.0
1943-06-10,540.0
1943-06-11,530.0
1943-06-12,510.0
1943-06-13,500.0
1943-06-14,495.0
1943-06-15,490.0
1943-06-16,460.0
1943-06-17,442.0
1943-06-18,437.0
1943-06-19,428.0
1943-06-20,414.0
1943-06-21,419.0
1943-06-22,419.0
1943-06-23,419.0
1943-06-24,419.0
1943-06-25,432.0
1943-06-26,470.0
1943-06-27,505.0
1943-06-28,566.0
1943-06-29,560.0
1943-06-30,732.0
1943-07-01,707.0
1943-07-02,638.0
1943-07-03,560.0
1943-07-04,490.0
1943-07-05,442.0
1943-07-06,414.0
1943-07-07,390.0
1943-07-08,377.0
1943-07-09,480.0
1943-07-10,419.0
1943-07-11,442.0
1943-07-12,432.0
1943-07-13,419.0
1943-07-14,394.0
1943-07-15,369.0
1943-07-16,390.0
1943-07-17,402.0
1943-07-18,365.0
1943-07-19,281.0
1943-07-20,320.0
1943-07-21,351.0
1943-07-22,490.0
1943-07-23,610.0
1943-07-24,355.0
1943-07-25,344.0
1943-07-26,323.0
1943-07-27,337.0
1943-07-28,358.0
1943-07-29,333.0
1943-07-30,355.0
1943-07-31,347.0
1943-08-01,347.0
1943-08-02,358.0
1943-08-03,588.0
1943-08-04,638.0
1943-08-05,689.0
1943-08-06,665.0
1943-08-07,695.0
1943-08-08,520.0
1943-08-09,442.0
1943-08-10,351.0
1943-08-11,432.0
1943-08-12,490.0
1943-08-13,419.0
1943-08-14,358.0
1943-08-15,337.0
1943-08-16,381.0
1943-08-17,455.0
1943-08-18,490.0
1943-08-19,495.0
1943-08-20,490.0
1943-08-21,446.0
1943-08-22,432.0
1943-08-23,424.0
1943-08-24,373.0
1943-08-25,358.0
1943-08-26,351.0
1943-08-27,362.0
1943-08-28,351.0
1943-08-29,340.0
1943-08-30,340.0
1943-08-31,330.0
1943-09-01,297.0
1943-09-02,266.0
1943-09-03,261.0
1943-09-04,256.0
1943-09-05,253.0
1943-09-06,247.0
1943-09-07,240.0
1943-09-08,228.0
1943-09-09,221.0
1943-09-10,214.0
1943-09-11,205.0
1943-09-12,178.0
1943-09-13,175.0
1943-09-14,175.0
1943-09-15,173.0
1943-09-16,189.0
1943-09-17,189.0
1943-09-18,189.0
1943-09-19,189.0
1943-09-20,182.0
1943-09-21,169.0
1943-09-22,187.0
1943-09-23,178.0
1943-09-24,163.0
1943-09-25,157.0
1943-09-26,155.0
1943-09-27,153.0
1943-09-28,155.0
1943-09-29,157.0
1943-09-30,167.0
1943-10-01,178.0
1943-10-02,163.0
1943-10-03,157.0
1943-10-04,153.0
1943-10-05,148.0
1943-10-06,144.0
1943-10-07,146.0
1943-10-08,159.0
1943-10-09,157.0
1943-10-10,148.0
1943-10-11,146.0
1943-10-12,203.0
1943-10-13,205.0
1943-10-14,205.0
1943-10-15,203.0
1943-10-16,221.0
1943-10-17,226.0
1943-10-18,226.0
1943-10-19,228.0
1943-10-20,221.0
1943-10-21,212.0
1943-10-22,219.0
1943-10-23,228.0
1943-10-24,224.0
1943-10-25,217.0
1943-10-26,214.0
1943-10-27,214.0
1943-10-28,212.0
1943-10-29,178.0
1943-10-30,157.0
1943-10-31,161.0
1943-11-01,171.0
1943-11-02,150.0
1943-11-03,163.0
1943-11-04,191.0
1943-11-05,196.0
1943-11-06,196.0
1943-11-07,159.0
1943-11-08,125.0
1943-11-09,151.0
1943-11-10,150.0
1943-11-11,167.0
1943-11-12,163.0
1943-11-13,159.0
1943-11-14,155.0
1943-11-15,114.0
1943-11-16,94.0
1943-11-17,94.0
1943-11-18,103.0
1943-11-19,99.0
1943-11-20,94.0
1943-11-21,92.0
1943-11-22,93.0
1943-11-23,92.0
1943-11-24,89.0
1943-11-25,94.0
1943-11-26,82.0
1943-11-27,75.0
1943-11-28,75.0
1943-11-29,82.0
1943-11-30,79.0
1943-12-01,82.0
1943-12-02,89.0
1943-12-03,79.0
1943-12-04,79.0
1943-12-05,82.0
1943-12-06,87.0
1943-12-07,80.0
1943-12-08,82.0
1943-12-09,76.0
1943-12-10,75.0
1943-12-11,71.0
1943-12-12,68.0
1943-12-13,65.0
1943-12-14,67.0
1943-12-15,72.0
1943-12-16,66.0
1943-12-17,62.0
1943-12-18,63.0
1943-12-19,67.0
1943-12-20,70.0
1943-12-21,73.0
1943-12-22,82.0
1943-12-23,89.0
1943-12-24,90.0
1943-12-25,90.0
1943-12-26,89.0
1943-12-27,86.0
1943-12-28,82.0
1943-12-29,82.0
1943-12-30,88.0
1943-12-31,97.0
1944-01-01,98.0
1944-01-02,98.0
1944-01-03,99.0
1944-01-04,96.0
1944-01-05,93.0
1944-01-06,92.0
1944-01-07,96.0
1944-01-08,92.0
1944-01-09,89.0
1944-01-10,91.0
1944-01-11,96.0
1944-01-12,94.0
1944-01-13,93.0
1944-01-14,94.0
1944-01-15,98.0
1944-01-16,102.0
1944-01-17,100.0
1944-01-18,100.0
1944-01-19,102.0
1944-01-20,103.0
1944-01-21,105.0
1944-01-22,106.0
1944-01-23,108.0
1944-01-24,110.0
1944-01-25,109.0
1944-01-26,108.0
1944-01-27,105.0
1944-01-28,107.0
1944-01-29,104.0
1944-01-30,102.0
1944-01-31,103.0
1944-02-01,104.0
1944-02-02,70.0
1944-02-03,64.0
1944-02-04,63.0
1944-02-05,62.0
1944-02-06,64.0
1944-02-07,72.0
1944-02-08,76.0
1944-02-09,74.0
1944-02-10,60.0
1944-02-11,50.0
1944-02-12,43.0
1944-02-13,43.0
1944-02-14,44.0
1944-02-15,47.0
1944-02-16,50.0
1944-02-17,54.0
1944-02-18,53.0
1944-02-19,51.0
1944-02-20,50.0
1944-02-21,56.0
1944-02-22,60.0
1944-02-23,61.0
1944-02-24,62.0
1944-02-25,64.0
1944-02-26,66.0
1944-02-27,59.0
1944-02-28,61.0
1944-02-29,62.0
1944-03-01,62.0
1944-03-02,66.0
1944-03-03,70.0
1944-03-04,64.0
1944-03-05,66.0
1944-03-06,47.0
1944-03-07,51.0
1944-03-08,54.0
1944-03-09,59.0
1944-03-10,66.0
1944-03-11,62.0
1944-03-12,67.0
1944-03-13,72.0
1944-03-14,77.0
1944-03-15,60.0
1944-03-16,67.0
1944-03-17,73.0
1944-03-18,78.0
1944-03-19,60.0
1944-03-20,70.0
1944-03-21,64.0
1944-03-22,56.0
1944-03-23,66.0
1944-03-24,66.0
1944-03-25,58.0
1944-03-26,53.0
1944-03-27,47.0
1944-03-28,42.0
1944-03-29,37.0
1944-03-30,58.0
1944-03-31,80.0
1944-04-01,94.0
1944-04-02,86.0
1944-04-03,90.0
1944-04-04,111.0
1944-04-05,134.0
1944-04-06,159.0
1944-04-07,167.0
1944-04-08,167.0
1944-04-09,217.0
1944-04-10,208.0
1944-04-11,159.0
1944-04-12,247.0
1944-04-13,275.0
1944-04-14,261.0
1944-04-15,230.0
1944-04-16,228.0
1944-04-17,212.0
1944-04-18,182.0
1944-04-19,210.0
1944-04-20,187.0
1944-04-21,180.0
1944-04-22,182.0
1944-04-23,171.0
1944-04-24,182.0
1944-04-25,212.0
1944-04-26,235.0
1944-04-27,300.0
1944-04-28,394.0
1944-04-29,398.0
1944-04-30,358.0
1944-05-01,381.0
1944-05-02,414.0
1944-05-03,347.0
1944-05-04,326.0
1944-05-05,344.0
1944-05-06,414.0
1944-05-07,572.0
1944-05-08,588.0
1944-05-09,621.0
1944-05-10,665.0
1944-05-11,621.0
1944-05-12,713.0
1944-05-13,770.0
1944-05-14,869.0
1944-05-15,842.0
1944-05-16,1060.0
1944-05-17,1310.0
1944-05-18,1200.0
1944-05-19,1110.0
1944-05-20,1100.0
1944-05-21,1110.0
1944-05-22,1130.0
1944-05-23,1200.0
1944-05-24,1210.0
1944-05-25,1110.0
1944-05-26,1060.0
1944-05-27,1060.0
1944-05-28,1140.0
1944-05-29,1280.0
1944-05-30,1420.0
1944-05-31,1580.0
1944-06-01,1540.0
1944-06-02,1460.0
1944-06-03,1350.0
1944-06-04,1300.0
1944-06-05,1230.0
1944-06-06,1230.0
1944-06-07,1360.0
1944-06-08,1210.0
1944-06-09,1240.0
1944-06-10,1340.0
1944-06-11,1180.0
1944-06-12,1080.0
1944-06-13,1050.0
1944-06-14,1030.0
1944-06-15,970.0
1944-06-16,955.0
1944-06-17,911.0
1944-06-18,842.0
1944-06-19,842.0
1944-06-20,842.0
1944-06-21,790.0
1944-06-22,744.0
1944-06-23,671.0
1944-06-24,665.0
1944-06-25,665.0
1944-06-26,701.0
1944-06-27,744.0
1944-06-28,707.0
1944-06-29,725.0
1944-06-30,732.0
1944-07-01,689.0
1944-07-02,654.0
1944-07-03,683.0
1944-07-04,738.0
1944-07-05,822.0
1944-07-06,842.0
1944-07-07,719.0
1944-07-08,621.0
1944-07-09,572.0
1944-07-10,560.0
1944-07-11,566.0
1944-07-12,545.0
1944-07-13,525.0
1944-07-14,475.0
1944-07-15,455.0
1944-07-16,515.0
1944-07-17,432.0
1944-07-18,406.0
1944-07-19,410.0
1944-07-20,485.0
1944-07-21,577.0
1944-07-22,500.0
1944-07-23,450.0
1944-07-24,480.0
1944-07-25,480.0
1944-07-26,432.0
1944-07-27,402.0
1944-07-28,381.0
1944-07-29,355.0
1944-07-30,330.0
1944-07-31,297.0
1944-08-01,272.0
1944-08-02,264.0
1944-08-03,340.0
1944-08-04,337.0
1944-08-05,406.0
1944-08-06,414.0
1944-08-07,410.0
1944-08-08,402.0
1944-08-09,369.0
1944-08-10,351.0
1944-08-11,358.0
1944-08-12,355.0
1944-08-13,344.0
1944-08-14,480.0
1944-08-15,475.0
1944-08-16,455.0
1944-08-17,465.0
1944-08-18,480.0
1944-08-19,333.0
1944-08-20,294.0
1944-08-21,297.0
1944-08-22,281.0
1944-08-23,278.0
1944-08-24,310.0
1944-08-25,303.0
1944-08-26,278.0
1944-08-27,258.0
1944-08-28,373.0
1944-08-29,419.0
1944-08-30,432.0
1944-08-31,406.0
1944-09-01,390.0
1944-09-02,402.0
1944-09-03,275.0
1944-09-04,210.0
1944-09-05,198.0
1944-09-06,184.0
1944-09-07,173.0
1944-09-08,159.0
1944-09-09,148.0
1944-09-10,144.0
1944-09-11,151.0
1944-09-12,155.0
1944-09-13,157.0
1944-09-14,123.0
1944-09-15,107.0
1944-09-16,104.0
1944-09-17,103.0
1944-09-18,103.0
1944-09-19,104.0
1944-09-20,111.0
1944-09-21,120.0
1944-09-22,125.0
1944-09-23,133.0
1944-09-24,148.0
1944-09-25,175.0
1944-09-26,182.0
1944-09-27,210.0
1944-09-28,212.0
1944-09-29,189.0
1944-09-30,178.0
1944-10-01,167.0
1944-10-02,169.0
1944-10-03,169.0
1944-10-04,163.0
1944-10-05,141.0
1944-10-06,126.0
1944-10-07,128.0
1944-10-08,143.0
1944-10-09,148.0
1944-10-10,150.0
1944-10-11,161.0
1944-10-12,161.0
1944-10-13,161.0
1944-10-14,159.0
1944-10-15,161.0
1944-10-16,165.0
1944-10-17,155.0
1944-10-18,151.0
1944-10-19,150.0
1944-10-20,148.0
1944-10-21,146.0
1944-10-22,148.0
1944-10-23,155.0
1944-10-24,155.0
1944-10-25,153.0
1944-10-26,143.0
1944-10-27,143.0
1944-10-28,141.0
1944-10-29,143.0
1944-10-30,143.0
1944-10-31,144.0
1944-11-01,143.0
1944-11-02,141.0
1944-11-03,143.0
1944-11-04,141.0
1944-11-05,141.0
1944-11-06,141.0
1944-11-07,141.0
1944-11-08,139.0
1944-11-09,134.0
1944-11-10,136.0
1944-11-11,141.0
1944-11-12,143.0
1944-11-13,144.0
1944-11-14,102.0
1944-11-15,100.0
1944-11-16,107.0
1944-11-17,100.0
1944-11-18,104.0
1944-11-19,99.0
1944-11-20,104.0
1944-11-21,106.0
1944-11-22,106.0
1944-11-23,123.0
1944-11-24,128.0
1944-11-25,131.0
1944-11-26,111.0
1944-11-27,278.0
1944-11-28,294.0
1944-11-29,210.0
1944-11-30,97.0
1944-12-01,99.0
1944-12-02,102.0
1944-12-03,99.0
1944-12-04,95.0
1944-12-05,73.0
1944-12-06,75.0
1944-12-07,74.0
1944-12-08,69.0
1944-12-09,59.0
1944-12-10,56.0
1944-12-11,51.0
1944-12-12,60.0
1944-12-13,66.0
1944-12-14,73.0
1944-12-15,70.0
1944-12-16,64.0
1944-12-17,62.0
1944-12-18,60.0
1944-12-19,70.0
1944-12-20,88.0
1944-12-21,84.0
1944-12-22,80.0
1944-12-23,80.0
1944-12-24,82.0
1944-12-25,79.0
1944-12-26,76.0
1944-12-27,78.0
1944-12-28,75.0
1944-12-29,83.0
1944-12-30,78.0
1944-12-31,70.0
1945-01-01,68.0
1945-01-02,70.0
1945-01-03,70.0
1945-01-04,68.0
1945-01-05,74.0
1945-01-06,78.0
1945-01-07,80.0
1945-01-08,91.0
1945-01-09,85.0
1945-01-10,90.0
1945-01-11,96.0
1945-01-12,102.0
1945-01-13,106.0
1945-01-14,110.0
1945-01-15,111.0
1945-01-16,113.0
1945-01-17,112.0
1945-01-18,111.0
1945-01-19,114.0
1945-01-20,110.0
1945-01-21,100.0
1945-01-22,100.0
1945-01-23,107.0
1945-01-24,114.0
1945-01-25,130.0
1945-01-26,129.0
1945-01-27,124.0
1945-01-28,120.0
1945-01-29,116.0
1945-01-30,111.0
1945-01-31,108.0
1945-02-01,123.0
1945-02-02,134.0
1945-02-03,133.0
1945-02-04,131.0
1945-02-05,113.0
1945-02-06,124.0
1945-02-07,118.0
1945-02-08,118.0
1945-02-09,110.0
1945-02-10,94.0
1945-02-11,86.0
1945-02-12,90.0
1945-02-13,80.0
1945-02-14,78.0
1945-02-15,73.0
1945-02-16,65.0
1945-02-17,45.0
1945-02-18,65.0
1945-02-19,64.0
1945-02-20,72.0
1945-02-21,68.0
1945-02-22,55.0
1945-02-23,61.0
1945-02-24,73.0
1945-02-25,56.0
1945-02-26,40.0
1945-02-27,50.0
1945-02-28,64.0
1945-03-01,71.0
1945-03-02,80.0
1945-03-03,73.0
1945-03-04,79.0
1945-03-05,70.0
1945-03-06,58.0
1945-03-07,64.0
1945-03-08,88.0
1945-03-09,95.0
1945-03-10,100.0
1945-03-11,99.0
1945-03-12,94.0
1945-03-13,92.0
1945-03-14,95.0
1945-03-15,97.0
1945-03-16,89.0
1945-03-17,81.0
1945-03-18,78.0
1945-03-19,82.0
1945-03-20,79.0
1945-03-21,88.0
1945-03-22,95.0
1945-03-23,92.0
1945-03-24,90.0
1945-03-25,92.0
1945-03-26,92.0
1945-03-27,94.0
1945-03-28,86.0
1945-03-29,84.0
1945-03-30,86.0
1945-03-31,84.0
1945-04-01,89.0
1945-04-02,90.0
1945-04-03,84.0
1945-04-04,82.0
1945-04-05,86.0
1945-04-06,94.0
1945-04-07,100.0
1945-04-08,104.0
1945-04-09,106.0
1945-04-10,110.0
1945-04-11,104.0
1945-04-12,95.0
1945-04-13,94.0
1945-04-14,86.0
1945-04-15,88.0
1945-04-16,98.0
1945-04-17,97.0
1945-04-18,115.0
1945-04-19,130.0
1945-04-20,153.0
1945-04-21,208.0
1945-04-22,219.0
1945-04-23,212.0
1945-04-24,178.0
1945-04-25,155.0
1945-04-26,148.0
1945-04-27,150.0
1945-04-28,151.0
1945-04-29,157.0
1945-04-30,178.0
1945-05-01,212.0
1945-05-02,228.0
1945-05-03,224.0
1945-05-04,242.0
1945-05-05,419.0
1945-05-06,437.0
1945-05-07,432.0
1945-05-08,437.0
1945-05-09,442.0
1945-05-10,446.0
1945-05-11,475.0
1945-05-12,450.0
1945-05-13,385.0
1945-05-14,369.0
1945-05-15,351.0
1945-05-16,323.0
1945-05-17,313.0
1945-05-18,330.0
1945-05-19,358.0
1945-05-20,428.0
1945-05-21,402.0
1945-05-22,347.0
1945-05-23,358.0
1945-05-24,373.0
1945-05-25,406.0
1945-05-26,428.0
1945-05-27,470.0
1945-05-28,450.0
1945-05-29,545.0
1945-05-30,525.0
1945-05-31,470.0
1945-06-01,358.0
1945-06-02,402.0
1945-06-03,381.0
1945-06-04,358.0
1945-06-05,369.0
1945-06-06,381.0
1945-06-07,347.0
1945-06-08,320.0
1945-06-09,288.0
1945-06-10,272.0
1945-06-11,264.0
1945-06-12,281.0
1945-06-13,316.0
1945-06-14,362.0
1945-06-15,365.0
1945-06-16,365.0
1945-06-17,326.0
1945-06-18,333.0
1945-06-19,351.0
1945-06-20,313.0
1945-06-21,320.0
1945-06-22,358.0
1945-06-23,402.0
1945-06-24,455.0
1945-06-25,626.0
1945-06-26,545.0
1945-06-27,460.0
1945-06-28,402.0
1945-06-29,377.0
1945-06-30,358.0
1945-07-01,330.0
1945-07-02,326.0
1945-07-03,310.0
1945-07-04,291.0
1945-07-05,281.0
1945-07-06,269.0
1945-07-07,261.0
1945-07-08,253.0
1945-07-09,247.0
1945-07-10,256.0
1945-07-11,278.0
1945-07-12,269.0
1945-07-13,256.0
1945-07-14,256.0
1945-07-15,278.0
1945-07-16,373.0
1945-07-17,442.0
1945-07-18,460.0
1945-07-19,550.0
1945-07-20,535.0
1945-07-21,337.0
1945-07-22,377.0
1945-07-23,485.0
1945-07-24,594.0
1945-07-25,1110.0
1945-07-26,1120.0
1945-07-27,1270.0
1945-07-28,1290.0
1945-07-29,1190.0
1945-07-30,1100.0
1945-07-31,1030.0
1945-08-01,1220.0
1945-08-02,1280.0
1945-08-03,1410.0
1945-08-04,1420.0
1945-08-05,1540.0
1945-08-06,1620.0
1945-08-07,1800.0
1945-08-08,2090.0
1945-08-09,2120.0
1945-08-10,2080.0
1945-08-11,2020.0
1945-08-12,1930.0
1945-08-13,2020.0
1945-08-14,1920.0
1945-08-15,1870.0
1945-08-16,1680.0
1945-08-17,1550.0
1945-08-18,1400.0
1945-08-19,1260.0
1945-08-20,1320.0
1945-08-21,1870.0
1945-08-22,1650.0
1945-08-23,1760.0
1945-08-24,1640.0
1945-08-25,1500.0
1945-08-26,1200.0
1945-08-27,992.0
1945-08-28,876.0
1945-08-29,836.0
1945-08-30,829.0
1945-08-31,790.0
1945-09-01,770.0
1945-09-02,751.0
1945-09-03,719.0
1945-09-04,654.0
1945-09-05,610.0
1945-09-06,588.0
1945-09-07,560.0
1945-09-08,515.0
1945-09-09,475.0
1945-09-10,446.0
1945-09-11,442.0
1945-09-12,485.0
1945-09-13,510.0
1945-09-14,505.0
1945-09-15,465.0
1945-09-16,442.0
1945-09-17,660.0
1945-09-18,638.0
1945-09-19,582.0
1945-09-20,540.0
1945-09-21,520.0
1945-09-22,470.0
1945-09-23,330.0
1945-09-24,278.0
1945-09-25,307.0
1945-09-26,323.0
1945-09-27,323.0
1945-09-28,337.0
1945-09-29,310.0
1945-09-30,294.0
1945-10-01,343.0
1945-10-02,351.0
1945-10-03,312.0
1945-10-04,290.0
1945-10-05,280.0
1945-10-06,270.0
1945-10-07,252.0
1945-10-08,234.0
1945-10-09,226.0
1945-10-10,224.0
1945-10-11,221.0
1945-10-12,221.0
1945-10-13,228.0
1945-10-14,257.0
1945-10-15,257.0
1945-10-16,246.0
1945-10-17,236.0
1945-10-18,230.0
1945-10-19,221.0
1945-10-20,212.0
1945-10-21,205.0
1945-10-22,207.0
1945-10-23,214.0
1945-10-24,226.0
1945-10-25,238.0
1945-10-26,248.0
1945-10-27,250.0
1945-10-28,230.0
1945-10-29,210.0
1945-10-30,205.0
1945-10-31,208.0
1945-11-01,208.0
1945-11-02,208.0
1945-11-03,205.0
1945-11-04,202.0
1945-11-05,204.0
1945-11-06,202.0
1945-11-07,200.0
1945-11-08,199.0
1945-11-09,163.0
1945-11-10,174.0
1945-11-11,196.0
1945-11-12,190.0
1945-11-13,168.0
1945-11-14,168.0
1945-11-15,176.0
1945-11-16,186.0
1945-11-17,161.0
1945-11-18,158.0
1945-11-19,154.0
1945-11-20,168.0
1945-11-21,143.0
1945-11-22,140.0
1945-11-23,149.0
1945-11-24,185.0
1945-11-25,190.0
1945-11-26,170.0
1945-11-27,168.0
1945-11-28,166.0
1945-11-29,158.0
1945-11-30,172.0
1945-12-01,170.0
1945-12-02,150.0
1945-12-03,138.0
1945-12-04,140.0
1945-12-05,158.0
1945-12-06,152.0
1945-12-07,148.0
1945-12-08,148.0
1945-12-09,143.0
1945-12-10,144.0
1945-12-11,147.0
1945-12-12,152.0
1945-12-13,155.0
1945-12-14,139.0
1945-12-15,140.0
1945-12-16,138.0
1945-12-17,132.0
1945-12-18,135.0
1945-12-19,120.0
1945-12-20,125.0
1945-12-21,130.0
1945-12-22,138.0
1945-12-23,144.0
1945-12-24,137.0
1945-12-25,127.0
1945-12-26,122.0
1945-12-27,130.0
1945-12-28,135.0
1945-12-29,125.0
1945-12-30,125.0
1945-12-31,115.0
1946-01-01,117.0
1946-01-02,115.0
1946-01-03,115.0
1946-01-04,119.0
1946-01-05,124.0
1946-01-06,117.0
1946-01-07,110.0
1946-01-08,114.0
1946-01-09,120.0
1946-01-10,110.0
1946-01-11,114.0
1946-01-12,108.0
1946-01-13,100.0
1946-01-14,105.0
1946-01-15,108.0
1946-01-16,105.0
1946-01-17,103.0
1946-01-18,102.0
1946-01-19,109.0
1946-01-20,110.0
1946-01-21,102.0
1946-01-22,103.0
1946-01-23,101.0
1946-01-24,120.0
1946-01-25,145.0
1946-01-26,130.0
1946-01-27,110.0
1946-01-28,105.0
1946-01-29,106.0
1946-01-30,118.0
1946-01-31,111.0
1946-02-01,108.0
1946-02-02,111.0
1946-02-03,113.0
1946-02-04,112.0
1946-02-05,110.0
1946-02-06,108.0
1946-02-07,114.0
1946-02-08,108.0
1946-02-09,105.0
1946-02-10,112.0
1946-02-11,118.0
1946-02-12,118.0
1946-02-13,110.0
1946-02-14,105.0
1946-02-15,110.0
1946-02-16,118.0
1946-02-17,121.0
1946-02-18,118.0
1946-02-19,125.0
1946-02-20,127.0
1946-02-21,135.0
1946-02-22,140.0
1946-02-23,138.0
1946-02-24,150.0
1946-02-25,170.0
1946-02-26,160.0
1946-02-27,144.0
1946-02-28,150.0
1946-03-01,140.0
1946-03-02,145.0
1946-03-03,154.0
1946-03-04,154.0
1946-03-05,143.0
1946-03-06,141.0
1946-03-07,141.0
1946-03-08,141.0
1946-03-09,142.0
1946-03-10,143.0
1946-03-11,146.0
1946-03-12,145.0
1946-03-13,145.0
1946-03-14,142.0
1946-03-15,143.0
1946-03-16,136.0
1946-03-17,134.0
1946-03-18,138.0
1946-03-19,141.0
1946-03-20,150.0
1946-03-21,147.0
1946-03-22,138.0
1946-03-23,136.0
1946-03-24,143.0
1946-03-25,148.0
1946-03-26,136.0
1946-03-27,145.0
1946-03-28,154.0
1946-03-29,154.0
1946-03-30,154.0
1946-03-31,159.0
1946-04-01,168.0
1946-04-02,167.0
1946-04-03,158.0
1946-04-04,210.0
1946-04-05,244.0
1946-04-06,244.0
1946-04-07,255.0
1946-04-08,282.0
1946-04-09,320.0
1946-04-10,298.0
1946-04-11,248.0
1946-04-12,263.0
1946-04-13,290.0
1946-04-14,323.0
1946-04-15,366.0
1946-04-16,317.0
1946-04-17,232.0
1946-04-18,416.0
1946-04-19,416.0
1946-04-20,397.0
1946-04-21,386.0
1946-04-22,370.0
1946-04-23,340.0
1946-04-24,329.0
1946-04-25,343.0
1946-04-26,382.0
1946-04-27,405.0
1946-04-28,420.0
1946-04-29,386.0
1946-04-30,360.0
1946-05-01,357.0
1946-05-02,343.0
1946-05-03,340.0
1946-05-04,337.0
1946-05-05,357.0
1946-05-06,370.0
1946-05-07,363.0
1946-05-08,366.0
1946-05-09,357.0
1946-05-10,380.0
1946-05-11,430.0
1946-05-12,380.0
1946-05-13,350.0
1946-05-14,375.0
1946-05-15,345.0
1946-05-16,350.0
1946-05-17,355.0
1946-05-18,380.0
1946-05-19,440.0
1946-05-20,500.0
1946-05-21,495.0
1946-05-22,470.0
1946-05-23,480.0
1946-05-24,410.0
1946-05-25,380.0
1946-05-26,375.0
1946-05-27,300.0
1946-05-28,290.0
1946-05-29,301.0
1946-05-30,272.0
1946-05-31,261.0
1946-06-01,244.0
1946-06-02,234.0
1946-06-03,232.0
1946-06-04,244.0
1946-06-05,323.0
1946-06-06,348.0
1946-06-07,376.0
1946-06-08,366.0
1946-06-09,440.0
1946-06-10,491.0
1946-06-11,632.0
1946-06-12,784.0
1946-06-13,846.0
1946-06-14,777.0
1946-06-15,491.0
1946-06-16,496.0
1946-06-17,732.0
1946-06-18,853.0
1946-06-19,707.0
1946-06-20,689.0
1946-06-21,660.0
1946-06-22,555.0
1946-06-23,360.0
1946-06-24,329.0
1946-06-25,312.0
1946-06-26,292.0
1946-06-27,266.0
1946-06-28,252.0
1946-06-29,252.0
1946-06-30,263.0
1946-07-01,303.0
1946-07-02,317.0
1946-07-03,309.0
1946-07-04,298.0
1946-07-05,290.0
1946-07-06,288.0
1946-07-07,280.0
1946-07-08,345.0
1946-07-09,363.0
1946-07-10,424.0
1946-07-11,468.0
1946-07-12,610.0
1946-07-13,725.0
1946-07-14,832.0
1946-07-15,825.0
1946-07-16,867.0
1946-07-17,811.0
1946-07-18,505.0
1946-07-19,550.0
1946-07-20,701.0
1946-07-21,638.0
1946-07-22,515.0
1946-07-23,390.0
1946-07-24,530.0
1946-07-25,487.0
1946-07-26,505.0
1946-07-27,468.0
1946-07-28,468.0
1946-07-29,432.0
1946-07-30,432.0
1946-07-31,420.0
1946-08-01,373.0
1946-08-02,357.0
1946-08-03,357.0
1946-08-04,351.0
1946-08-05,323.0
1946-08-06,285.0
1946-08-07,263.0
1946-08-08,228.0
1946-08-09,228.0
1946-08-10,228.0
1946-08-11,266.0
1946-08-12,496.0
1946-08-13,500.0
1946-08-14,560.0
1946-08-15,610.0
1946-08-16,610.0
1946-08-17,382.0
1946-08-18,312.0
1946-08-19,326.0
1946-08-20,309.0
1946-08-21,295.0
1946-08-22,309.0
1946-08-23,382.0
1946-08-24,436.0
1946-08-25,545.0
1946-08-26,545.0
1946-08-27,505.0
1946-08-28,496.0
1946-08-29,477.0
1946-08-30,432.0
1946-08-31,360.0
1946-09-01,317.0
1946-09-02,326.0
1946-09-03,340.0
1946-09-04,317.0
1946-09-05,329.0
1946-09-06,340.0
1946-09-07,337.0
1946-09-08,329.0
1946-09-09,278.0
1946-09-10,219.0
1946-09-11,212.0
1946-09-12,212.0
1946-09-13,215.0
1946-09-14,210.0
1946-09-15,199.0
1946-09-16,194.0
1946-09-17,196.0
1946-09-18,202.0
1946-09-19,228.0
1946-09-20,226.0
1946-09-21,212.0
1946-09-22,204.0
1946-09-23,207.0
1946-09-24,204.0
1946-09-25,174.0
1946-09-26,170.0
1946-09-27,185.0
1946-09-28,179.0
1946-09-29,190.0
1946-09-30,190.0
1946-10-01,184.0
1946-10-02,182.0
1946-10-03,180.0
1946-10-04,178.0
1946-10-05,184.0
1946-10-06,188.0
1946-10-07,212.0
1946-10-08,252.0
1946-10-09,236.0
1946-10-10,238.0
1946-10-11,230.0
1946-10-12,224.0
1946-10-13,242.0
1946-10-14,205.0
1946-10-15,182.0
1946-10-16,168.0
1946-10-17,159.0
1946-10-18,159.0
1946-10-19,155.0
1946-10-20,152.0
1946-10-21,156.0
1946-10-22,156.0
1946-10-23,155.0
1946-10-24,154.0
1946-10-25,149.0
1946-10-26,148.0
1946-10-27,143.0
1946-10-28,143.0
1946-10-29,144.0
1946-10-30,146.0
1946-10-31,144.0
1946-11-01,141.0
1946-11-02,147.0
1946-11-03,139.0
1946-11-04,155.0
1946-11-05,168.0
1946-11-06,178.0
1946-11-07,180.0
1946-11-08,176.0
1946-11-09,149.0
1946-11-10,138.0
1946-11-11,137.0
1946-11-12,147.0
1946-11-13,164.0
1946-11-14,166.0
1946-11-15,155.0
1946-11-16,146.0
1946-11-17,147.0
1946-11-18,152.0
1946-11-19,161.0
1946-11-20,160.0
1946-11-21,163.0
1946-11-22,156.0
1946-11-23,166.0
1946-11-24,173.0
1946-11-25,160.0
1946-11-26,160.0
1946-11-27,176.0
1946-11-28,178.0
1946-11-29,173.0
1946-11-30,166.0
1946-12-01,172.0
1946-12-02,164.0
1946-12-03,159.0
1946-12-04,168.0
1946-12-05,170.0
1946-12-06,168.0
1946-12-07,168.0
1946-12-08,156.0
1946-12-09,143.0
1946-12-10,140.0
1946-12-11,152.0
1946-12-12,172.0
1946-12-13,168.0
1946-12-14,166.0
1946-12-15,158.0
1946-12-16,152.0
1946-12-17,144.0
1946-12-18,85.0
1946-12-19,100.0
1946-12-20,115.0
1946-12-21,105.0
1946-12-22,115.0
1946-12-23,131.0
1946-12-24,135.0
1946-12-25,138.0
1946-12-26,145.0
1946-12-27,155.0
1946-12-28,145.0
1946-12-29,100.0
1946-12-30,58.0
1946-12-31,66.0
1947-01-01,72.0
1947-01-02,75.0
1947-01-03,70.0
1947-01-04,74.0
1947-01-05,84.0
1947-01-06,100.0
1947-01-07,95.0
1947-01-08,100.0
1947-01-09,90.0
1947-01-10,96.0
1947-01-11,106.0
1947-01-12,117.0
1947-01-13,109.0
1947-01-14,84.0
1947-01-15,98.0
1947-01-16,74.0
1947-01-17,82.0
1947-01-18,94.0
1947-01-19,100.0
1947-01-20,110.0
1947-01-21,95.0
1947-01-22,93.0
1947-01-23,100.0
1947-01-24,109.0
1947-01-25,112.0
1947-01-26,118.0
1947-01-27,122.0
1947-01-28,122.0
1947-01-29,122.0
1947-01-30,100.0
1947-01-31,105.0
1947-02-01,107.0
1947-02-02,125.0
1947-02-03,126.0
1947-02-04,113.0
1947-02-05,140.0
1947-02-06,135.0
1947-02-07,130.0
1947-02-08,110.0
1947-02-09,94.0
1947-02-10,108.0
1947-02-11,130.0
1947-02-12,118.0
1947-02-13,130.0
1947-02-14,123.0
1947-02-15,130.0
1947-02-16,135.0
1947-02-17,125.0
1947-02-18,128.0
1947-02-19,110.0
1947-02-20,114.0
1947-02-21,104.0
1947-02-22,125.0
1947-02-23,119.0
1947-02-24,112.0
1947-02-25,102.0
1947-02-26,80.0
1947-02-27,84.0
1947-02-28,102.0
1947-03-01,80.0
1947-03-02,60.0
1947-03-03,98.0
1947-03-04,92.0
1947-03-05,115.0
1947-03-06,102.0
1947-03-07,105.0
1947-03-08,106.0
1947-03-09,115.0
1947-03-10,110.0
1947-03-11,112.0
1947-03-12,105.0
1947-03-13,90.0
1947-03-14,113.0
1947-03-15,103.0
1947-03-16,112.0
1947-03-17,125.0
1947-03-18,135.0
1947-03-19,145.0
1947-03-20,140.0
1947-03-21,138.0
1947-03-22,161.0
1947-03-23,186.0
1947-03-24,176.0
1947-03-25,143.0
1947-03-26,147.0
1947-03-27,150.0
1947-03-28,147.0
1947-03-29,156.0
1947-03-30,151.0
1947-03-31,173.0
1947-04-01,178.0
1947-04-02,185.0
1947-04-03,194.0
1947-04-04,199.0
1947-04-05,180.0
1947-04-06,163.0
1947-04-07,170.0
1947-04-08,164.0
1947-04-09,170.0
1947-04-10,180.0
1947-04-11,184.0
1947-04-12,252.0
1947-04-13,252.0
1947-04-14,270.0
1947-04-15,275.0
1947-04-16,290.0
1947-04-17,317.0
1947-04-18,351.0
1947-04-19,382.0
1947-04-20,436.0
1947-04-21,525.0
1947-04-22,599.0
1947-04-23,599.0
1947-04-24,496.0
1947-04-25,315.0
1947-04-26,278.0
1947-04-27,309.0
1947-04-28,320.0
1947-04-29,306.0
1947-04-30,317.0
1947-05-01,354.0
1947-05-02,405.0
1947-05-03,496.0
1947-05-04,560.0
1947-05-05,660.0
1947-05-06,621.0
1947-05-07,654.0
1947-05-08,1190.0
1947-05-09,859.0
1947-05-10,1160.0
1947-05-11,1240.0
1947-05-12,943.0
1947-05-13,534.0
1947-05-14,518.0
1947-05-15,550.0
1947-05-16,692.0
1947-05-17,638.0
1947-05-18,692.0
1947-05-19,699.0
1947-05-20,747.0
1947-05-21,706.0
1947-05-22,726.0
1947-05-23,733.0
1947-05-24,726.0
1947-05-25,649.0
1947-05-26,649.0
1947-05-27,679.0
1947-05-28,720.0
1947-05-29,666.0
1947-05-30,666.0
1947-05-31,626.0
1947-06-01,593.0
1947-06-02,632.0
1947-06-03,733.0
1947-06-04,887.0
1947-06-05,873.0
1947-06-06,817.0
1947-06-07,831.0
1947-06-08,922.0
1947-06-09,978.0
1947-06-10,831.0
1947-06-11,873.0
1947-06-12,1040.0
1947-06-13,1280.0
1947-06-14,1590.0
1947-06-15,1570.0
1947-06-16,1410.0
1947-06-17,1330.0
1947-06-18,1210.0
1947-06-19,1320.0
1947-06-20,1360.0
1947-06-21,1560.0
1947-06-22,1920.0
1947-06-23,2200.0
1947-06-24,2410.0
1947-06-25,2370.0
1947-06-26,2190.0
1947-06-27,2000.0
1947-06-28,1800.0
1947-06-29,1560.0
1947-06-30,1420.0
1947-07-01,1360.0
1947-07-02,1300.0
1947-07-03,1240.0
1947-07-04,1200.0
1947-07-05,1180.0
1947-07-06,1200.0
1947-07-07,1240.0
1947-07-08,1310.0
1947-07-09,1310.0
1947-07-10,1320.0
1947-07-11,1280.0
1947-07-12,1230.0
1947-07-13,1150.0
1947-07-14,1080.0
1947-07-15,1030.0
1947-07-16,1080.0
1947-07-17,1210.0
1947-07-18,1430.0
1947-07-19,1450.0
1947-07-20,1360.0
1947-07-21,1270.0
1947-07-22,1180.0
1947-07-23,1260.0
1947-07-24,1220.0
1947-07-25,1100.0
1947-07-26,1010.0
1947-07-27,929.0
1947-07-28,845.0
1947-07-29,817.0
1947-07-30,845.0
1947-07-31,908.0
1947-08-01,915.0
1947-08-02,817.0
1947-08-03,775.0
1947-08-04,740.0
1947-08-05,720.0
1947-08-06,692.0
1947-08-07,661.0
1947-08-08,713.0
1947-08-09,747.0
1947-08-10,661.0
1947-08-11,644.0
1947-08-12,957.0
1947-08-13,852.0
1947-08-14,943.0
1947-08-15,992.0
1947-08-16,957.0
1947-08-17,845.0
1947-08-18,894.0
1947-08-19,1030.0
1947-08-20,894.0
1947-08-21,852.0
1947-08-22,699.0
1947-08-23,666.0
1947-08-24,726.0
1947-08-25,880.0
1947-08-26,775.0
1947-08-27,638.0
1947-08-28,626.0
1947-08-29,593.0
1947-08-30,555.0
1947-08-31,508.0
1947-09-01,474.0
1947-09-02,539.0
1947-09-03,604.0
1947-09-04,484.0
1947-09-05,479.0
1947-09-06,420.0
1947-09-07,409.0
1947-09-08,544.0
1947-09-09,566.0
1947-09-10,560.0
1947-09-11,571.0
1947-09-12,436.0
1947-09-13,379.0
1947-09-14,366.0
1947-09-15,332.0
1947-09-16,302.0
1947-09-17,302.0
1947-09-18,416.0
1947-09-19,452.0
1947-09-20,317.0
1947-09-21,272.0
1947-09-22,255.0
1947-09-23,255.0
1947-09-24,267.0
1947-09-25,302.0
1947-09-26,293.0
1947-09-27,282.0
1947-09-28,267.0
1947-09-29,260.0
1947-09-30,255.0
1947-10-01,243.0
1947-10-02,250.0
1947-10-03,250.0
1947-10-04,253.0
1947-10-05,253.0
1947-10-06,250.0
1947-10-07,243.0
1947-10-08,241.0
1947-10-09,241.0
1947-10-10,239.0
1947-10-11,235.0
1947-10-12,289.0
1947-10-13,294.0
1947-10-14,380.0
1947-10-15,776.0
1947-10-16,487.0
1947-10-17,407.0
1947-10-18,384.0
1947-10-19,371.0
1947-10-20,396.0
1947-10-21,492.0
1947-10-22,355.0
1947-10-23,343.0
1947-10-24,352.0
1947-10-25,358.0
1947-10-26,435.0
1947-10-27,458.0
1947-10-28,462.0
1947-10-29,450.0
1947-10-30,423.0
1947-10-31,415.0
1947-11-01,427.0
1947-11-02,427.0
1947-11-03,403.0
1947-11-04,392.0
1947-11-05,407.0
1947-11-06,370.0
1947-11-07,250.0
1947-11-08,270.0
1947-11-09,300.0
1947-11-10,340.0
1947-11-11,250.0
1947-11-12,260.0
1947-11-13,255.0
1947-11-14,255.0
1947-11-15,245.0
1947-11-16,255.0
1947-11-17,270.0
1947-11-18,265.0
1947-11-19,255.0
1947-11-20,240.0
1947-11-21,230.0
1947-11-22,190.0
1947-11-23,220.0
1947-11-24,220.0
1947-11-25,250.0
1947-11-26,210.0
1947-11-27,233.0
1947-11-28,220.0
1947-11-29,225.0
1947-11-30,230.0
1947-12-01,250.0
1947-12-02,250.0
1947-12-03,245.0
1947-12-04,245.0
1947-12-05,215.0
1947-12-06,210.0
1947-12-07,225.0
1947-12-08,170.0
1947-12-09,150.0
1947-12-10,130.0
1947-12-11,120.0
1947-12-12,105.0
1947-12-13,100.0
1947-12-14,115.0
1947-12-15,160.0
1947-12-16,130.0
1947-12-17,115.0
1947-12-18,140.0
1947-12-19,130.0
1947-12-20,125.0
1947-12-21,120.0
1947-12-22,130.0
1947-12-23,144.0
1947-12-24,125.0
1947-12-25,130.0
1947-12-26,115.0
1947-12-27,120.0
1947-12-28,115.0
1947-12-29,115.0
1947-12-30,130.0
1947-12-31,110.0
1948-01-01,100.0
1948-01-02,150.0
1948-01-03,130.0
1948-01-04,115.0
1948-01-05,120.0
1948-01-06,120.0
1948-01-07,120.0
1948-01-08,115.0
1948-01-09,120.0
1948-01-10,130.0
1948-01-11,120.0
1948-01-12,110.0
1948-01-13,84.0
1948-01-14,80.0
1948-01-15,92.0
1948-01-16,108.0
1948-01-17,80.0
1948-01-18,100.0
1948-01-19,68.0
1948-01-20,78.0
1948-01-21,84.0
1948-01-22,110.0
1948-01-23,105.0
1948-01-24,105.0
1948-01-25,105.0
1948-01-26,98.0
1948-01-27,70.0
1948-01-28,128.0
1948-01-29,130.0
1948-01-30,140.0
1948-01-31,150.0
1948-02-01,110.0
1948-02-02,105.0
1948-02-03,115.0
1948-02-04,115.0
1948-02-05,110.0
1948-02-06,110.0
1948-02-07,115.0
1948-02-08,96.0
1948-02-09,110.0
1948-02-10,100.0
1948-02-11,96.0
1948-02-12,95.0
1948-02-13,105.0
1948-02-14,112.0
1948-02-15,118.0
1948-02-16,120.0
1948-02-17,150.0
1948-02-18,190.0
1948-02-19,210.0
1948-02-20,190.0
1948-02-21,210.0
1948-02-22,205.0
1948-02-23,230.0
1948-02-24,190.0
1948-02-25,190.0
1948-02-26,210.0
1948-02-27,230.0
1948-02-28,205.0
1948-02-29,200.0
1948-03-01,200.0
1948-03-02,160.0
1948-03-03,200.0
1948-03-04,170.0
1948-03-05,150.0
1948-03-06,190.0
1948-03-07,200.0
1948-03-08,190.0
1948-03-09,200.0
1948-03-10,125.0
1948-03-11,150.0
1948-03-12,180.0
1948-03-13,195.0
1948-03-14,210.0
1948-03-15,230.0
1948-03-16,200.0
1948-03-17,195.0
1948-03-18,230.0
1948-03-19,230.0
1948-03-20,270.0
1948-03-21,300.0
1948-03-22,240.0
1948-03-23,290.0
1948-03-24,360.0
1948-03-25,390.0
1948-03-26,360.0
1948-03-27,360.0
1948-03-28,335.0
1948-03-29,350.0
1948-03-30,360.0
1948-03-31,314.0
1948-04-01,269.0
1948-04-02,277.0
1948-04-03,308.0
1948-04-04,343.0
1948-04-05,340.0
1948-04-06,330.0
1948-04-07,360.0
1948-04-08,290.0
1948-04-09,290.0
1948-04-10,310.0
1948-04-11,430.0
1948-04-12,530.0
1948-04-13,490.0
1948-04-14,490.0
1948-04-15,490.0
1948-04-16,520.0
1948-04-17,670.0
1948-04-18,750.0
1948-04-19,1070.0
1948-04-20,1620.0
1948-04-21,2140.0
1948-04-22,2400.0
1948-04-23,2420.0
1948-04-24,2310.0
1948-04-25,2110.0
1948-04-26,1800.0
1948-04-27,1660.0
1948-04-28,1580.0
1948-04-29,1880.0
1948-04-30,2200.0
1948-05-01,2160.0
1948-05-02,2050.0
1948-05-03,1840.0
1948-05-04,1600.0
1948-05-05,1500.0
1948-05-06,1390.0
1948-05-07,1320.0
1948-05-08,1370.0
1948-05-09,1380.0
1948-05-10,1300.0
1948-05-11,1370.0
1948-05-12,1320.0
1948-05-13,1270.0
1948-05-14,1280.0
1948-05-15,1250.0
1948-05-16,1220.0
1948-05-17,1290.0
1948-05-18,1430.0
1948-05-19,1530.0
1948-05-20,1570.0
1948-05-21,1690.0
1948-05-22,1660.0
1948-05-23,1630.0
1948-05-24,1560.0
1948-05-25,1550.0
1948-05-26,1530.0
1948-05-27,1440.0
1948-05-28,1500.0
1948-05-29,1550.0
1948-05-30,1460.0
1948-05-31,1580.0
1948-06-01,1560.0
1948-06-02,1540.0
1948-06-03,1580.0
1948-06-04,1570.0
1948-06-05,1540.0
1948-06-06,1510.0
1948-06-07,1500.0
1948-06-08,1580.0
1948-06-09,1590.0
1948-06-10,1620.0
1948-06-11,1700.0
1948-06-12,1710.0
1948-06-13,1870.0
1948-06-14,1770.0
1948-06-15,1670.0
1948-06-16,1580.0
1948-06-17,1430.0
1948-06-18,1280.0
1948-06-19,1260.0
1948-06-20,1250.0
1948-06-21,1170.0
1948-06-22,1180.0
1948-06-23,1140.0
1948-06-24,1030.0
1948-06-25,919.0
1948-06-26,884.0
1948-06-27,870.0
1948-06-28,884.0
1948-06-29,821.0
1948-06-30,774.0
1948-07-01,702.0
1948-07-02,658.0
1948-07-03,652.0
1948-07-04,683.0
1948-07-05,742.0
1948-07-06,884.0
1948-07-07,996.0
1948-07-08,961.0
1948-07-09,891.0
1948-07-10,835.0
1948-07-11,821.0
1948-07-12,821.0
1948-07-13,722.0
1948-07-14,604.0
1948-07-15,545.0
1948-07-16,540.0
1948-07-17,485.0
1948-07-18,457.0
1948-07-19,683.0
1948-07-20,640.0
1948-07-21,610.0
1948-07-22,616.0
1948-07-23,628.0
1948-07-24,520.0
1948-07-25,473.0
1948-07-26,441.0
1948-07-27,414.0
1948-07-28,408.0
1948-07-29,404.0
1948-07-30,384.0
1948-07-31,375.0
1948-08-01,372.0
1948-08-02,369.0
1948-08-03,378.0
1948-08-04,425.0
1948-08-05,477.0
1948-08-06,550.0
1948-08-07,520.0
1948-08-08,497.0
1948-08-09,497.0
1948-08-10,497.0
1948-08-11,473.0
1948-08-12,441.0
1948-08-13,433.0
1948-08-14,429.0
1948-08-15,422.0
1948-08-16,599.0
1948-08-17,610.0
1948-08-18,594.0
1948-08-19,604.0
1948-08-20,664.0
1948-08-21,658.0
1948-08-22,550.0
1948-08-23,505.0
1948-08-24,473.0
1948-08-25,477.0
1948-08-26,477.0
1948-08-27,465.0
1948-08-28,408.0
1948-08-29,339.0
1948-08-30,327.0
1948-08-31,324.0
1948-09-01,322.0
1948-09-02,322.0
1948-09-03,322.0
1948-09-04,322.0
1948-09-05,316.0
1948-09-06,308.0
1948-09-07,295.0
1948-09-08,292.0
1948-09-09,288.0
1948-09-10,288.0
1948-09-11,285.0
1948-09-12,278.0
1948-09-13,271.0
1948-09-14,262.0
1948-09-15,257.0
1948-09-16,255.0
1948-09-17,253.0
1948-09-18,253.0
1948-09-19,255.0
1948-09-20,260.0
1948-09-21,257.0
1948-09-22,247.0
1948-09-23,233.0
1948-09-24,230.0
1948-09-25,232.0
1948-09-26,230.0
1948-09-27,226.0
1948-09-28,226.0
1948-09-29,228.0
1948-09-30,232.0
1948-10-01,237.0
1948-10-02,243.0
1948-10-03,243.0
1948-10-04,243.0
1948-10-05,243.0
1948-10-06,241.0
1948-10-07,241.0
1948-10-08,241.0
1948-10-09,241.0
1948-10-10,241.0
1948-10-11,240.0
1948-10-12,235.0
1948-10-13,230.0
1948-10-14,235.0
1948-10-15,225.0
1948-10-16,230.0
1948-10-17,225.0
1948-10-18,230.0
1948-10-19,240.0
1948-10-20,260.0
1948-10-21,255.0
1948-10-22,248.0
1948-10-23,230.0
1948-10-24,225.0
1948-10-25,215.0
1948-10-26,210.0
1948-10-27,215.0
1948-10-28,220.0
1948-10-29,230.0
1948-10-30,225.0
1948-10-31,220.0
1948-11-01,210.0
1948-11-02,220.0
1948-11-03,222.0
1948-11-04,226.0
1948-11-05,210.0
1948-11-06,203.0
1948-11-07,225.0
1948-11-08,215.0
1948-11-09,188.0
1948-11-10,192.0
1948-11-11,206.0
1948-11-12,194.0
1948-11-13,203.0
1948-11-14,203.0
1948-11-15,200.0
1948-11-16,200.0
1948-11-17,204.0
1948-11-18,179.0
1948-11-19,168.0
1948-11-20,174.0
1948-11-21,178.0
1948-11-22,167.0
1948-11-23,176.0
1948-11-24,185.0
1948-11-25,184.0
1948-11-26,162.0
1948-11-27,163.0
1948-11-28,162.0
1948-11-29,178.0
1948-11-30,179.0
1948-12-01,176.0
1948-12-02,178.0
1948-12-03,178.0
1948-12-04,158.0
1948-12-05,151.0
1948-12-06,151.0
1948-12-07,146.0
1948-12-08,148.0
1948-12-09,142.0
1948-12-10,141.0
1948-12-11,146.0
1948-12-12,151.0
1948-12-13,139.0
1948-12-14,145.0
1948-12-15,140.0
1948-12-16,133.0
1948-12-17,136.0
1948-12-18,138.0
1948-12-19,125.0
1948-12-20,122.0
1948-12-21,121.0
1948-12-22,121.0
1948-12-23,118.0
1948-12-24,115.0
1948-12-25,114.0
1948-12-26,115.0
1948-12-27,125.0
1948-12-28,115.0
1948-12-29,115.0
1948-12-30,125.0
1948-12-31,110.0
1949-01-01,125.0
1949-01-02,110.0
1949-01-03,90.0
1949-01-04,95.0
1949-01-05,100.0
1949-01-06,110.0
1949-01-07,120.0
1949-01-08,130.0
1949-01-09,125.0
1949-01-10,115.0
1949-01-11,108.0
1949-01-12,125.0
1949-01-13,135.0
1949-01-14,150.0
1949-01-15,145.0
1949-01-16,138.0
1949-01-17,133.0
1949-01-18,127.0
1949-01-19,125.0
1949-01-20,125.0
1949-01-21,128.0
1949-01-22,130.0
1949-01-23,132.0
1949-01-24,123.0
1949-01-25,118.0
1949-01-26,119.0
1949-01-27,120.0
1949-01-28,122.0
1949-01-29,123.0
1949-01-30,118.0
1949-01-31,115.0
1949-02-01,117.0
1949-02-02,112.0
1949-02-03,119.0
1949-02-04,125.0
1949-02-05,120.0
1949-02-06,112.0
1949-02-07,125.0
1949-02-08,135.0
1949-02-09,130.0
1949-02-10,132.0
1949-02-11,138.0
1949-02-12,140.0
1949-02-13,135.0
1949-02-14,135.0
1949-02-15,140.0
1949-02-16,145.0
1949-02-17,140.0
1949-02-18,140.0
1949-02-19,145.0
1949-02-20,143.0
1949-02-21,140.0
1949-02-22,150.0
1949-02-23,142.0
1949-02-24,148.0
1949-02-25,150.0
1949-02-26,147.0
1949-02-27,130.0
1949-02-28,132.0
1949-03-01,138.0
1949-03-02,135.0
1949-03-03,130.0
1949-03-04,140.0
1949-03-05,135.0
1949-03-06,135.0
1949-03-07,130.0
1949-03-08,150.0
1949-03-09,148.0
1949-03-10,135.0
1949-03-11,130.0
1949-03-12,140.0
1949-03-13,130.0
1949-03-14,125.0
1949-03-15,135.0
1949-03-16,145.0
1949-03-17,163.0
1949-03-18,142.0
1949-03-19,141.0
1949-03-20,146.0
1949-03-21,145.0
1949-03-22,140.0
1949-03-23,141.0
1949-03-24,140.0
1949-03-25,125.0
1949-03-26,132.0
1949-03-27,128.0
1949-03-28,124.0
1949-03-29,138.0
1949-03-30,125.0
1949-03-31,132.0
1949-04-01,140.0
1949-04-02,135.0
1949-04-03,130.0
1949-04-04,140.0
1949-04-05,160.0
1949-04-06,168.0
1949-04-07,180.0
1949-04-08,196.0
1949-04-09,206.0
1949-04-10,186.0
1949-04-11,172.0
1949-04-12,198.0
1949-04-13,223.0
1949-04-14,226.0
1949-04-15,202.0
1949-04-16,212.0
1949-04-17,226.0
1949-04-18,249.0
1949-04-19,235.0
1949-04-20,223.0
1949-04-21,225.0
1949-04-22,245.0
1949-04-23,233.0
1949-04-24,243.0
1949-04-25,266.0
1949-04-26,366.0
1949-04-27,418.0
1949-04-28,497.0
1949-04-29,530.0
1949-04-30,530.0
1949-05-01,449.0
1949-05-02,422.0
1949-05-03,400.0
1949-05-04,437.0
1949-05-05,453.0
1949-05-06,453.0
1949-05-07,400.0
1949-05-08,366.0
1949-05-09,324.0
1949-05-10,429.0
1949-05-11,540.0
1949-05-12,919.0
1949-05-13,748.0
1949-05-14,664.0
1949-05-15,870.0
1949-05-16,891.0
1949-05-17,800.0
1949-05-18,702.0
1949-05-19,634.0
1949-05-20,604.0
1949-05-21,540.0
1949-05-22,530.0
1949-05-23,489.0
1949-05-24,477.0
1949-05-25,485.0
1949-05-26,510.0
1949-05-27,754.0
1949-05-28,954.0
1949-05-29,870.0
1949-05-30,835.0
1949-05-31,835.0
1949-06-01,821.0
1949-06-02,835.0
1949-06-03,870.0
1949-06-04,1240.0
1949-06-05,1740.0
1949-06-06,1690.0
1949-06-07,1680.0
1949-06-08,1600.0
1949-06-09,1590.0
1949-06-10,1740.0
1949-06-11,2390.0
1949-06-12,3240.0
1949-06-13,4590.0
1949-06-14,4630.0
1949-06-15,4240.0
1949-06-16,4100.0
1949-06-17,3970.0
1949-06-18,3710.0
1949-06-19,3530.0
1949-06-20,3330.0
1949-06-21,3380.0
1949-06-22,3350.0
1949-06-23,3210.0
1949-06-24,3140.0
1949-06-25,2930.0
1949-06-26,2870.0
1949-06-27,2700.0
1949-06-28,2420.0
1949-06-29,2170.0
1949-06-30,1930.0
1949-07-01,1770.0
1949-07-02,1770.0
1949-07-03,1710.0
1949-07-04,1850.0
1949-07-05,1740.0
1949-07-06,1760.0
1949-07-07,2000.0
1949-07-08,2180.0
1949-07-09,2230.0
1949-07-10,2290.0
1949-07-11,2410.0
1949-07-12,2490.0
1949-07-13,2400.0
1949-07-14,2200.0
1949-07-15,2030.0
1949-07-16,1880.0
1949-07-17,1710.0
1949-07-18,1590.0
1949-07-19,1630.0
1949-07-20,1560.0
1949-07-21,1520.0
1949-07-22,1500.0
1949-07-23,1440.0
1949-07-24,1400.0
1949-07-25,1510.0
1949-07-26,1580.0
1949-07-27,1540.0
1949-07-28,1320.0
1949-07-29,1180.0
1949-07-30,930.0
1949-07-31,671.0
1949-08-01,610.0
1949-08-02,632.0
1949-08-03,689.0
1949-08-04,790.0
1949-08-05,784.0
1949-08-06,818.0
1949-08-07,790.0
1949-08-08,916.0
1949-08-09,1100.0
1949-08-10,1030.0
1949-08-11,965.0
1949-08-12,1000.0
1949-08-13,853.0
1949-08-14,719.0
1949-08-15,701.0
1949-08-16,643.0
1949-08-17,610.0
1949-08-18,582.0
1949-08-19,560.0
1949-08-20,545.0
1949-08-21,515.0
1949-08-22,482.0
1949-08-23,455.0
1949-08-24,443.0
1949-08-25,397.0
1949-08-26,366.0
1949-08-27,360.0
1949-08-28,354.0
1949-08-29,500.0
1949-08-30,588.0
1949-08-31,550.0
1949-09-01,550.0
1949-09-02,561.0
1949-09-03,471.0
1949-09-04,427.0
1949-09-05,415.0
1949-09-06,355.0
1949-09-07,337.0
1949-09-08,334.0
1949-09-09,328.0
1949-09-10,308.0
1949-09-11,291.0
1949-09-12,277.0
1949-09-13,272.0
1949-09-14,265.0
1949-09-15,245.0
1949-09-16,241.0
1949-09-17,253.0
1949-09-18,279.0
1949-09-19,291.0
1949-09-20,277.0
1949-09-21,274.0
1949-09-22,262.0
1949-09-23,233.0
1949-09-24,221.0
1949-09-25,207.0
1949-09-26,209.0
1949-09-27,229.0
1949-09-28,225.0
1949-09-29,222.0
1949-09-30,220.0
1949-10-01,225.0
1949-10-02,222.0
1949-10-03,220.0
1949-10-04,218.0
1949-10-05,220.0
1949-10-06,220.0
1949-10-07,215.0
1949-10-08,185.0
1949-10-09,190.0
1949-10-10,210.0
1949-10-11,190.0
1949-10-12,188.0
1949-10-13,200.0
1949-10-14,190.0
1949-10-15,183.0
1949-10-16,181.0
1949-10-17,185.0
1949-10-18,190.0
1949-10-19,200.0
1949-10-20,210.0
1949-10-21,200.0
1949-10-22,190.0
1949-10-23,210.0
1949-10-24,200.0
1949-10-25,198.0
1949-10-26,198.0
1949-10-27,193.0
1949-10-28,190.0
1949-10-29,195.0
1949-10-30,200.0
1949-10-31,210.0
1949-11-01,160.0
1949-11-02,148.0
1949-11-03,141.0
1949-11-04,139.0
1949-11-05,137.0
1949-11-06,136.0
1949-11-07,356.0
1949-11-08,162.0
1949-11-09,137.0
1949-11-10,135.0
1949-11-11,125.0
1949-11-12,112.0
1949-11-13,112.0
1949-11-14,115.0
1949-11-15,120.0
1949-11-16,116.0
1949-11-17,120.0
1949-11-18,116.0
1949-11-19,117.0
1949-11-20,115.0
1949-11-21,107.0
1949-11-22,100.0
1949-11-23,119.0
1949-11-24,134.0
1949-11-25,131.0
1949-11-26,120.0
1949-11-27,117.0
1949-11-28,115.0
1949-11-29,109.0
1949-11-30,109.0
1949-12-01,104.0
1949-12-02,103.0
1949-12-03,112.0
1949-12-04,106.0
1949-12-05,106.0
1949-12-06,128.0
1949-12-07,129.0
1949-12-08,122.0
1949-12-09,120.0
1949-12-10,125.0
1949-12-11,140.0
1949-12-12,109.0
1949-12-13,90.0
1949-12-14,78.0
1949-12-15,80.0
1949-12-16,86.0
1949-12-17,100.0
1949-12-18,112.0
1949-12-19,130.0
1949-12-20,132.0
1949-12-21,122.0
1949-12-22,100.0
1949-12-23,115.0
1949-12-24,115.0
1949-12-25,112.0
1949-12-26,115.0
1949-12-27,130.0
1949-12-28,138.0
1949-12-29,128.0
1949-12-30,125.0
1949-12-31,130.0
1950-01-01,132.0
1950-01-02,142.0
1950-01-03,130.0
1950-01-04,70.0
1950-01-05,86.0
1950-01-06,108.0
1950-01-07,118.0
1950-01-08,140.0
1950-01-09,150.0
1950-01-10,138.0
1950-01-11,144.0
1950-01-12,142.0
1950-01-13,145.0
1950-01-14,76.0
1950-01-15,110.0
1950-01-16,108.0
1950-01-17,120.0
1950-01-18,126.0
1950-01-19,124.0
1950-01-20,126.0
1950-01-21,128.0
1950-01-22,132.0
1950-01-23,135.0
1950-01-24,142.0
1950-01-25,120.0
1950-01-26,102.0
1950-01-27,112.0
1950-01-28,125.0
1950-01-29,132.0
1950-01-30,122.0
1950-01-31,125.0
1950-02-01,108.0
1950-02-02,120.0
1950-02-03,125.0
1950-02-04,132.0
1950-02-05,125.0
1950-02-06,142.0
1950-02-07,128.0
1950-02-08,105.0
1950-02-09,84.0
1950-02-10,90.0
1950-02-11,98.0
1950-02-12,92.0
1950-02-13,80.0
1950-02-14,68.0
1950-02-15,74.0
1950-02-16,70.0
1950-02-17,68.0
1950-02-18,66.0
1950-02-19,65.0
1950-02-20,76.0
1950-02-21,82.0
1950-02-22,68.0
1950-02-23,88.0
1950-02-24,92.0
1950-02-25,93.0
1950-02-26,94.0
1950-02-27,98.0
1950-02-28,98.0
1950-03-01,90.0
1950-03-02,85.0
1950-03-03,84.0
1950-03-04,92.0
1950-03-05,100.0
1950-03-06,105.0
1950-03-07,94.0
1950-03-08,84.0
1950-03-09,116.0
1950-03-10,108.0
1950-03-11,106.0
1950-03-12,105.0
1950-03-13,109.0
1950-03-14,120.0
1950-03-15,113.0
1950-03-16,108.0
1950-03-17,126.0
1950-03-18,133.0
1950-03-19,126.0
1950-03-20,139.0
1950-03-21,139.0
1950-03-22,183.0
1950-03-23,213.0
1950-03-24,199.0
1950-03-25,202.0
1950-03-26,204.0
1950-03-27,188.0
1950-03-28,188.0
1950-03-29,190.0
1950-03-30,199.0
1950-03-31,206.0
1950-04-01,212.0
1950-04-02,215.0
1950-04-03,229.0
1950-04-04,277.0
1950-04-05,272.0
1950-04-06,281.0
1950-04-07,294.0
1950-04-08,349.0
1950-04-09,352.0
1950-04-10,328.0
1950-04-11,313.0
1950-04-12,322.0
1950-04-13,325.0
1950-04-14,334.0
1950-04-15,349.0
1950-04-16,360.0
1950-04-17,370.0
1950-04-18,379.0
1950-04-19,360.0
1950-04-20,360.0
1950-04-21,379.0
1950-04-22,424.0
1950-04-23,412.0
1950-04-24,390.0
1950-04-25,360.0
1950-04-26,363.0
1950-04-27,351.0
1950-04-28,351.0
1950-04-29,331.0
1950-04-30,312.0
1950-05-01,282.0
1950-05-02,306.0
1950-05-03,320.0
1950-05-04,343.0
1950-05-05,340.0
1950-05-06,317.0
1950-05-07,317.0
1950-05-08,298.0
1950-05-09,275.0
1950-05-10,280.0
1950-05-11,280.0
1950-05-12,285.0
1950-05-13,298.0
1950-05-14,295.0
1950-05-15,295.0
1950-05-16,306.0
1950-05-17,329.0
1950-05-18,360.0
1950-05-19,334.0
1950-05-20,337.0
1950-05-21,340.0
1950-05-22,370.0
1950-05-23,447.0
1950-05-24,487.0
1950-05-25,464.0
1950-05-26,424.0
1950-05-27,500.0
1950-05-28,491.0
1950-05-29,405.0
1950-05-30,334.0
1950-05-31,331.0
1950-06-01,443.0
1950-06-02,443.0
1950-06-03,397.0
1950-06-04,331.0
1950-06-05,386.0
1950-06-06,397.0
1950-06-07,428.0
1950-06-08,405.0
1950-06-09,397.0
1950-06-10,451.0
1950-06-11,491.0
1950-06-12,555.0
1950-06-13,545.0
1950-06-14,588.0
1950-06-15,582.0
1950-06-16,594.0
1950-06-17,701.0
1950-06-18,677.0
1950-06-19,725.0
1950-06-20,671.0
1950-06-21,582.0
1950-06-22,487.0
1950-06-23,409.0
1950-06-24,393.0
1950-06-25,366.0
1950-06-26,340.0
1950-06-27,340.0
1950-06-28,320.0
1950-06-29,298.0
1950-06-30,298.0
1950-07-01,306.0
1950-07-02,331.0
1950-07-03,348.0
1950-07-04,351.0
1950-07-05,354.0
1950-07-06,366.0
1950-07-07,351.0
1950-07-08,348.0
1950-07-09,432.0
1950-07-10,468.0
1950-07-11,491.0
1950-07-12,621.0
1950-07-13,713.0
1950-07-14,713.0
1950-07-15,616.0
1950-07-16,616.0
1950-07-17,604.0
1950-07-18,487.0
1950-07-19,379.0
1950-07-20,323.0
1950-07-21,298.0
1950-07-22,303.0
1950-07-23,301.0
1950-07-24,317.0
1950-07-25,345.0
1950-07-26,312.0
1950-07-27,306.0
1950-07-28,306.0
1950-07-29,303.0
1950-07-30,334.0
1950-07-31,331.0
1950-08-01,309.0
1950-08-02,301.0
1950-08-03,295.0
1950-08-04,288.0
1950-08-05,263.0
1950-08-06,255.0
1950-08-07,257.0
1950-08-08,259.0
1950-08-09,257.0
1950-08-10,259.0
1950-08-11,261.0
1950-08-12,268.0
1950-08-13,266.0
1950-08-14,409.0
1950-08-15,491.0
1950-08-16,491.0
1950-08-17,496.0
1950-08-18,496.0
1950-08-19,329.0
1950-08-20,288.0
1950-08-21,284.0
1950-08-22,262.0
1950-08-23,243.0
1950-08-24,235.0
1950-08-25,221.0
1950-08-26,223.0
1950-08-27,225.0
1950-08-28,223.0
1950-08-29,250.0
1950-08-30,235.0
1950-08-31,212.0
1950-09-01,207.0
1950-09-02,219.0
1950-09-03,221.0
1950-09-04,205.0
1950-09-05,193.0
1950-09-06,190.0
1950-09-07,218.0
1950-09-08,218.0
1950-09-09,216.0
1950-09-10,238.0
1950-09-11,250.0
1950-09-12,212.0
1950-09-13,205.0
1950-09-14,202.0
1950-09-15,200.0
1950-09-16,195.0
1950-09-17,200.0
1950-09-18,206.0
1950-09-19,202.0
1950-09-20,208.0
1950-09-21,210.0
1950-09-22,210.0
1950-09-23,207.0
1950-09-24,210.0
1950-09-25,210.0
1950-09-26,208.0
1950-09-27,200.0
1950-09-28,200.0
1950-09-29,202.0
1950-09-30,200.0
1950-10-01,200.0
1950-10-02,205.0
1950-10-03,210.0
1950-10-04,208.0
1950-10-05,200.0
1950-10-06,191.0
1950-10-07,195.0
1950-10-08,190.0
1950-10-09,188.0
1950-10-10,148.0
1950-10-11,142.0
1950-10-12,136.0
1950-10-13,131.0
1950-10-14,131.0
1950-10-15,130.0
1950-10-16,146.0
1950-10-17,174.0
1950-10-18,179.0
1950-10-19,188.0
1950-10-20,190.0
1950-10-21,190.0
1950-10-22,190.0
1950-10-23,190.0
1950-10-24,196.0
1950-10-25,196.0
1950-10-26,194.0
1950-10-27,192.0
1950-10-28,190.0
1950-10-29,191.0
1950-10-30,182.0
1950-10-31,180.0
1950-11-01,186.0
1950-11-02,191.0
1950-11-03,194.0
1950-11-04,182.0
1950-11-05,182.0
1950-11-06,180.0
1950-11-07,182.0
1950-11-08,179.0
1950-11-09,152.0
1950-11-10,124.0
1950-11-11,134.0
1950-11-12,133.0
1950-11-13,133.0
1950-11-14,139.0
1950-11-15,142.0
1950-11-16,128.0
1950-11-17,136.0
1950-11-18,142.0
1950-11-19,145.0
1950-11-20,142.0
1950-11-21,145.0
1950-11-22,130.0
1950-11-23,122.0
1950-11-24,117.0
1950-11-25,125.0
1950-11-26,119.0
1950-11-27,118.0
1950-11-28,116.0
1950-11-29,124.0
1950-11-30,120.0
1950-12-01,125.0
1950-12-02,116.0
1950-12-03,105.0
1950-12-04,124.0
1950-12-05,120.0
1950-12-06,106.0
1950-12-07,112.0
1950-12-08,130.0
1950-12-09,134.0
1950-12-10,122.0
1950-12-11,128.0
1950-12-12,127.0
1950-12-13,120.0
1950-12-14,117.0
1950-12-15,122.0
1950-12-16,118.0
1950-12-17,113.0
1950-12-18,107.0
1950-12-19,110.0
1950-12-20,114.0
1950-12-21,120.0
1950-12-22,108.0
1950-12-23,112.0
1950-12-24,116.0
1950-12-25,128.0
1950-12-26,128.0
1950-12-27,116.0
1950-12-28,109.0
1950-12-29,110.0
1950-12-30,106.0
1950-12-31,110.0
1951-01-01,105.0
1951-01-02,72.0
1951-01-03,77.0
1951-01-04,80.0
1951-01-05,88.0
1951-01-06,93.0
1951-01-07,80.0
1951-01-08,70.0
1951-01-09,80.0
1951-01-10,80.0
1951-01-11,84.0
1951-01-12,82.0
1951-01-13,80.0
1951-01-14,74.0
1951-01-15,87.0
1951-01-16,74.0
1951-01-17,84.0
1951-01-18,96.0
1951-01-19,98.0
1951-01-20,76.0
1951-01-21,68.0
1951-01-22,92.0
1951-01-23,100.0
1951-01-24,106.0
1951-01-25,105.0
1951-01-26,110.0
1951-01-27,111.0
1951-01-28,90.0
1951-01-29,94.0
1951-01-30,80.0
1951-01-31,65.0
1951-02-01,40.0
1951-02-02,45.0
1951-02-03,60.0
1951-02-04,90.0
1951-02-05,105.0
1951-02-06,118.0
1951-02-07,112.0
1951-02-08,124.0
1951-02-09,108.0
1951-02-10,118.0
1951-02-11,125.0
1951-02-12,120.0
1951-02-13,100.0
1951-02-14,64.0
1951-02-15,80.0
1951-02-16,60.0
1951-02-17,58.0
1951-02-18,70.0
1951-02-19,68.0
1951-02-20,60.0
1951-02-21,74.0
1951-02-22,90.0
1951-02-23,88.0
1951-02-24,108.0
1951-02-25,103.0
1951-02-26,98.0
1951-02-27,99.0
1951-02-28,105.0
1951-03-01,100.0
1951-03-02,115.0
1951-03-03,110.0
1951-03-04,94.0
1951-03-05,110.0
1951-03-06,136.0
1951-03-07,145.0
1951-03-08,142.0
1951-03-09,152.0
1951-03-10,159.0
1951-03-11,152.0
1951-03-12,142.0
1951-03-13,152.0
1951-03-14,158.0
1951-03-15,154.0
1951-03-16,155.0
1951-03-17,154.0
1951-03-18,147.0
1951-03-19,141.0
1951-03-20,152.0
1951-03-21,154.0
1951-03-22,156.0
1951-03-23,158.0
1951-03-24,151.0
1951-03-25,152.0
1951-03-26,158.0
1951-03-27,162.0
1951-03-28,161.0
1951-03-29,149.0
1951-03-30,159.0
1951-03-31,168.0
1951-04-01,163.0
1951-04-02,158.0
1951-04-03,155.0
1951-04-04,163.0
1951-04-05,165.0
1951-04-06,161.0
1951-04-07,155.0
1951-04-08,161.0
1951-04-09,155.0
1951-04-10,152.0
1951-04-11,110.0
1951-04-12,111.0
1951-04-13,115.0
1951-04-14,132.0
1951-04-15,138.0
1951-04-16,134.0
1951-04-17,140.0
1951-04-18,150.0
1951-04-19,159.0
1951-04-20,162.0
1951-04-21,156.0
1951-04-22,166.0
1951-04-23,172.0
1951-04-24,185.0
1951-04-25,179.0
1951-04-26,173.0
1951-04-27,166.0
1951-04-28,172.0
1951-04-29,176.0
1951-04-30,167.0
1951-05-01,145.0
1951-05-02,128.0
1951-05-03,133.0
1951-05-04,162.0
1951-05-05,179.0
1951-05-06,195.0
1951-05-07,205.0
1951-05-08,233.0
1951-05-09,248.0
1951-05-10,246.0
1951-05-11,224.0
1951-05-12,234.0
1951-05-13,244.0
1951-05-14,236.0
1951-05-15,232.0
1951-05-16,244.0
1951-05-17,257.0
1951-05-18,270.0
1951-05-19,309.0
1951-05-20,345.0
1951-05-21,451.0
1951-05-22,510.0
1951-05-23,550.0
1951-05-24,707.0
1951-05-25,695.0
1951-05-26,707.0
1951-05-27,695.0
1951-05-28,738.0
1951-05-29,689.0
1951-05-30,610.0
1951-05-31,660.0
1951-06-01,643.0
1951-06-02,545.0
1951-06-03,555.0
1951-06-04,577.0
1951-06-05,738.0
1951-06-06,764.0
1951-06-07,818.0
1951-06-08,744.0
1951-06-09,719.0
1951-06-10,677.0
1951-06-11,638.0
1951-06-12,496.0
1951-06-13,491.0
1951-06-14,491.0
1951-06-15,535.0
1951-06-16,577.0
1951-06-17,671.0
1951-06-18,758.0
1951-06-19,758.0
1951-06-20,777.0
1951-06-21,790.0
1951-06-22,777.0
1951-06-23,732.0
1951-06-24,677.0
1951-06-25,643.0
1951-06-26,616.0
1951-06-27,599.0
1951-06-28,738.0
1951-06-29,732.0
1951-06-30,610.0
1951-07-01,577.0
1951-07-02,550.0
1951-07-03,535.0
1951-07-04,535.0
1951-07-05,530.0
1951-07-06,510.0
1951-07-07,510.0
1951-07-08,510.0
1951-07-09,496.0
1951-07-10,515.0
1951-07-11,588.0
1951-07-12,545.0
1951-07-13,520.0
1951-07-14,500.0
1951-07-15,440.0
1951-07-16,416.0
1951-07-17,412.0
1951-07-18,428.0
1951-07-19,436.0
1951-07-20,464.0
1951-07-21,648.0
1951-07-22,738.0
1951-07-23,770.0
1951-07-24,713.0
1951-07-25,594.0
1951-07-26,654.0
1951-07-27,560.0
1951-07-28,468.0
1951-07-29,505.0
1951-07-30,510.0
1951-07-31,515.0
1951-08-01,643.0
1951-08-02,797.0
1951-08-03,853.0
1951-08-04,432.0
1951-08-05,366.0
1951-08-06,360.0
1951-08-07,626.0
1951-08-08,643.0
1951-08-09,545.0
1951-08-10,451.0
1951-08-11,432.0
1951-08-12,416.0
1951-08-13,382.0
1951-08-14,317.0
1951-08-15,252.0
1951-08-16,290.0
1951-08-17,340.0
1951-08-18,340.0
1951-08-19,306.0
1951-08-20,491.0
1951-08-21,604.0
1951-08-22,648.0
1951-08-23,604.0
1951-08-24,683.0
1951-08-25,744.0
1951-08-26,582.0
1951-08-27,550.0
1951-08-28,540.0
1951-08-29,530.0
1951-08-30,379.0
1951-08-31,325.0
1951-09-01,299.0
1951-09-02,279.0
1951-09-03,267.0
1951-09-04,267.0
1951-09-05,265.0
1951-09-06,262.0
1951-09-07,253.0
1951-09-08,233.0
1951-09-09,227.0
1951-09-10,219.0
1951-09-11,200.0
1951-09-12,203.0
1951-09-13,203.0
1951-09-14,202.0
1951-09-15,200.0
1951-09-16,200.0
1951-09-17,195.0
1951-09-18,195.0
1951-09-19,187.0
1951-09-20,183.0
1951-09-21,179.0
1951-09-22,187.0
1951-09-23,185.0
1951-09-24,179.0
1951-09-25,174.0
1951-09-26,166.0
1951-09-27,163.0
1951-09-28,162.0
1951-09-29,161.0
1951-09-30,159.0
1951-10-01,160.0
1951-10-02,159.0
1951-10-03,160.0
1951-10-04,168.0
1951-10-05,184.0
1951-10-06,195.0
1951-10-07,182.0
1951-10-08,176.0
1951-10-09,153.0
1951-10-10,159.0
1951-10-11,157.0
1951-10-12,155.0
1951-10-13,155.0
1951-10-14,151.0
1951-10-15,144.0
1951-10-16,142.0
1951-10-17,142.0
1951-10-18,142.0
1951-10-19,142.0
1951-10-20,142.0
1951-10-21,148.0
1951-10-22,124.0
1951-10-23,124.0
1951-10-24,132.0
1951-10-25,136.0
1951-10-26,136.0
1951-10-27,132.0
1951-10-28,129.0
1951-10-29,127.0
1951-10-30,124.0
1951-10-31,124.0
1951-11-01,124.0
1951-11-02,93.0
1951-11-03,102.0
1951-11-04,131.0
1951-11-05,141.0
1951-11-06,119.0
1951-11-07,114.0
1951-11-08,132.0
1951-11-09,134.0
1951-11-10,122.0
1951-11-11,126.0
1951-11-12,126.0
1951-11-13,119.0
1951-11-14,114.0
1951-11-15,119.0
1951-11-16,102.0
1951-11-17,82.0
1951-11-18,62.0
1951-11-19,68.0
1951-11-20,80.0
1951-11-21,95.0
1951-11-22,100.0
1951-11-23,100.0
1951-11-24,100.0
1951-11-25,100.0
1951-11-26,95.0
1951-11-27,80.0
1951-11-28,94.0
1951-11-29,92.0
1951-11-30,92.0
1951-12-01,92.0
1951-12-02,94.0
1951-12-03,90.0
1951-12-04,82.0
1951-12-05,86.0
1951-12-06,90.0
1951-12-07,80.0
1951-12-08,60.0
1951-12-09,45.0
1951-12-10,48.0
1951-12-11,55.0
1951-12-12,60.0
1951-12-13,75.0
1951-12-14,74.0
1951-12-15,74.0
1951-12-16,82.0
1951-12-17,92.0
1951-12-18,100.0
1951-12-19,100.0
1951-12-20,100.0
1951-12-21,94.0
1951-12-22,96.0
1951-12-23,96.0
1951-12-24,96.0
1951-12-25,96.0
1951-12-26,94.0
1951-12-27,86.0
1951-12-28,84.0
1951-12-29,88.0
1951-12-30,96.0
1951-12-31,96.0
1952-01-01,96.0
1952-01-02,96.0
1952-01-03,92.0
1952-01-04,94.0
1952-01-05,96.0
1952-01-06,100.0
1952-01-07,102.0
1952-01-08,104.0
1952-01-09,102.0
1952-01-10,100.0
1952-01-11,96.0
1952-01-12,94.0
1952-01-13,94.0
1952-01-14,100.0
1952-01-15,104.0
1952-01-16,100.0
1952-01-17,96.0
1952-01-18,98.0
1952-01-19,100.0
1952-01-20,98.0
1952-01-21,96.0
1952-01-22,94.0
1952-01-23,96.0
1952-01-24,96.0
1952-01-25,98.0
1952-01-26,94.0
1952-01-27,94.0
1952-01-28,92.0
1952-01-29,90.0
1952-01-30,90.0
1952-01-31,90.0
1952-02-01,92.0
1952-02-02,92.0
1952-02-03,92.0
1952-02-04,92.0
1952-02-05,88.0
1952-02-06,82.0
1952-02-07,80.0
1952-02-08,80.0
1952-02-09,80.0
1952-02-10,76.0
1952-02-11,80.0
1952-02-12,88.0
1952-02-13,88.0
1952-02-14,88.0
1952-02-15,86.0
1952-02-16,86.0
1952-02-17,88.0
1952-02-18,88.0
1952-02-19,84.0
1952-02-20,76.0
1952-02-21,72.0
1952-02-22,76.0
1952-02-23,78.0
1952-02-24,76.0
1952-02-25,74.0
1952-02-26,72.0
1952-02-27,68.0
1952-02-28,90.0
1952-02-29,96.0
1952-03-01,98.0
1952-03-02,96.0
1952-03-03,90.0
1952-03-04,85.0
1952-03-05,80.0
1952-03-06,82.0
1952-03-07,88.0
1952-03-08,90.0
1952-03-09,90.0
1952-03-10,90.0
1952-03-11,88.0
1952-03-12,92.0
1952-03-13,94.0
1952-03-14,92.0
1952-03-15,96.0
1952-03-16,101.0
1952-03-17,97.0
1952-03-18,95.0
1952-03-19,97.0
1952-03-20,96.0
1952-03-21,94.0
1952-03-22,92.0
1952-03-23,104.0
1952-03-24,101.0
1952-03-25,98.0
1952-03-26,97.0
1952-03-27,101.0
1952-03-28,103.0
1952-03-29,108.0
1952-03-30,111.0
1952-03-31,120.0
1952-04-01,104.0
1952-04-02,106.0
1952-04-03,112.0
1952-04-04,112.0
1952-04-05,111.0
1952-04-06,120.0
1952-04-07,139.0
1952-04-08,146.0
1952-04-09,133.0
1952-04-10,117.0
1952-04-11,128.0
1952-04-12,134.0
1952-04-13,131.0
1952-04-14,131.0
1952-04-15,149.0
1952-04-16,154.0
1952-04-17,163.0
1952-04-18,177.0
1952-04-19,196.0
1952-04-20,204.0
1952-04-21,280.0
1952-04-22,212.0
1952-04-23,196.0
1952-04-24,228.0
1952-04-25,262.0
1952-04-26,278.0
1952-04-27,292.0
1952-04-28,292.0
1952-04-29,298.0
1952-04-30,331.0
1952-05-01,346.0
1952-05-02,361.0
1952-05-03,391.0
1952-05-04,421.0
1952-05-05,463.0
1952-05-06,512.0
1952-05-07,486.0
1952-05-08,486.0
1952-05-09,476.0
1952-05-10,846.0
1952-05-11,834.0
1952-05-12,684.0
1952-05-13,684.0
1952-05-14,668.0
1952-05-15,720.0
1952-05-16,714.0
1952-05-17,476.0
1952-05-18,417.0
1952-05-19,421.0
1952-05-20,417.0
1952-05-21,402.0
1952-05-22,384.0
1952-05-23,441.0
1952-05-24,517.0
1952-05-25,590.0
1952-05-26,652.0
1952-05-27,668.0
1952-05-28,646.0
1952-05-29,657.0
1952-05-30,690.0
1952-05-31,726.0
1952-06-01,720.0
1952-06-02,720.0
1952-06-03,768.0
1952-06-04,810.0
1952-06-05,928.0
1952-06-06,968.0
1952-06-07,1080.0
1952-06-08,1120.0
1952-06-09,1100.0
1952-06-10,1100.0
1952-06-11,1100.0
1952-06-12,994.0
1952-06-13,942.0
1952-06-14,883.0
1952-06-15,840.0
1952-06-16,840.0
1952-06-17,720.0
1952-06-18,646.0
1952-06-19,726.0
1952-06-20,876.0
1952-06-21,916.0
1952-06-22,890.0
1952-06-23,896.0
1952-06-24,870.0
1952-06-25,822.0
1952-06-26,786.0
1952-06-27,762.0
1952-06-28,720.0
1952-06-29,668.0
1952-06-30,635.0
1952-07-01,610.0
1952-07-02,600.0
1952-07-03,590.0
1952-07-04,630.0
1952-07-05,679.0
1952-07-06,714.0
1952-07-07,744.0
1952-07-08,762.0
1952-07-09,768.0
1952-07-10,750.0
1952-07-11,708.0
1952-07-12,646.0
1952-07-13,600.0
1952-07-14,560.0
1952-07-15,535.0
1952-07-16,517.0
1952-07-17,490.0
1952-07-18,463.0
1952-07-19,454.0
1952-07-20,433.0
1952-07-21,421.0
1952-07-22,405.0
1952-07-23,402.0
1952-07-24,417.0
1952-07-25,421.0
1952-07-26,450.0
1952-07-27,468.0
1952-07-28,490.0
1952-07-29,720.0
1952-07-30,768.0
1952-07-31,668.0
1952-08-01,702.0
1952-08-02,720.0
1952-08-03,662.0
1952-08-04,810.0
1952-08-05,870.0
1952-08-06,822.0
1952-08-07,816.0
1952-08-08,804.0
1952-08-09,577.0
1952-08-10,471.0
1952-08-11,495.0
1952-08-12,476.0
1952-08-13,453.0
1952-08-14,415.0
1952-08-15,395.0
1952-08-16,370.0
1952-08-17,353.0
1952-08-18,480.0
1952-08-19,577.0
1952-08-20,566.0
1952-08-21,551.0
1952-08-22,652.0
1952-08-23,510.0
1952-08-24,384.0
1952-08-25,392.0
1952-08-26,374.0
1952-08-27,307.0
1952-08-28,292.0
1952-08-29,286.0
1952-08-30,301.0
1952-08-31,333.0
1952-09-01,329.0
1952-09-02,307.0
1952-09-03,298.0
1952-09-04,268.0
1952-09-05,255.0
1952-09-06,247.0
1952-09-07,236.0
1952-09-08,222.0
1952-09-09,214.0
1952-09-10,212.0
1952-09-11,204.0
1952-09-12,197.0
1952-09-13,186.0
1952-09-14,172.0
1952-09-15,155.0
1952-09-16,149.0
1952-09-17,168.0
1952-09-18,170.0
1952-09-19,200.0
1952-09-20,207.0
1952-09-21,209.0
1952-09-22,214.0
1952-09-23,212.0
1952-09-24,207.0
1952-09-25,224.0
1952-09-26,226.0
1952-09-27,236.0
1952-09-28,236.0
1952-09-29,236.0
1952-09-30,242.0
1952-10-01,252.0
1952-10-02,249.0
1952-10-03,247.0
1952-10-04,247.0
1952-10-05,247.0
1952-10-06,149.0
1952-10-07,110.0
1952-10-08,107.0
1952-10-09,106.0
1952-10-10,102.0
1952-10-11,100.0
1952-10-12,97.0
1952-10-13,113.0
1952-10-14,120.0
1952-10-15,97.0
1952-10-16,95.0
1952-10-17,96.0
1952-10-18,92.0
1952-10-19,92.0
1952-10-20,102.0
1952-10-21,120.0
1952-10-22,144.0
1952-10-23,176.0
1952-10-24,184.0
1952-10-25,192.0
1952-10-26,192.0
1952-10-27,192.0
1952-10-28,192.0
1952-10-29,212.0
1952-10-30,212.0
1952-10-31,212.0
1952-11-01,214.0
1952-11-02,216.0
1952-11-03,214.0
1952-11-04,195.0
1952-11-05,188.0
1952-11-06,192.0
1952-11-07,180.0
1952-11-08,200.0
1952-11-09,192.0
1952-11-10,164.0
1952-11-11,155.0
1952-11-12,172.0
1952-11-13,172.0
1952-11-14,174.0
1952-11-15,170.0
1952-11-16,148.0
1952-11-17,157.0
1952-11-18,144.0
1952-11-19,142.0
1952-11-20,148.0
1952-11-21,141.0
1952-11-22,124.0
1952-11-23,106.0
1952-11-24,107.0
1952-11-25,99.0
1952-11-26,84.0
1952-11-27,72.0
1952-11-28,76.0
1952-11-29,70.0
1952-11-30,74.0
1952-12-01,82.0
1952-12-02,80.0
1952-12-03,83.0
1952-12-04,89.0
1952-12-05,88.0
1952-12-06,84.0
1952-12-07,88.0
1952-12-08,94.0
1952-12-09,90.0
1952-12-10,107.0
1952-12-11,94.0
1952-12-12,98.0
1952-12-13,95.0
1952-12-14,93.0
1952-12-15,90.0
1952-12-16,90.0
1952-12-17,92.0
1952-12-18,86.0
1952-12-19,82.0
1952-12-20,80.0
1952-12-21,84.0
1952-12-22,94.0
1952-12-23,92.0
1952-12-24,88.0
1952-12-25,70.0
1952-12-26,73.0
1952-12-27,78.0
1952-12-28,80.0
1952-12-29,88.0
1952-12-30,87.0
1952-12-31,88.0
1953-01-01,88.0
1953-01-02,88.0
1953-01-03,88.0
1953-01-04,88.0
1953-01-05,87.0
1953-01-06,87.0
1953-01-07,84.0
1953-01-08,78.0
1953-01-09,80.0
1953-01-10,82.0
1953-01-11,90.0
1953-01-12,88.0
1953-01-13,84.0
1953-01-14,82.0
1953-01-15,74.0
1953-01-16,62.0
1953-01-17,70.0
1953-01-18,97.0
1953-01-19,92.0
1953-01-20,90.0
1953-01-21,88.0
1953-01-22,81.0
1953-01-23,86.0
1953-01-24,82.0
1953-01-25,90.0
1953-01-26,88.0
1953-01-27,84.0
1953-01-28,81.0
1953-01-29,82.0
1953-01-30,80.0
1953-01-31,78.0
1953-02-01,72.0
1953-02-02,74.0
1953-02-03,82.0
1953-02-04,88.0
1953-02-05,82.0
1953-02-06,72.0
1953-02-07,72.0
1953-02-08,74.0
1953-02-09,67.0
1953-02-10,44.0
1953-02-11,45.0
1953-02-12,48.0
1953-02-13,60.0
1953-02-14,70.0
1953-02-15,61.0
1953-02-16,54.0
1953-02-17,62.0
1953-02-18,67.0
1953-02-19,54.0
1953-02-20,50.0
1953-02-21,44.0
1953-02-22,47.0
1953-02-23,70.0
1953-02-24,80.0
1953-02-25,72.0
1953-02-26,78.0
1953-02-27,80.0
1953-02-28,80.0
1953-03-01,84.0
1953-03-02,74.0
1953-03-03,65.0
1953-03-04,62.0
1953-03-05,68.0
1953-03-06,87.0
1953-03-07,86.0
1953-03-08,88.0
1953-03-09,97.0
1953-03-10,93.0
1953-03-11,94.0
1953-03-12,91.0
1953-03-13,94.0
1953-03-14,90.0
1953-03-15,83.0
1953-03-16,85.0
1953-03-17,91.0
1953-03-18,90.0
1953-03-19,90.0
1953-03-20,92.0
1953-03-21,85.0
1953-03-22,83.0
1953-03-23,80.0
1953-03-24,82.0
1953-03-25,85.0
1953-03-26,90.0
1953-03-27,92.0
1953-03-28,95.0
1953-03-29,101.0
1953-03-30,117.0
1953-03-31,102.0
1953-04-01,111.0
1953-04-02,110.0
1953-04-03,101.0
1953-04-04,104.0
1953-04-05,105.0
1953-04-06,114.0
1953-04-07,116.0
1953-04-08,104.0
1953-04-09,96.0
1953-04-10,96.0
1953-04-11,100.0
1953-04-12,100.0
1953-04-13,100.0
1953-04-14,108.0
1953-04-15,104.0
1953-04-16,103.0
1953-04-17,110.0
1953-04-18,102.0
1953-04-19,106.0
1953-04-20,105.0
1953-04-21,112.0
1953-04-22,133.0
1953-04-23,159.0
1953-04-24,163.0
1953-04-25,147.0
1953-04-26,141.0
1953-04-27,149.0
1953-04-28,166.0
1953-04-29,240.0
1953-04-30,215.0
1953-05-01,196.0
1953-05-02,183.0
1953-05-03,181.0
1953-05-04,183.0
1953-05-05,179.0
1953-05-06,188.0
1953-05-07,198.0
1953-05-08,202.0
1953-05-09,208.0
1953-05-10,208.0
1953-05-11,194.0
1953-05-12,223.0
1953-05-13,226.0
1953-05-14,226.0
1953-05-15,242.0
1953-05-16,304.0
1953-05-17,370.0
1953-05-18,388.0
1953-05-19,405.0
1953-05-20,402.0
1953-05-21,402.0
1953-05-22,425.0
1953-05-23,494.0
1953-05-24,526.0
1953-05-25,555.0
1953-05-26,570.0
1953-05-27,545.0
1953-05-28,702.0
1953-05-29,780.0
1953-05-30,600.0
1953-05-31,640.0
1953-06-01,674.0
1953-06-02,652.0
1953-06-03,668.0
1953-06-04,600.0
1953-06-05,560.0
1953-06-06,565.0
1953-06-07,595.0
1953-06-08,590.0
1953-06-09,585.0
1953-06-10,590.0
1953-06-11,610.0
1953-06-12,605.0
1953-06-13,774.0
1953-06-14,834.0
1953-06-15,846.0
1953-06-16,732.0
1953-06-17,916.0
1953-06-18,876.0
1953-06-19,909.0
1953-06-20,1080.0
1953-06-21,1020.0
1953-06-22,1120.0
1953-06-23,876.0
1953-06-24,668.0
1953-06-25,535.0
1953-06-26,540.0
1953-06-27,526.0
1953-06-28,517.0
1953-06-29,458.0
1953-06-30,409.0
1953-07-01,402.0
1953-07-02,391.0
1953-07-03,384.0
1953-07-04,384.0
1953-07-05,402.0
1953-07-06,472.0
1953-07-07,504.0
1953-07-08,486.0
1953-07-09,504.0
1953-07-10,526.0
1953-07-11,652.0
1953-07-12,640.0
1953-07-13,768.0
1953-07-14,720.0
1953-07-15,762.0
1953-07-16,756.0
1953-07-17,804.0
1953-07-18,679.0
1953-07-19,792.0
1953-07-20,846.0
1953-07-21,768.0
1953-07-22,798.0
1953-07-23,816.0
1953-07-24,652.0
1953-07-25,635.0
1953-07-26,545.0
1953-07-27,535.0
1953-07-28,535.0
1953-07-29,652.0
1953-07-30,726.0
1953-07-31,834.0
1953-08-01,834.0
1953-08-02,1130.0
1953-08-03,1250.0
1953-08-04,1100.0
1953-08-05,1070.0
1953-08-06,822.0
1953-08-07,600.0
1953-08-08,657.0
1953-08-09,646.0
1953-08-10,585.0
1953-08-11,540.0
1953-08-12,522.0
1953-08-13,458.0
1953-08-14,402.0
1953-08-15,380.0
1953-08-16,377.0
1953-08-17,555.0
1953-08-18,630.0
1953-08-19,674.0
1953-08-20,657.0
1953-08-21,614.0
1953-08-22,411.0
1953-08-23,419.0
1953-08-24,419.0
1953-08-25,388.0
1953-08-26,336.0
1953-08-27,336.0
1953-08-28,350.0
1953-08-29,314.0
1953-08-30,286.0
1953-08-31,277.0
1953-09-01,262.0
1953-09-02,257.0
1953-09-03,252.0
1953-09-04,239.0
1953-09-05,229.0
1953-09-06,195.0
1953-09-07,186.0
1953-09-08,197.0
1953-09-09,200.0
1953-09-10,214.0
1953-09-11,222.0
1953-09-12,219.0
1953-09-13,216.0
1953-09-14,209.0
1953-09-15,236.0
1953-09-16,242.0
1953-09-17,236.0
1953-09-18,229.0
1953-09-19,222.0
1953-09-20,216.0
1953-09-21,214.0
1953-09-22,209.0
1953-09-23,207.0
1953-09-24,202.0
1953-09-25,214.0
1953-09-26,219.0
1953-09-27,224.0
1953-09-28,224.0
1953-09-29,262.0
1953-09-30,271.0
1953-10-01,273.0
1953-10-02,273.0
1953-10-03,267.0
1953-10-04,234.0
1953-10-05,239.0
1953-10-06,242.0
1953-10-07,239.0
1953-10-08,237.0
1953-10-09,234.0
1953-10-10,232.0
1953-10-11,229.0
1953-10-12,229.0
1953-10-13,237.0
1953-10-14,250.0
1953-10-15,245.0
1953-10-16,242.0
1953-10-17,259.0
1953-10-18,256.0
1953-10-19,256.0
1953-10-20,256.0
1953-10-21,226.0
1953-10-22,216.0
1953-10-23,221.0
1953-10-24,219.0
1953-10-25,213.0
1953-10-26,219.0
1953-10-27,206.0
1953-10-28,198.0
1953-10-29,178.0
1953-10-30,176.0
1953-10-31,174.0
1953-11-01,170.0
1953-11-02,172.0
1953-11-03,186.0
1953-11-04,195.0
1953-11-05,193.0
1953-11-06,195.0
1953-11-07,184.0
1953-11-08,155.0
1953-11-09,85.0
1953-11-10,96.0
1953-11-11,113.0
1953-11-12,110.0
1953-11-13,113.0
1953-11-14,153.0
1953-11-15,144.0
1953-11-16,146.0
1953-11-17,153.0
1953-11-18,164.0
1953-11-19,159.0
1953-11-20,136.0
1953-11-21,142.0
1953-11-22,144.0
1953-11-23,172.0
1953-11-24,149.0
1953-11-25,148.0
1953-11-26,153.0
1953-11-27,153.0
1953-11-28,122.0
1953-11-29,110.0
1953-11-30,104.0
1953-12-01,109.0
1953-12-02,116.0
1953-12-03,109.0
1953-12-04,87.0
1953-12-05,100.0
1953-12-06,97.0
1953-12-07,104.0
1953-12-08,106.0
1953-12-09,100.0
1953-12-10,109.0
1953-12-11,103.0
1953-12-12,99.0
1953-12-13,113.0
1953-12-14,116.0
1953-12-15,109.0
1953-12-16,100.0
1953-12-17,107.0
1953-12-18,110.0
1953-12-19,110.0
1953-12-20,110.0
1953-12-21,93.0
1953-12-22,70.0
1953-12-23,72.0
1953-12-24,82.0
1953-12-25,86.0
1953-12-26,88.0
1953-12-27,92.0
1953-12-28,90.0
1953-12-29,85.0
1953-12-30,86.0
1953-12-31,91.0
1954-01-01,94.0
1954-01-02,94.0
1954-01-03,98.0
1954-01-04,102.0
1954-01-05,105.0
1954-01-06,111.0
1954-01-07,110.0
1954-01-08,103.0
1954-01-09,96.0
1954-01-10,74.0
1954-01-11,76.0
1954-01-12,76.0
1954-01-13,79.0
1954-01-14,84.0
1954-01-15,88.0
1954-01-16,90.0
1954-01-17,88.0
1954-01-18,84.0
1954-01-19,82.0
1954-01-20,82.0
1954-01-21,74.0
1954-01-22,72.0
1954-01-23,80.0
1954-01-24,84.0
1954-01-25,83.0
1954-01-26,79.0
1954-01-27,81.0
1954-01-28,82.0
1954-01-29,84.0
1954-01-30,91.0
1954-01-31,100.0
1954-02-01,114.0
1954-02-02,113.0
1954-02-03,95.0
1954-02-04,99.0
1954-02-05,96.0
1954-02-06,103.0
1954-02-07,93.0
1954-02-08,99.0
1954-02-09,104.0
1954-02-10,103.0
1954-02-11,102.0
1954-02-12,104.0
1954-02-13,106.0
1954-02-14,111.0
1954-02-15,106.0
1954-02-16,87.0
1954-02-17,90.0
1954-02-18,104.0
1954-02-19,103.0
1954-02-20,85.0
1954-02-21,92.0
1954-02-22,103.0
1954-02-23,90.0
1954-02-24,99.0
1954-02-25,102.0
1954-02-26,99.0
1954-02-27,95.0
1954-02-28,72.0
1954-03-01,82.0
1954-03-02,89.0
1954-03-03,76.0
1954-03-04,111.0
1954-03-05,113.0
1954-03-06,116.0
1954-03-07,110.0
1954-03-08,104.0
1954-03-09,109.0
1954-03-10,114.0
1954-03-11,111.0
1954-03-12,77.0
1954-03-13,61.0
1954-03-14,73.0
1954-03-15,85.0
1954-03-16,93.0
1954-03-17,88.0
1954-03-18,84.0
1954-03-19,71.0
1954-03-20,89.0
1954-03-21,84.0
1954-03-22,87.0
1954-03-23,84.0
1954-03-24,85.0
1954-03-25,81.0
1954-03-26,74.0
1954-03-27,81.0
1954-03-28,84.0
1954-03-29,84.0
1954-03-30,84.0
1954-03-31,89.0
1954-04-01,89.0
1954-04-02,95.0
1954-04-03,95.0
1954-04-04,96.0
1954-04-05,102.0
1954-04-06,174.0
1954-04-07,190.0
1954-04-08,239.0
1954-04-09,250.0
1954-04-10,248.0
1954-04-11,221.0
1954-04-12,132.0
1954-04-13,111.0
1954-04-14,174.0
1954-04-15,200.0
1954-04-16,190.0
1954-04-17,224.0
1954-04-18,203.0
1954-04-19,206.0
1954-04-20,245.0
1954-04-21,250.0
1954-04-22,250.0
1954-04-23,242.0
1954-04-24,239.0
1954-04-25,239.0
1954-04-26,239.0
1954-04-27,232.0
1954-04-28,229.0
1954-04-29,234.0
1954-04-30,288.0
1954-05-01,250.0
1954-05-02,273.0
1954-05-03,291.0
1954-05-04,318.0
1954-05-05,335.0
1954-05-06,361.0
1954-05-07,357.0
1954-05-08,342.0
1954-05-09,314.0
1954-05-10,380.0
1954-05-11,368.0
1954-05-12,388.0
1954-05-13,434.0
1954-05-14,464.0
1954-05-15,469.0
1954-05-16,469.0
1954-05-17,460.0
1954-05-18,464.0
1954-05-19,492.0
1954-05-20,545.0
1954-05-21,540.0
1954-05-22,520.0
1954-05-23,475.0
1954-05-24,450.0
1954-05-25,465.0
1954-05-26,490.0
1954-05-27,530.0
1954-05-28,565.0
1954-05-29,560.0
1954-05-30,500.0
1954-05-31,460.0
1954-06-01,405.0
1954-06-02,370.0
1954-06-03,360.0
1954-06-04,357.0
1954-06-05,355.0
1954-06-06,358.0
1954-06-07,360.0
1954-06-08,363.0
1954-06-09,365.0
1954-06-10,345.0
1954-06-11,305.0
1954-06-12,282.0
1954-06-13,256.0
1954-06-14,396.0
1954-06-15,501.0
1954-06-16,526.0
1954-06-17,550.0
1954-06-18,555.0
1954-06-19,388.0
1954-06-20,342.0
1954-06-21,324.0
1954-06-22,380.0
1954-06-23,446.0
1954-06-24,400.0
1954-06-25,392.0
1954-06-26,332.0
1954-06-27,339.0
1954-06-28,372.0
1954-06-29,365.0
1954-06-30,361.0
1954-07-01,368.0
1954-07-02,365.0
1954-07-03,354.0
1954-07-04,324.0
1954-07-05,321.0
1954-07-06,328.0
1954-07-07,361.0
1954-07-08,361.0
1954-07-09,361.0
1954-07-10,346.0
1954-07-11,339.0
1954-07-12,294.0
1954-07-13,560.0
1954-07-14,629.0
1954-07-15,602.0
1954-07-16,597.0
1954-07-17,429.0
1954-07-18,446.0
1954-07-19,434.0
1954-07-20,434.0
1954-07-21,376.0
1954-07-22,380.0
1954-07-23,372.0
1954-07-24,357.0
1954-07-25,324.0
1954-07-26,314.0
1954-07-27,310.0
1954-07-28,357.0
1954-07-29,372.0
1954-07-30,392.0
1954-07-31,392.0
1954-08-01,388.0
1954-08-02,368.0
1954-08-03,332.0
1954-08-04,310.0
1954-08-05,339.0
1954-08-06,372.0
1954-08-07,339.0
1954-08-08,307.0
1954-08-09,288.0
1954-08-10,332.0
1954-08-11,365.0
1954-08-12,372.0
1954-08-13,384.0
1954-08-14,380.0
1954-08-15,372.0
1954-08-16,361.0
1954-08-17,314.0
1954-08-18,282.0
1954-08-19,273.0
1954-08-20,291.0
1954-08-21,297.0
1954-08-22,300.0
1954-08-23,297.0
1954-08-24,285.0
1954-08-25,291.0
1954-08-26,288.0
1954-08-27,285.0
1954-08-28,282.0
1954-08-29,279.0
1954-08-30,279.0
1954-08-31,279.0
1954-09-01,279.0
1954-09-02,276.0
1954-09-03,282.0
1954-09-04,288.0
1954-09-05,219.0
1954-09-06,195.0
1954-09-07,245.0
1954-09-08,259.0
1954-09-09,259.0
1954-09-10,253.0
1954-09-11,250.0
1954-09-12,250.0
1954-09-13,250.0
1954-09-14,250.0
1954-09-15,237.0
1954-09-16,232.0
1954-09-17,226.0
1954-09-18,224.0
1954-09-19,221.0
1954-09-20,221.0
1954-09-21,219.0
1954-09-22,195.0
1954-09-23,188.0
1954-09-24,216.0
1954-09-25,248.0
1954-09-26,242.0
1954-09-27,262.0
1954-09-28,256.0
1954-09-29,234.0
1954-09-30,221.0
1954-10-01,216.0
1954-10-02,211.0
1954-10-03,208.0
1954-10-04,229.0
1954-10-05,234.0
1954-10-06,224.0
1954-10-07,216.0
1954-10-08,213.0
1954-10-09,211.0
1954-10-10,208.0
1954-10-11,208.0
1954-10-12,208.0
1954-10-13,211.0
1954-10-14,211.0
1954-10-15,206.0
1954-10-16,203.0
1954-10-17,200.0
1954-10-18,198.0
1954-10-19,195.0
1954-10-20,195.0
1954-10-21,200.0
1954-10-22,248.0
1954-10-23,250.0
1954-10-24,248.0
1954-10-25,245.0
1954-10-26,208.0
1954-10-27,195.0
1954-10-28,237.0
1954-10-29,211.0
1954-10-30,208.0
1954-10-31,200.0
1954-11-01,200.0
1954-11-02,155.0
1954-11-03,146.0
1954-11-04,132.0
1954-11-05,116.0
1954-11-06,120.0
1954-11-07,119.0
1954-11-08,116.0
1954-11-09,100.0
1954-11-10,87.0
1954-11-11,82.0
1954-11-12,87.0
1954-11-13,97.0
1954-11-14,93.0
1954-11-15,85.0
1954-11-16,83.0
1954-11-17,83.0
1954-11-18,75.0
1954-11-19,75.0
1954-11-20,82.0
1954-11-21,78.0
1954-11-22,127.0
1954-11-23,162.0
1954-11-24,153.0
1954-11-25,149.0
1954-11-26,151.0
1954-11-27,139.0
1954-11-28,136.0
1954-11-29,120.0
1954-11-30,120.0
1954-12-01,120.0
1954-12-02,131.0
1954-12-03,148.0
1954-12-04,149.0
1954-12-05,146.0
1954-12-06,131.0
1954-12-07,77.0
1954-12-08,44.0
1954-12-09,32.0
1954-12-10,30.0
1954-12-11,40.0
1954-12-12,38.0
1954-12-13,39.0
1954-12-14,40.0
1954-12-15,42.0
1954-12-16,42.0
1954-12-17,36.0
1954-12-18,38.0
1954-12-19,41.0
1954-12-20,43.0
1954-12-21,43.0
1954-12-22,45.0
1954-12-23,48.0
1954-12-24,52.0
1954-12-25,58.0
1954-12-26,58.0
1954-12-27,50.0
1954-12-28,36.0
1954-12-29,40.0
1954-12-30,52.0
1954-12-31,70.0
1955-01-01,76.0
1955-01-02,84.0
1955-01-03,84.0
1955-01-04,84.0
1955-01-05,80.0
1955-01-06,70.0
1955-01-07,74.0
1955-01-08,72.0
1955-01-09,68.0
1955-01-10,64.0
1955-01-11,66.0
1955-01-12,62.0
1955-01-13,64.0
1955-01-14,80.0
1955-01-15,74.0
1955-01-16,76.0
1955-01-17,76.0
1955-01-18,60.0
1955-01-19,68.0
1955-01-20,70.0
1955-01-21,70.0
1955-01-22,66.0
1955-01-23,60.0
1955-01-24,58.0
1955-01-25,62.0
1955-01-26,62.0
1955-01-27,62.0
1955-01-28,63.0
1955-01-29,68.0
1955-01-30,74.0
1955-01-31,74.0
1955-02-01,72.0
1955-02-02,72.0
1955-02-03,71.0
1955-02-04,67.0
1955-02-05,66.0
1955-02-06,74.0
1955-02-07,72.0
1955-02-08,84.0
1955-02-09,84.0
1955-02-10,72.0
1955-02-11,68.0
1955-02-12,68.0
1955-02-13,72.0
1955-02-14,74.0
1955-02-15,76.0
1955-02-16,76.0
1955-02-17,80.0
1955-02-18,66.0
1955-02-19,62.0
1955-02-20,54.0
1955-02-21,53.0
1955-02-22,58.0
1955-02-23,64.0
1955-02-24,68.0
1955-02-25,74.0
1955-02-26,72.0
1955-02-27,70.0
1955-02-28,73.0
1955-03-01,81.0
1955-03-02,87.0
1955-03-03,87.0
1955-03-04,86.0
1955-03-05,80.0
1955-03-06,78.0
1955-03-07,79.0
1955-03-08,85.0
1955-03-09,94.0
1955-03-10,94.0
1955-03-11,93.0
1955-03-12,92.0
1955-03-13,84.0
1955-03-14,86.0
1955-03-15,87.0
1955-03-16,79.0
1955-03-17,80.0
1955-03-18,73.0
1955-03-19,77.0
1955-03-20,79.0
1955-03-21,69.0
1955-03-22,73.0
1955-03-23,78.0
1955-03-24,79.0
1955-03-25,69.0
1955-03-26,66.0
1955-03-27,74.0
1955-03-28,81.0
1955-03-29,85.0
1955-03-30,83.0
1955-03-31,92.0
1955-04-01,75.0
1955-04-02,82.0
1955-04-03,85.0
1955-04-04,73.0
1955-04-05,72.0
1955-04-06,79.0
1955-04-07,73.0
1955-04-08,75.0
1955-04-09,78.0
1955-04-10,79.0
1955-04-11,91.0
1955-04-12,101.0
1955-04-13,100.0
1955-04-14,139.0
1955-04-15,165.0
1955-04-16,210.0
1955-04-17,355.0
1955-04-18,377.0
1955-04-19,394.0
1955-04-20,361.0
1955-04-21,298.0
1955-04-22,255.0
1955-04-23,212.0
1955-04-24,194.0
1955-04-25,188.0
1955-04-26,200.0
1955-04-27,212.0
1955-04-28,192.0
1955-04-29,177.0
1955-04-30,196.0
1955-05-01,232.0
1955-05-02,252.0
1955-05-03,230.0
1955-05-04,221.0
1955-05-05,221.0
1955-05-06,230.0
1955-05-07,252.0
1955-05-08,272.0
1955-05-09,265.0
1955-05-10,343.0
1955-05-11,409.0
1955-05-12,508.0
1955-05-13,517.0
1955-05-14,512.0
1955-05-15,526.0
1955-05-16,486.0
1955-05-17,429.0
1955-05-18,458.0
1955-05-19,550.0
1955-05-20,526.0
1955-05-21,494.0
1955-05-22,517.0
1955-05-23,555.0
1955-05-24,535.0
1955-05-25,530.0
1955-05-26,504.0
1955-05-27,429.0
1955-05-28,380.0
1955-05-29,349.0
1955-05-30,334.0
1955-05-31,322.0
1955-06-01,322.0
1955-06-02,313.0
1955-06-03,292.0
1955-06-04,283.0
1955-06-05,278.0
1955-06-06,268.0
1955-06-07,280.0
1955-06-08,310.0
1955-06-09,388.0
1955-06-10,364.0
1955-06-11,328.0
1955-06-12,334.0
1955-06-13,340.0
1955-06-14,343.0
1955-06-15,370.0
1955-06-16,331.0
1955-06-17,301.0
1955-06-18,286.0
1955-06-19,270.0
1955-06-20,260.0
1955-06-21,262.0
1955-06-22,258.0
1955-06-23,258.0
1955-06-24,260.0
1955-06-25,260.0
1955-06-26,260.0
1955-06-27,248.0
1955-06-28,242.0
1955-06-29,232.0
1955-06-30,235.0
1955-07-01,235.0
1955-07-02,228.0
1955-07-03,223.0
1955-07-04,219.0
1955-07-05,212.0
1955-07-06,206.0
1955-07-07,198.0
1955-07-08,192.0
1955-07-09,186.0
1955-07-10,181.0
1955-07-11,181.0
1955-07-12,181.0
1955-07-13,331.0
1955-07-14,374.0
1955-07-15,374.0
1955-07-16,370.0
1955-07-17,367.0
1955-07-18,204.0
1955-07-19,163.0
1955-07-20,156.0
1955-07-21,156.0
1955-07-22,159.0
1955-07-23,200.0
1955-07-24,275.0
1955-07-25,278.0
1955-07-26,258.0
1955-07-27,295.0
1955-07-28,343.0
1955-07-29,394.0
1955-07-30,384.0
1955-07-31,374.0
1955-08-01,394.0
1955-08-02,499.0
1955-08-03,512.0
1955-08-04,522.0
1955-08-05,585.0
1955-08-06,720.0
1955-08-07,968.0
1955-08-08,942.0
1955-08-09,948.0
1955-08-10,916.0
1955-08-11,922.0
1955-08-12,762.0
1955-08-13,585.0
1955-08-14,476.0
1955-08-15,580.0
1955-08-16,494.0
1955-08-17,409.0
1955-08-18,481.0
1955-08-19,560.0
1955-08-20,545.0
1955-08-21,570.0
1955-08-22,575.0
1955-08-23,499.0
1955-08-24,458.0
1955-08-25,499.0
1955-08-26,468.0
1955-08-27,508.0
1955-08-28,635.0
1955-08-29,625.0
1955-08-30,605.0
1955-08-31,600.0
1955-09-01,625.0
1955-09-02,605.0
1955-09-03,620.0
1955-09-04,555.0
1955-09-05,575.0
1955-09-06,417.0
1955-09-07,374.0
1955-09-08,355.0
1955-09-09,349.0
1955-09-10,343.0
1955-09-11,340.0
1955-09-12,331.0
1955-09-13,322.0
1955-09-14,322.0
1955-09-15,313.0
1955-09-16,252.0
1955-09-17,240.0
1955-09-18,228.0
1955-09-19,228.0
1955-09-20,226.0
1955-09-21,223.0
1955-09-22,215.0
1955-09-23,208.0
1955-09-24,206.0
1955-09-25,260.0
1955-09-26,258.0
1955-09-27,232.0
1955-09-28,212.0
1955-09-29,230.0
1955-09-30,228.0
1955-10-01,200.0
1955-10-02,180.0
1955-10-03,172.0
1955-10-04,170.0
1955-10-05,168.0
1955-10-06,166.0
1955-10-07,155.0
1955-10-08,157.0
1955-10-09,151.0
1955-10-10,148.0
1955-10-11,146.0
1955-10-12,142.0
1955-10-13,141.0
1955-10-14,127.0
1955-10-15,120.0
1955-10-16,119.0
1955-10-17,117.0
1955-10-18,117.0
1955-10-19,116.0
1955-10-20,114.0
1955-10-21,114.0
1955-10-22,114.0
1955-10-23,119.0
1955-10-24,117.0
1955-10-25,113.0
1955-10-26,126.0
1955-10-27,144.0
1955-10-28,142.0
1955-10-29,134.0
1955-10-30,141.0
1955-10-31,148.0
1955-11-01,149.0
1955-11-02,144.0
1955-11-03,122.0
1955-11-04,155.0
1955-11-05,159.0
1955-11-06,148.0
1955-11-07,148.0
1955-11-08,132.0
1955-11-09,148.0
1955-11-10,155.0
1955-11-11,159.0
1955-11-12,159.0
1955-11-13,164.0
1955-11-14,168.0
1955-11-15,146.0
1955-11-16,74.0
1955-11-17,73.0
1955-11-18,117.0
1955-11-19,119.0
1955-11-20,136.0
1955-11-21,136.0
1955-11-22,127.0
1955-11-23,100.0
1955-11-24,70.0
1955-11-25,66.0
1955-11-26,83.0
1955-11-27,110.0
1955-11-28,93.0
1955-11-29,83.0
1955-11-30,110.0
1955-12-01,116.0
1955-12-02,110.0
1955-12-03,92.0
1955-12-04,81.0
1955-12-05,69.0
1955-12-06,70.0
1955-12-07,89.0
1955-12-08,92.0
1955-12-09,89.0
1955-12-10,87.0
1955-12-11,95.0
1955-12-12,78.0
1955-12-13,92.0
1955-12-14,99.0
1955-12-15,85.0
1955-12-16,78.0
1955-12-17,84.0
1955-12-18,82.0
1955-12-19,90.0
1955-12-20,84.0
1955-12-21,83.0
1955-12-22,83.0
1955-12-23,96.0
1955-12-24,103.0
1955-12-25,81.0
1955-12-26,77.0
1955-12-27,84.0
1955-12-28,76.0
1955-12-29,72.0
1955-12-30,61.0
1955-12-31,69.0
1956-01-01,75.0
1956-01-02,53.0
1956-01-03,57.0
1956-01-04,64.0
1956-01-05,74.0
1956-01-06,77.0
1956-01-07,78.0
1956-01-08,81.0
1956-01-09,74.0
1956-01-10,66.0
1956-01-11,68.0
1956-01-12,66.0
1956-01-13,66.0
1956-01-14,66.0
1956-01-15,68.0
1956-01-16,65.0
1956-01-17,64.0
1956-01-18,62.0
1956-01-19,58.0
1956-01-20,62.0
1956-01-21,62.0
1956-01-22,62.0
1956-01-23,62.0
1956-01-24,60.0
1956-01-25,58.0
1956-01-26,56.0
1956-01-27,54.0
1956-01-28,56.0
1956-01-29,58.0
1956-01-30,62.0
1956-01-31,62.0
1956-02-01,58.0
1956-02-02,56.0
1956-02-03,54.0
1956-02-04,58.0
1956-02-05,60.0
1956-02-06,62.0
1956-02-07,60.0
1956-02-08,58.0
1956-02-09,58.0
1956-02-10,62.0
1956-02-11,68.0
1956-02-12,80.0
1956-02-13,80.0
1956-02-14,76.0
1956-02-15,70.0
1956-02-16,76.0
1956-02-17,82.0
1956-02-18,82.0
1956-02-19,78.0
1956-02-20,74.0
1956-02-21,74.0
1956-02-22,74.0
1956-02-23,72.0
1956-02-24,70.0
1956-02-25,68.0
1956-02-26,72.0
1956-02-27,58.0
1956-02-28,52.0
1956-02-29,58.0
1956-03-01,59.0
1956-03-02,54.0
1956-03-03,58.0
1956-03-04,74.0
1956-03-05,60.0
1956-03-06,51.0
1956-03-07,46.0
1956-03-08,60.0
1956-03-09,72.0
1956-03-10,72.0
1956-03-11,53.0
1956-03-12,61.0
1956-03-13,84.0
1956-03-14,62.0
1956-03-15,62.0
1956-03-16,59.0
1956-03-17,58.0
1956-03-18,56.0
1956-03-19,63.0
1956-03-20,69.0
1956-03-21,68.0
1956-03-22,71.0
1956-03-23,78.0
1956-03-24,87.0
1956-03-25,104.0
1956-03-26,116.0
1956-03-27,111.0
1956-03-28,82.0
1956-03-29,83.0
1956-03-30,96.0
1956-03-31,93.0
1956-04-01,96.0
1956-04-02,102.0
1956-04-03,87.0
1956-04-04,78.0
1956-04-05,78.0
1956-04-06,77.0
1956-04-07,72.0
1956-04-08,78.0
1956-04-09,77.0
1956-04-10,75.0
1956-04-11,85.0
1956-04-12,87.0
1956-04-13,85.0
1956-04-14,107.0
1956-04-15,103.0
1956-04-16,116.0
1956-04-17,114.0
1956-04-18,120.0
1956-04-19,111.0
1956-04-20,96.0
1956-04-21,100.0
1956-04-22,113.0
1956-04-23,174.0
1956-04-24,204.0
1956-04-25,216.0
1956-04-26,249.0
1956-04-27,271.0
1956-04-28,320.0
1956-04-29,320.0
1956-04-30,310.0
1956-05-01,310.0
1956-05-02,310.0
1956-05-03,320.0
1956-05-04,340.0
1956-05-05,370.0
1956-05-06,388.0
1956-05-07,407.0
1956-05-08,435.0
1956-05-09,440.0
1956-05-10,427.0
1956-05-11,485.0
1956-05-12,495.0
1956-05-13,515.0
1956-05-14,515.0
1956-05-15,490.0
1956-05-16,480.0
1956-05-17,515.0
1956-05-18,540.0
1956-05-19,598.0
1956-05-20,593.0
1956-05-21,714.0
1956-05-22,774.0
1956-05-23,786.0
1956-05-24,870.0
1956-05-25,902.0
1956-05-26,1140.0
1956-05-27,1120.0
1956-05-28,804.0
1956-05-29,750.0
1956-05-30,679.0
1956-05-31,593.0
1956-06-01,598.0
1956-06-02,598.0
1956-06-03,593.0
1956-06-04,572.0
1956-06-05,624.0
1956-06-06,834.0
1956-06-07,980.0
1956-06-08,1070.0
1956-06-09,1060.0
1956-06-10,702.0
1956-06-11,630.0
1956-06-12,614.0
1956-06-13,556.0
1956-06-14,485.0
1956-06-15,505.0
1956-06-16,490.0
1956-06-17,471.0
1956-06-18,458.0
1956-06-19,458.0
1956-06-20,431.0
1956-06-21,411.0
1956-06-22,384.0
1956-06-23,374.0
1956-06-24,367.0
1956-06-25,357.0
1956-06-26,350.0
1956-06-27,343.0
1956-06-28,350.0
1956-06-29,340.0
1956-06-30,333.0
1956-07-01,374.0
1956-07-02,357.0
1956-07-03,346.0
1956-07-04,329.0
1956-07-05,314.0
1956-07-06,301.0
1956-07-07,295.0
1956-07-08,283.0
1956-07-09,427.0
1956-07-10,480.0
1956-07-11,525.0
1956-07-12,525.0
1956-07-13,525.0
1956-07-14,310.0
1956-07-15,244.0
1956-07-16,204.0
1956-07-17,204.0
1956-07-18,202.0
1956-07-19,192.0
1956-07-20,204.0
1956-07-21,212.0
1956-07-22,209.0
1956-07-23,219.0
1956-07-24,219.0
1956-07-25,222.0
1956-07-26,226.0
1956-07-27,222.0
1956-07-28,192.0
1956-07-29,186.0
1956-07-30,204.0
1956-07-31,255.0
1956-08-01,317.0
1956-08-02,277.0
1956-08-03,232.0
1956-08-04,207.0
1956-08-05,188.0
1956-08-06,178.0
1956-08-07,200.0
1956-08-08,226.0
1956-08-09,188.0
1956-08-10,174.0
1956-08-11,162.0
1956-08-12,162.0
1956-08-13,159.0
1956-08-14,153.0
1956-08-15,151.0
1956-08-16,162.0
1956-08-17,174.0
1956-08-18,170.0
1956-08-19,207.0
1956-08-20,346.0
1956-08-21,399.0
1956-08-22,395.0
1956-08-23,423.0
1956-08-24,431.0
1956-08-25,268.0
1956-08-26,271.0
1956-08-27,260.0
1956-08-28,224.0
1956-08-29,214.0
1956-08-30,151.0
1956-08-31,141.0
1956-09-01,129.0
1956-09-02,124.0
1956-09-03,126.0
1956-09-04,122.0
1956-09-05,107.0
1956-09-06,136.0
1956-09-07,149.0
1956-09-08,132.0
1956-09-09,153.0
1956-09-10,160.0
1956-09-11,174.0
1956-09-12,170.0
1956-09-13,184.0
1956-09-14,188.0
1956-09-15,188.0
1956-09-16,182.0
1956-09-17,180.0
1956-09-18,182.0
1956-09-19,182.0
1956-09-20,180.0
1956-09-21,178.0
1956-09-22,178.0
1956-09-23,182.0
1956-09-24,180.0
1956-09-25,178.0
1956-09-26,176.0
1956-09-27,176.0
1956-09-28,186.0
1956-09-29,184.0
1956-09-30,182.0
1956-10-01,170.0
1956-10-02,170.0
1956-10-03,172.0
1956-10-04,182.0
1956-10-05,178.0
1956-10-06,182.0
1956-10-07,178.0
1956-10-08,178.0
1956-10-09,180.0
1956-10-10,182.0
1956-10-11,110.0
1956-10-12,67.0
1956-10-13,56.0
1956-10-14,59.0
1956-10-15,65.0
1956-10-16,65.0
1956-10-17,62.0
1956-10-18,62.0
1956-10-19,62.0
1956-10-20,62.0
1956-10-21,58.0
1956-10-22,60.0
1956-10-23,59.0
1956-10-24,62.0
1956-10-25,71.0
1956-10-26,60.0
1956-10-27,77.0
1956-10-28,90.0
1956-10-29,89.0
1956-10-30,90.0
1956-10-31,78.0
1956-11-01,88.0
1956-11-02,82.0
1956-11-03,93.0
1956-11-04,95.0
1956-11-05,97.0
1956-11-06,114.0
1956-11-07,113.0
1956-11-08,87.0
1956-11-09,83.0
1956-11-10,85.0
1956-11-11,90.0
1956-11-12,82.0
1956-11-13,82.0
1956-11-14,75.0
1956-11-15,44.0
1956-11-16,50.0
1956-11-17,62.0
1956-11-18,79.0
1956-11-19,76.0
1956-11-20,71.0
1956-11-21,82.0
1956-11-22,89.0
1956-11-23,97.0
1956-11-24,95.0
1956-11-25,88.0
1956-11-26,90.0
1956-11-27,95.0
1956-11-28,93.0
1956-11-29,97.0
1956-11-30,102.0
1956-12-01,99.0
1956-12-02,102.0
1956-12-03,104.0
1956-12-04,109.0
1956-12-05,109.0
1956-12-06,120.0
1956-12-07,103.0
1956-12-08,78.0
1956-12-09,75.0
1956-12-10,85.0
1956-12-11,100.0
1956-12-12,100.0
1956-12-13,95.0
1956-12-14,100.0
1956-12-15,90.0
1956-12-16,90.0
1956-12-17,80.0
1956-12-18,73.0
1956-12-19,75.0
1956-12-20,65.0
1956-12-21,60.0
1956-12-22,56.0
1956-12-23,56.0
1956-12-24,60.0
1956-12-25,62.0
1956-12-26,64.0
1956-12-27,67.0
1956-12-28,69.0
1956-12-29,75.0
1956-12-30,73.0
1956-12-31,63.0
1957-01-01,66.0
1957-01-02,60.0
1957-01-03,57.0
1957-01-04,58.0
1957-01-05,56.0
1957-01-06,57.0
1957-01-07,60.0
1957-01-08,63.0
1957-01-09,67.0
1957-01-10,66.0
1957-01-11,57.0
1957-01-12,65.0
1957-01-13,75.0
1957-01-14,70.0
1957-01-15,72.0
1957-01-16,74.0
1957-01-17,74.0
1957-01-18,74.0
1957-01-19,74.0
1957-01-20,74.0
1957-01-21,65.0
1957-01-22,55.0
1957-01-23,50.0
1957-01-24,60.0
1957-01-25,54.0
1957-01-26,48.0
1957-01-27,47.0
1957-01-28,49.0
1957-01-29,52.0
1957-01-30,53.0
1957-01-31,55.0
1957-02-01,60.0
1957-02-02,61.0
1957-02-03,63.0
1957-02-04,63.0
1957-02-05,58.0
1957-02-06,56.0
1957-02-07,57.0
1957-02-08,63.0
1957-02-09,66.0
1957-02-10,69.0
1957-02-11,69.0
1957-02-12,72.0
1957-02-13,72.0
1957-02-14,73.0
1957-02-15,77.0
1957-02-16,76.0
1957-02-17,72.0
1957-02-18,74.0
1957-02-19,71.0
1957-02-20,71.0
1957-02-21,74.0
1957-02-22,70.0
1957-02-23,70.0
1957-02-24,70.0
1957-02-25,72.0
1957-02-26,72.0
1957-02-27,67.0
1957-02-28,67.0
1957-03-01,53.0
1957-03-02,49.0
1957-03-03,58.0
1957-03-04,56.0
1957-03-05,44.0
1957-03-06,46.0
1957-03-07,46.0
1957-03-08,56.0
1957-03-09,54.0
1957-03-10,60.0
1957-03-11,52.0
1957-03-12,48.0
1957-03-13,52.0
1957-03-14,37.0
1957-03-15,39.0
1957-03-16,57.0
1957-03-17,63.0
1957-03-18,52.0
1957-03-19,48.0
1957-03-20,52.0
1957-03-21,49.0
1957-03-22,53.0
1957-03-23,44.0
1957-03-24,38.0
1957-03-25,45.0
1957-03-26,68.0
1957-03-27,61.0
1957-03-28,58.0
1957-03-29,60.0
1957-03-30,60.0
1957-03-31,58.0
1957-04-01,59.0
1957-04-02,47.0
1957-04-03,51.0
1957-04-04,74.0
1957-04-05,95.0
1957-04-06,104.0
1957-04-07,106.0
1957-04-08,64.0
1957-04-09,120.0
1957-04-10,124.0
1957-04-11,122.0
1957-04-12,110.0
1957-04-13,113.0
1957-04-14,129.0
1957-04-15,166.0
1957-04-16,202.0
1957-04-17,236.0
1957-04-18,255.0
1957-04-19,255.0
1957-04-20,214.0
1957-04-21,192.0
1957-04-22,200.0
1957-04-23,202.0
1957-04-24,190.0
1957-04-25,184.0
1957-04-26,168.0
1957-04-27,174.0
1957-04-28,166.0
1957-04-29,151.0
1957-04-30,157.0
1957-05-01,170.0
1957-05-02,247.0
1957-05-03,326.0
1957-05-04,357.0
1957-05-05,458.0
1957-05-06,495.0
1957-05-07,598.0
1957-05-08,374.0
1957-05-09,582.0
1957-05-10,619.0
1957-05-11,615.0
1957-05-12,545.0
1957-05-13,510.0
1957-05-14,448.0
1957-05-15,500.0
1957-05-16,550.0
1957-05-17,550.0
1957-05-18,645.0
1957-05-19,820.0
1957-05-20,976.0
1957-05-21,892.0
1957-05-22,804.0
1957-05-23,743.0
1957-05-24,672.0
1957-05-25,600.0
1957-05-26,550.0
1957-05-27,555.0
1957-05-28,540.0
1957-05-29,550.0
1957-05-30,565.0
1957-05-31,625.0
1957-06-01,765.0
1957-06-02,754.0
1957-06-03,814.0
1957-06-04,904.0
1957-06-05,1010.0
1957-06-06,1110.0
1957-06-07,1170.0
1957-06-08,1220.0
1957-06-09,1160.0
1957-06-10,1070.0
1957-06-11,1080.0
1957-06-12,1070.0
1957-06-13,1060.0
1957-06-14,1030.0
1957-06-15,946.0
1957-06-16,910.0
1957-06-17,809.0
1957-06-18,792.0
1957-06-19,874.0
1957-06-20,976.0
1957-06-21,1020.0
1957-06-22,1050.0
1957-06-23,1130.0
1957-06-24,1190.0
1957-06-25,1200.0
1957-06-26,1230.0
1957-06-27,1200.0
1957-06-28,1220.0
1957-06-29,1240.0
1957-06-30,1270.0
1957-07-01,1250.0
1957-07-02,1180.0
1957-07-03,1110.0
1957-07-04,1070.0
1957-07-05,994.0
1957-07-06,910.0
1957-07-07,1020.0
1957-07-08,958.0
1957-07-09,916.0
1957-07-10,976.0
1957-07-11,1180.0
1957-07-12,1250.0
1957-07-13,1500.0
1957-07-14,1340.0
1957-07-15,1340.0
1957-07-16,1440.0
1957-07-17,1400.0
1957-07-18,1420.0
1957-07-19,1260.0
1957-07-20,1320.0
1957-07-21,1350.0
1957-07-22,1440.0
1957-07-23,1100.0
1957-07-24,952.0
1957-07-25,721.0
1957-07-26,844.0
1957-07-27,765.0
1957-07-28,555.0
1957-07-29,635.0
1957-07-30,832.0
1957-07-31,838.0
1957-08-01,850.0
1957-08-02,814.0
1957-08-03,988.0
1957-08-04,976.0
1957-08-05,1010.0
1957-08-06,1010.0
1957-08-07,868.0
1957-08-08,988.0
1957-08-09,1010.0
1957-08-10,1200.0
1957-08-11,1080.0
1957-08-12,934.0
1957-08-13,928.0
1957-08-14,928.0
1957-08-15,982.0
1957-08-16,1110.0
1957-08-17,1070.0
1957-08-18,1290.0
1957-08-19,1370.0
1957-08-20,1190.0
1957-08-21,1080.0
1957-08-22,988.0
1957-08-23,886.0
1957-08-24,832.0
1957-08-25,782.0
1957-08-26,770.0
1957-08-27,716.0
1957-08-28,677.0
1957-08-29,635.0
1957-08-30,590.0
1957-08-31,535.0
1957-09-01,500.0
1957-09-02,469.0
1957-09-03,452.0
1957-09-04,440.0
1957-09-05,424.0
1957-09-06,416.0
1957-09-07,428.0
1957-09-08,413.0
1957-09-09,385.0
1957-09-10,382.0
1957-09-11,368.0
1957-09-12,326.0
1957-09-13,303.0
1957-09-14,343.0
1957-09-15,346.0
1957-09-16,322.0
1957-09-17,300.0
1957-09-18,285.0
1957-09-19,273.0
1957-09-20,267.0
1957-09-21,258.0
1957-09-22,261.0
1957-09-23,252.0
1957-09-24,250.0
1957-09-25,244.0
1957-09-26,239.0
1957-09-27,236.0
1957-09-28,233.0
1957-09-29,239.0
1957-09-30,300.0
1957-10-01,329.0
1957-10-02,354.0
1957-10-03,350.0
1957-10-04,285.0
1957-10-05,258.0
1957-10-06,233.0
1957-10-07,213.0
1957-10-08,213.0
1957-10-09,220.0
1957-10-10,208.0
1957-10-11,193.0
1957-10-12,184.0
1957-10-13,220.0
1957-10-14,242.0
1957-10-15,223.0
1957-10-16,247.0
1957-10-17,279.0
1957-10-18,261.0
1957-10-19,273.0
1957-10-20,282.0
1957-10-21,273.0
1957-10-22,250.0
1957-10-23,233.0
1957-10-24,223.0
1957-10-25,285.0
1957-10-26,252.0
1957-10-27,213.0
1957-10-28,226.0
1957-10-29,247.0
1957-10-30,226.0
1957-10-31,213.0
1957-11-01,208.0
1957-11-02,220.0
1957-11-03,223.0
1957-11-04,220.0
1957-11-05,228.0
1957-11-06,244.0
1957-11-07,244.0
1957-11-08,247.0
1957-11-09,239.0
1957-11-10,208.0
1957-11-11,191.0
1957-11-12,186.0
1957-11-13,186.0
1957-11-14,179.0
1957-11-15,193.0
1957-11-16,201.0
1957-11-17,196.0
1957-11-18,164.0
1957-11-19,143.0
1957-11-20,137.0
1957-11-21,122.0
1957-11-22,108.0
1957-11-23,141.0
1957-11-24,147.0
1957-11-25,153.0
1957-11-26,151.0
1957-11-27,153.0
1957-11-28,122.0
1957-11-29,130.0
1957-11-30,120.0
1957-12-01,112.0
1957-12-02,112.0
1957-12-03,112.0
1957-12-04,112.0
1957-12-05,112.0
1957-12-06,112.0
1957-12-07,112.0
1957-12-08,112.0
1957-12-09,112.0
1957-12-10,112.0
1957-12-11,92.0
1957-12-12,92.0
1957-12-13,92.0
1957-12-14,92.0
1957-12-15,92.0
1957-12-16,92.0
1957-12-17,92.0
1957-12-18,92.0
1957-12-19,92.0
1957-12-20,92.0
1957-12-21,79.0
1957-12-22,79.0
1957-12-23,79.0
1957-12-24,79.0
1957-12-25,79.0
1957-12-26,79.0
1957-12-27,79.0
1957-12-28,79.0
1957-12-29,79.0
1957-12-30,79.0
1957-12-31,79.0
1958-01-01,73.0
1958-01-02,73.0
1958-01-03,73.0
1958-01-04,73.0
1958-01-05,73.0
1958-01-06,73.0
1958-01-07,73.0
1958-01-08,73.0
1958-01-09,73.0
1958-01-10,73.0
1958-01-11,66.0
1958-01-12,66.0
1958-01-13,66.0
1958-01-14,66.0
1958-01-15,66.0
1958-01-16,66.0
1958-01-17,66.0
1958-01-18,66.0
1958-01-19,66.0
1958-01-20,66.0
1958-01-21,74.0
1958-01-22,74.0
1958-01-23,74.0
1958-01-24,74.0
1958-01-25,74.0
1958-01-26,74.0
1958-01-27,74.0
1958-01-28,74.0
1958-01-29,74.0
1958-01-30,74.0
1958-01-31,74.0
1958-02-01,76.0
1958-02-02,76.0
1958-02-03,76.0
1958-02-04,76.0
1958-02-05,76.0
1958-02-06,76.0
1958-02-07,76.0
1958-02-08,76.0
1958-02-09,76.0
1958-02-10,76.0
1958-02-11,78.0
1958-02-12,80.0
1958-02-13,90.0
1958-02-14,94.0
1958-02-15,105.0
1958-02-16,110.0
1958-02-17,125.0
1958-02-18,129.0
1958-02-19,128.0
1958-02-20,122.0
1958-02-21,115.0
1958-02-22,120.0
1958-02-23,126.0
1958-02-24,122.0
1958-02-25,129.0
1958-02-26,126.0
1958-02-27,104.0
1958-02-28,115.0
1958-03-01,128.0
1958-03-02,131.0
1958-03-03,133.0
1958-03-04,124.0
1958-03-05,129.0
1958-03-06,124.0
1958-03-07,129.0
1958-03-08,126.0
1958-03-09,129.0
1958-03-10,122.0
1958-03-11,120.0
1958-03-12,126.0
1958-03-13,124.0
1958-03-14,124.0
1958-03-15,126.0
1958-03-16,126.0
1958-03-17,128.0
1958-03-18,126.0
1958-03-19,128.0
1958-03-20,145.0
1958-03-21,161.0
1958-03-22,175.0
1958-03-23,175.0
1958-03-24,172.0
1958-03-25,168.0
1958-03-26,172.0
1958-03-27,172.0
1958-03-28,179.0
1958-03-29,170.0
1958-03-30,191.0
1958-03-31,208.0
1958-04-01,213.0
1958-04-02,231.0
1958-04-03,218.0
1958-04-04,231.0
1958-04-05,216.0
1958-04-06,186.0
1958-04-07,191.0
1958-04-08,170.0
1958-04-09,172.0
1958-04-10,168.0
1958-04-11,184.0
1958-04-12,233.0
1958-04-13,247.0
1958-04-14,255.0
1958-04-15,282.0
1958-04-16,318.0
1958-04-17,396.0
1958-04-18,555.0
1958-04-19,738.0
1958-04-20,765.0
1958-04-21,738.0
1958-04-22,699.0
1958-04-23,682.0
1958-04-24,620.0
1958-04-25,555.0
1958-04-26,565.0
1958-04-27,560.0
1958-04-28,550.0
1958-04-29,540.0
1958-04-30,460.0
1958-05-01,448.0
1958-05-02,424.0
1958-05-03,392.0
1958-05-04,388.0
1958-05-05,436.0
1958-05-06,540.0
1958-05-07,660.0
1958-05-08,910.0
1958-05-09,1040.0
1958-05-10,1030.0
1958-05-11,1070.0
1958-05-12,1090.0
1958-05-13,1060.0
1958-05-14,1020.0
1958-05-15,988.0
1958-05-16,1040.0
1958-05-17,1100.0
1958-05-18,1200.0
1958-05-19,1320.0
1958-05-20,1370.0
1958-05-21,1410.0
1958-05-22,1530.0
1958-05-23,1630.0
1958-05-24,1850.0
1958-05-25,2020.0
1958-05-26,2060.0
1958-05-27,2000.0
1958-05-28,1850.0
1958-05-29,1820.0
1958-05-30,1720.0
1958-05-31,1620.0
1958-06-01,1550.0
1958-06-02,1510.0
1958-06-03,1410.0
1958-06-04,1210.0
1958-06-05,1130.0
1958-06-06,1340.0
1958-06-07,1460.0
1958-06-08,1460.0
1958-06-09,1220.0
1958-06-10,1110.0
1958-06-11,1040.0
1958-06-12,964.0
1958-06-13,892.0
1958-06-14,832.0
1958-06-15,765.0
1958-06-16,704.0
1958-06-17,666.0
1958-06-18,630.0
1958-06-19,610.0
1958-06-20,605.0
1958-06-21,570.0
1958-06-22,550.0
1958-06-23,510.0
1958-06-24,482.0
1958-06-25,510.0
1958-06-26,555.0
1958-06-27,515.0
1958-06-28,525.0
1958-06-29,478.0
1958-06-30,428.0
1958-07-01,392.0
1958-07-02,371.0
1958-07-03,448.0
1958-07-04,428.0
1958-07-05,444.0
1958-07-06,555.0
1958-07-07,525.0
1958-07-08,525.0
1958-07-09,482.0
1958-07-10,460.0
1958-07-11,440.0
1958-07-12,382.0
1958-07-13,368.0
1958-07-14,357.0
1958-07-15,357.0
1958-07-16,357.0
1958-07-17,332.0
1958-07-18,346.0
1958-07-19,357.0
1958-07-20,329.0
1958-07-21,432.0
1958-07-22,452.0
1958-07-23,440.0
1958-07-24,436.0
1958-07-25,428.0
1958-07-26,291.0
1958-07-27,288.0
1958-07-28,282.0
1958-07-29,264.0
1958-07-30,258.0
1958-07-31,255.0
1958-08-01,270.0
1958-08-02,258.0
1958-08-03,258.0
1958-08-04,255.0
1958-08-05,258.0
1958-08-06,252.0
1958-08-07,233.0
1958-08-08,226.0
1958-08-09,220.0
1958-08-10,220.0
1958-08-11,228.0
1958-08-12,247.0
1958-08-13,252.0
1958-08-14,261.0
1958-08-15,255.0
1958-08-16,252.0
1958-08-17,270.0
1958-08-18,440.0
1958-08-19,478.0
1958-08-20,492.0
1958-08-21,482.0
1958-08-22,487.0
1958-08-23,357.0
1958-08-24,350.0
1958-08-25,291.0
1958-08-26,273.0
1958-08-27,267.0
1958-08-28,267.0
1958-08-29,261.0
1958-08-30,258.0
1958-08-31,252.0
1958-09-01,236.0
1958-09-02,208.0
1958-09-03,242.0
1958-09-04,258.0
1958-09-05,261.0
1958-09-06,258.0
1958-09-07,258.0
1958-09-08,250.0
1958-09-09,261.0
1958-09-10,276.0
1958-09-11,270.0
1958-09-12,258.0
1958-09-13,252.0
1958-09-14,250.0
1958-09-15,264.0
1958-09-16,276.0
1958-09-17,273.0
1958-09-18,276.0
1958-09-19,288.0
1958-09-20,223.0
1958-09-21,213.0
1958-09-22,189.0
1958-09-23,184.0
1958-09-24,184.0
1958-09-25,186.0
1958-09-26,184.0
1958-09-27,184.0
1958-09-28,179.0
1958-09-29,179.0
1958-09-30,179.0
1958-10-01,176.0
1958-10-02,124.0
1958-10-03,105.0
1958-10-04,92.0
1958-10-05,91.0
1958-10-06,90.0
1958-10-07,106.0
1958-10-08,114.0
1958-10-09,113.0
1958-10-10,114.0
1958-10-11,137.0
1958-10-12,148.0
1958-10-13,150.0
1958-10-14,154.0
1958-10-15,164.0
1958-10-16,162.0
1958-10-17,162.0
1958-10-18,162.0
1958-10-19,156.0
1958-10-20,160.0
1958-10-21,152.0
1958-10-22,133.0
1958-10-23,135.0
1958-10-24,141.0
1958-10-25,152.0
1958-10-26,154.0
1958-10-27,164.0
1958-10-28,168.0
1958-10-29,172.0
1958-10-30,168.0
1958-10-31,116.0
1958-11-01,91.0
1958-11-02,90.0
1958-11-03,83.0
1958-11-04,83.0
1958-11-05,84.0
1958-11-06,85.0
1958-11-07,80.0
1958-11-08,75.0
1958-11-09,75.0
1958-11-10,79.0
1958-11-11,76.0
1958-11-12,79.0
1958-11-13,80.0
1958-11-14,78.0
1958-11-15,76.0
1958-11-16,76.0
1958-11-17,61.0
1958-11-18,47.0
1958-11-19,50.0
1958-11-20,60.0
1958-11-21,59.0
1958-11-22,58.0
1958-11-23,57.0
1958-11-24,56.0
1958-11-25,48.0
1958-11-26,34.0
1958-11-27,30.0
1958-11-28,32.0
1958-11-29,45.0
1958-11-30,52.0
1958-12-01,56.0
1958-12-02,58.0
1958-12-03,60.0
1958-12-04,56.0
1958-12-05,50.0
1958-12-06,50.0
1958-12-07,52.0
1958-12-08,50.0
1958-12-09,48.0
1958-12-10,51.0
1958-12-11,52.0
1958-12-12,46.0
1958-12-13,43.0
1958-12-14,41.0
1958-12-15,43.0
1958-12-16,47.0
1958-12-17,52.0
1958-12-18,56.0
1958-12-19,56.0
1958-12-20,56.0
1958-12-21,56.0
1958-12-22,54.0
1958-12-23,50.0
1958-12-24,51.0
1958-12-25,52.0
1958-12-26,52.0
1958-12-27,52.0
1958-12-28,50.0
1958-12-29,48.0
1958-12-30,48.0
1958-12-31,50.0
1959-01-01,51.0
1959-01-02,43.0
1959-01-03,33.0
1959-01-04,38.0
1959-01-05,50.0
1959-01-06,65.0
1959-01-07,67.0
1959-01-08,70.0
1959-01-09,71.0
1959-01-10,72.0
1959-01-11,72.0
1959-01-12,72.0
1959-01-13,70.0
1959-01-14,64.0
1959-01-15,52.0
1959-01-16,61.0
1959-01-17,64.0
1959-01-18,66.0
1959-01-19,62.0
1959-01-20,58.0
1959-01-21,50.0
1959-01-22,58.0
1959-01-23,60.0
1959-01-24,58.0
1959-01-25,58.0
1959-01-26,54.0
1959-01-27,56.0
1959-01-28,58.0
1959-01-29,57.0
1959-01-30,56.0
1959-01-31,55.0
1959-02-01,54.0
1959-02-02,58.0
1959-02-03,61.0
1959-02-04,62.0
1959-02-05,62.0
1959-02-06,63.0
1959-02-07,64.0
1959-02-08,60.0
1959-02-09,56.0
1959-02-10,58.0
1959-02-11,60.0
1959-02-12,60.0
1959-02-13,57.0
1959-02-14,57.0
1959-02-15,59.0
1959-02-16,60.0
1959-02-17,62.0
1959-02-18,62.0
1959-02-19,58.0
1959-02-20,58.0
1959-02-21,60.0
1959-02-22,60.0
1959-02-23,59.0
1959-02-24,60.0
1959-02-25,59.0
1959-02-26,60.0
1959-02-27,63.0
1959-02-28,61.0
1959-03-01,67.0
1959-03-02,74.0
1959-03-03,73.0
1959-03-04,65.0
1959-03-05,59.0
1959-03-06,53.0
1959-03-07,64.0
1959-03-08,71.0
1959-03-09,72.0
1959-03-10,67.0
1959-03-11,63.0
1959-03-12,59.0
1959-03-13,73.0
1959-03-14,73.0
1959-03-15,61.0
1959-03-16,61.0
1959-03-17,68.0
1959-03-18,76.0
1959-03-19,78.0
1959-03-20,75.0
1959-03-21,66.0
1959-03-22,78.0
1959-03-23,83.0
1959-03-24,91.0
1959-03-25,94.0
1959-03-26,83.0
1959-03-27,79.0
1959-03-28,96.0
1959-03-29,91.0
1959-03-30,90.0
1959-03-31,94.0
1959-04-01,92.0
1959-04-02,109.0
1959-04-03,130.0
1959-04-04,156.0
1959-04-05,182.0
1959-04-06,193.0
1959-04-07,206.0
1959-04-08,174.0
1959-04-09,132.0
1959-04-10,94.0
1959-04-11,117.0
1959-04-12,94.0
1959-04-13,113.0
1959-04-14,132.0
1959-04-15,152.0
1959-04-16,160.0
1959-04-17,152.0
1959-04-18,152.0
1959-04-19,145.0
1959-04-20,139.0
1959-04-21,123.0
1959-04-22,128.0
1959-04-23,133.0
1959-04-24,145.0
1959-04-25,172.0
1959-04-26,182.0
1959-04-27,193.0
1959-04-28,180.0
1959-04-29,170.0
1959-04-30,176.0
1959-05-01,199.0
1959-05-02,191.0
1959-05-03,199.0
1959-05-04,195.0
1959-05-05,222.0
1959-05-06,204.0
1959-05-07,193.0
1959-05-08,193.0
1959-05-09,199.0
1959-05-10,189.0
1959-05-11,178.0
1959-05-12,180.0
1959-05-13,267.0
1959-05-14,320.0
1959-05-15,361.0
1959-05-16,372.0
1959-05-17,344.0
1959-05-18,314.0
1959-05-19,298.0
1959-05-20,289.0
1959-05-21,284.0
1959-05-22,344.0
1959-05-23,275.0
1959-05-24,256.0
1959-05-25,250.0
1959-05-26,284.0
1959-05-27,295.0
1959-05-28,311.0
1959-05-29,327.0
1959-05-30,347.0
1959-05-31,350.0
1959-06-01,347.0
1959-06-02,340.0
1959-06-03,358.0
1959-06-04,350.0
1959-06-05,358.0
1959-06-06,354.0
1959-06-07,379.0
1959-06-08,391.0
1959-06-09,398.0
1959-06-10,456.0
1959-06-11,492.0
1959-06-12,511.0
1959-06-13,502.0
1959-06-14,488.0
1959-06-15,530.0
1959-06-16,560.0
1959-06-17,625.0
1959-06-18,635.0
1959-06-19,651.0
1959-06-20,898.0
1959-06-21,1010.0
1959-06-22,1040.0
1959-06-23,1050.0
1959-06-24,1100.0
1959-06-25,1040.0
1959-06-26,877.0
1959-06-27,816.0
1959-06-28,739.0
1959-06-29,580.0
1959-06-30,474.0
1959-07-01,327.0
1959-07-02,327.0
1959-07-03,311.0
1959-07-04,284.0
1959-07-05,330.0
1959-07-06,330.0
1959-07-07,406.0
1959-07-08,361.0
1959-07-09,340.0
1959-07-10,398.0
1959-07-11,452.0
1959-07-12,426.0
1959-07-13,379.0
1959-07-14,497.0
1959-07-15,590.0
1959-07-16,610.0
1959-07-17,690.0
1959-07-18,706.0
1959-07-19,502.0
1959-07-20,555.0
1959-07-21,506.0
1959-07-22,395.0
1959-07-23,372.0
1959-07-24,340.0
1959-07-25,336.0
1959-07-26,354.0
1959-07-27,354.0
1959-07-28,391.0
1959-07-29,431.0
1959-07-30,431.0
1959-07-31,383.0
1959-08-01,372.0
1959-08-02,391.0
1959-08-03,540.0
1959-08-04,656.0
1959-08-05,678.0
1959-08-06,656.0
1959-08-07,756.0
1959-08-08,640.0
1959-08-09,625.0
1959-08-10,810.0
1959-08-11,690.0
1959-08-12,521.0
1959-08-13,540.0
1959-08-14,575.0
1959-08-15,358.0
1959-08-16,330.0
1959-08-17,289.0
1959-08-18,289.0
1959-08-19,320.0
1959-08-20,330.0
1959-08-21,320.0
1959-08-22,298.0
1959-08-23,301.0
1959-08-24,320.0
1959-08-25,307.0
1959-08-26,307.0
1959-08-27,301.0
1959-08-28,286.0
1959-08-29,272.0
1959-08-30,289.0
1959-08-31,295.0
1959-09-01,281.0
1959-09-02,240.0
1959-09-03,238.0
1959-09-04,235.0
1959-09-05,225.0
1959-09-06,211.0
1959-09-07,202.0
1959-09-08,189.0
1959-09-09,213.0
1959-09-10,220.0
1959-09-11,211.0
1959-09-12,211.0
1959-09-13,208.0
1959-09-14,208.0
1959-09-15,211.0
1959-09-16,215.0
1959-09-17,235.0
1959-09-18,215.0
1959-09-19,202.0
1959-09-20,195.0
1959-09-21,195.0
1959-09-22,133.0
1959-09-23,126.0
1959-09-24,139.0
1959-09-25,154.0
1959-09-26,126.0
1959-09-27,123.0
1959-09-28,126.0
1959-09-29,184.0
1959-09-30,174.0
1959-10-01,182.0
1959-10-02,184.0
1959-10-03,186.0
1959-10-04,184.0
1959-10-05,189.0
1959-10-06,197.0
1959-10-07,206.0
1959-10-08,242.0
1959-10-09,235.0
1959-10-10,240.0
1959-10-11,248.0
1959-10-12,278.0
1959-10-13,301.0
1959-10-14,354.0
1959-10-15,422.0
1959-10-16,354.0
1959-10-17,275.0
1959-10-18,143.0
1959-10-19,114.0
1959-10-20,108.0
1959-10-21,106.0
1959-10-22,103.0
1959-10-23,103.0
1959-10-24,109.0
1959-10-25,106.0
1959-10-26,111.0
1959-10-27,108.0
1959-10-28,105.0
1959-10-29,123.0
1959-10-30,119.0
1959-10-31,106.0
1959-11-01,124.0
1959-11-02,126.0
1959-11-03,132.0
1959-11-04,126.0
1959-11-05,98.0
1959-11-06,80.0
1959-11-07,114.0
1959-11-08,114.0
1959-11-09,108.0
1959-11-10,114.0
1959-11-11,106.0
1959-11-12,105.0
1959-11-13,87.0
1959-11-14,66.0
1959-11-15,72.0
1959-11-16,68.0
1959-11-17,80.0
1959-11-18,90.0
1959-11-19,100.0
1959-11-20,100.0
1959-11-21,88.0
1959-11-22,87.0
1959-11-23,91.0
1959-11-24,96.0
1959-11-25,90.0
1959-11-26,50.0
1959-11-27,35.0
1959-11-28,37.0
1959-11-29,40.0
1959-11-30,46.0
1959-12-01,45.0
1959-12-02,56.0
1959-12-03,76.0
1959-12-04,70.0
1959-12-05,60.0
1959-12-06,58.0
1959-12-07,70.0
1959-12-08,71.0
1959-12-09,70.0
1959-12-10,70.0
1959-12-11,72.0
1959-12-12,62.0
1959-12-13,59.0
1959-12-14,56.0
1959-12-15,60.0
1959-12-16,62.0
1959-12-17,60.0
1959-12-18,60.0
1959-12-19,60.0
1959-12-20,60.0
1959-12-21,56.0
1959-12-22,61.0
1959-12-23,61.0
1959-12-24,62.0
1959-12-25,74.0
1959-12-26,60.0
1959-12-27,51.0
1959-12-28,47.0
1959-12-29,46.0
1959-12-30,41.0
1959-12-31,37.0
1960-01-01,42.0
1960-01-02,30.0
1960-01-03,29.0
1960-01-04,28.0
1960-01-05,39.0
1960-01-06,45.0
1960-01-07,58.0
1960-01-08,69.0
1960-01-09,74.0
1960-01-10,77.0
1960-01-11,70.0
1960-01-12,62.0
1960-01-13,59.0
1960-01-14,70.0
1960-01-15,58.0
1960-01-16,59.0
1960-01-17,53.0
1960-01-18,52.0
1960-01-19,50.0
1960-01-20,55.0
1960-01-21,54.0
1960-01-22,53.0
1960-01-23,50.0
1960-01-24,51.0
1960-01-25,54.0
1960-01-26,60.0
1960-01-27,62.0
1960-01-28,60.0
1960-01-29,64.0
1960-01-30,70.0
1960-01-31,62.0
1960-02-01,57.0
1960-02-02,56.0
1960-02-03,61.0
1960-02-04,64.0
1960-02-05,66.0
1960-02-06,70.0
1960-02-07,72.0
1960-02-08,73.0
1960-02-09,66.0
1960-02-10,61.0
1960-02-11,62.0
1960-02-12,64.0
1960-02-13,60.0
1960-02-14,55.0
1960-02-15,59.0
1960-02-16,53.0
1960-02-17,50.0
1960-02-18,48.0
1960-02-19,50.0
1960-02-20,54.0
1960-02-21,56.0
1960-02-22,50.0
1960-02-23,45.0
1960-02-24,45.0
1960-02-25,41.0
1960-02-26,37.0
1960-02-27,42.0
1960-02-28,38.0
1960-02-29,41.0
1960-03-01,47.0
1960-03-02,49.0
1960-03-03,48.0
1960-03-04,54.0
1960-03-05,59.0
1960-03-06,68.0
1960-03-07,84.0
1960-03-08,110.0
1960-03-09,135.0
1960-03-10,130.0
1960-03-11,130.0
1960-03-12,130.0
1960-03-13,130.0
1960-03-14,125.0
1960-03-15,125.0
1960-03-16,125.0
1960-03-17,130.0
1960-03-18,140.0
1960-03-19,140.0
1960-03-20,145.0
1960-03-21,150.0
1960-03-22,180.0
1960-03-23,230.0
1960-03-24,265.0
1960-03-25,305.0
1960-03-26,345.0
1960-03-27,375.0
1960-03-28,390.0
1960-03-29,375.0
1960-03-30,350.0
1960-03-31,250.0
1960-04-01,260.0
1960-04-02,250.0
1960-04-03,250.0
1960-04-04,230.0
1960-04-05,210.0
1960-04-06,190.0
1960-04-07,185.0
1960-04-08,260.0
1960-04-09,380.0
1960-04-10,530.0
1960-04-11,650.0
1960-04-12,750.0
1960-04-13,660.0
1960-04-14,590.0
1960-04-15,530.0
1960-04-16,460.0
1960-04-17,390.0
1960-04-18,320.0
1960-04-19,330.0
1960-04-20,340.0
1960-04-21,320.0
1960-04-22,330.0
1960-04-23,340.0
1960-04-24,320.0
1960-04-25,300.0
1960-04-26,280.0
1960-04-27,270.0
1960-04-28,270.0
1960-04-29,280.0
1960-04-30,290.0
1960-05-01,300.0
1960-05-02,286.0
1960-05-03,284.0
1960-05-04,281.0
1960-05-05,333.0
1960-05-06,354.0
1960-05-07,387.0
1960-05-08,435.0
1960-05-09,492.0
1960-05-10,535.0
1960-05-11,565.0
1960-05-12,605.0
1960-05-13,662.0
1960-05-14,640.0
1960-05-15,620.0
1960-05-16,600.0
1960-05-17,600.0
1960-05-18,580.0
1960-05-19,635.0
1960-05-20,610.0
1960-05-21,673.0
1960-05-22,734.0
1960-05-23,734.0
1960-05-24,690.0
1960-05-25,630.0
1960-05-26,595.0
1960-05-27,610.0
1960-05-28,605.0
1960-05-29,625.0
1960-05-30,630.0
1960-05-31,630.0
1960-06-01,646.0
1960-06-02,662.0
1960-06-03,673.0
1960-06-04,690.0
1960-06-05,700.0
1960-06-06,695.0
1960-06-07,640.0
1960-06-08,678.0
1960-06-09,744.0
1960-06-10,750.0
1960-06-11,792.0
1960-06-12,810.0
1960-06-13,728.0
1960-06-14,678.0
1960-06-15,635.0
1960-06-16,656.0
1960-06-17,635.0
1960-06-18,651.0
1960-06-19,620.0
1960-06-20,610.0
1960-06-21,580.0
1960-06-22,585.0
1960-06-23,692.0
1960-06-24,717.0
1960-06-25,565.0
1960-06-26,506.0
1960-06-27,488.0
1960-06-28,474.0
1960-06-29,435.0
1960-06-30,372.0
1960-07-01,333.0
1960-07-02,320.0
1960-07-03,344.0
1960-07-04,410.0
1960-07-05,460.0
1960-07-06,443.0
1960-07-07,488.0
1960-07-08,605.0
1960-07-09,700.0
1960-07-10,605.0
1960-07-11,422.0
1960-07-12,383.0
1960-07-13,516.0
1960-07-14,673.0
1960-07-15,712.0
1960-07-16,706.0
1960-07-17,565.0
1960-07-18,630.0
1960-07-19,678.0
1960-07-20,646.0
1960-07-21,610.0
1960-07-22,625.0
1960-07-23,478.0
1960-07-24,492.0
1960-07-25,456.0
1960-07-26,470.0
1960-07-27,497.0
1960-07-28,435.0
1960-07-29,354.0
1960-07-30,347.0
1960-07-31,391.0
1960-08-01,550.0
1960-08-02,516.0
1960-08-03,502.0
1960-08-04,439.0
1960-08-05,426.0
1960-08-06,426.0
1960-08-07,410.0
1960-08-08,526.0
1960-08-09,526.0
1960-08-10,470.0
1960-08-11,439.0
1960-08-12,414.0
1960-08-13,228.0
1960-08-14,202.0
1960-08-15,199.0
1960-08-16,267.0
1960-08-17,267.0
1960-08-18,267.0
1960-08-19,264.0
1960-08-20,261.0
1960-08-21,264.0
1960-08-22,256.0
1960-08-23,240.0
1960-08-24,245.0
1960-08-25,267.0
1960-08-26,256.0
1960-08-27,250.0
1960-08-28,240.0
1960-08-29,240.0
1960-08-30,238.0
1960-08-31,230.0
1960-09-01,228.0
1960-09-02,228.0
1960-09-03,225.0
1960-09-04,228.0
1960-09-05,215.0
1960-09-06,204.0
1960-09-07,218.0
1960-09-08,162.0
1960-09-09,172.0
1960-09-10,162.0
1960-09-11,128.0
1960-09-12,102.0
1960-09-13,87.0
1960-09-14,98.0
1960-09-15,116.0
1960-09-16,114.0
1960-09-17,106.0
1960-09-18,94.0
1960-09-19,84.0
1960-09-20,85.0
1960-09-21,91.0
1960-09-22,79.0
1960-09-23,84.0
1960-09-24,87.0
1960-09-25,88.0
1960-09-26,85.0
1960-09-27,85.0
1960-09-28,84.0
1960-09-29,80.0
1960-09-30,80.0
1960-10-01,79.0
1960-10-02,79.0
1960-10-03,79.0
1960-10-04,103.0
1960-10-05,128.0
1960-10-06,135.0
1960-10-07,135.0
1960-10-08,124.0
1960-10-09,119.0
1960-10-10,124.0
1960-10-11,130.0
1960-10-12,126.0
1960-10-13,108.0
1960-10-14,106.0
1960-10-15,108.0
1960-10-16,85.0
1960-10-17,98.0
1960-10-18,130.0
1960-10-19,126.0
1960-10-20,102.0
1960-10-21,121.0
1960-10-22,130.0
1960-10-23,119.0
1960-10-24,116.0
1960-10-25,116.0
1960-10-26,119.0
1960-10-27,121.0
1960-10-28,128.0
1960-10-29,132.0
1960-10-30,123.0
1960-10-31,102.0
1960-11-01,106.0
1960-11-02,105.0
1960-11-03,109.0
1960-11-04,109.0
1960-11-05,108.0
1960-11-06,100.0
1960-11-07,102.0
1960-11-08,103.0
1960-11-09,97.0
1960-11-10,84.0
1960-11-11,102.0
1960-11-12,98.0
1960-11-13,94.0
1960-11-14,92.0
1960-11-15,83.0
1960-11-16,67.0
1960-11-17,66.0
1960-11-18,74.0
1960-11-19,75.0
1960-11-20,75.0
1960-11-21,74.0
1960-11-22,78.0
1960-11-23,68.0
1960-11-24,76.0
1960-11-25,80.0
1960-11-26,79.0
1960-11-27,78.0
1960-11-28,64.0
1960-11-29,49.0
1960-11-30,52.0
1960-12-01,60.0
1960-12-02,61.0
1960-12-03,58.0
1960-12-04,58.0
1960-12-05,50.0
1960-12-06,44.0
1960-12-07,38.0
1960-12-08,45.0
1960-12-09,50.0
1960-12-10,54.0
1960-12-11,64.0
1960-12-12,62.0
1960-12-13,60.0
1960-12-14,60.0
1960-12-15,60.0
1960-12-16,60.0
1960-12-17,54.0
1960-12-18,56.0
1960-12-19,58.0
1960-12-20,64.0
1960-12-21,62.0
1960-12-22,60.0
1960-12-23,62.0
1960-12-24,64.0
1960-12-25,62.0
1960-12-26,60.0
1960-12-27,58.0
1960-12-28,60.0
1960-12-29,60.0
1960-12-30,54.0
1960-12-31,52.0
1961-01-01,52.0
1961-01-02,48.0
1961-01-03,48.0
1961-01-04,46.0
1961-01-05,48.0
1961-01-06,52.0
1961-01-07,54.0
1961-01-08,56.0
1961-01-09,58.0
1961-01-10,56.0
1961-01-11,56.0
1961-01-12,58.0
1961-01-13,56.0
1961-01-14,56.0
1961-01-15,56.0
1961-01-16,58.0
1961-01-17,60.0
1961-01-18,56.0
1961-01-19,52.0
1961-01-20,52.0
1961-01-21,54.0
1961-01-22,56.0
1961-01-23,56.0
1961-01-24,52.0
1961-01-25,50.0
1961-01-26,52.0
1961-01-27,52.0
1961-01-28,56.0
1961-01-29,60.0
1961-01-30,62.0
1961-01-31,64.0
1961-02-01,62.0
1961-02-02,62.0
1961-02-03,64.0
1961-02-04,70.0
1961-02-05,70.0
1961-02-06,74.0
1961-02-07,80.0
1961-02-08,92.0
1961-02-09,100.0
1961-02-10,120.0
1961-02-11,125.0
1961-02-12,145.0
1961-02-13,160.0
1961-02-14,150.0
1961-02-15,135.0
1961-02-16,120.0
1961-02-17,115.0
1961-02-18,110.0
1961-02-19,100.0
1961-02-20,100.0
1961-02-21,105.0
1961-02-22,110.0
1961-02-23,115.0
1961-02-24,105.0
1961-02-25,100.0
1961-02-26,110.0
1961-02-27,115.0
1961-02-28,120.0
1961-03-01,150.0
1961-03-02,190.0
1961-03-03,195.0
1961-03-04,185.0
1961-03-05,170.0
1961-03-06,180.0
1961-03-07,190.0
1961-03-08,190.0
1961-03-09,195.0
1961-03-10,202.0
1961-03-11,206.0
1961-03-12,202.0
1961-03-13,199.0
1961-03-14,204.0
1961-03-15,206.0
1961-03-16,213.0
1961-03-17,220.0
1961-03-18,213.0
1961-03-19,206.0
1961-03-20,202.0
1961-03-21,206.0
1961-03-22,204.0
1961-03-23,213.0
1961-03-24,228.0
1961-03-25,218.0
1961-03-26,208.0
1961-03-27,202.0
1961-03-28,202.0
1961-03-29,184.0
1961-03-30,193.0
1961-03-31,193.0
1961-04-01,189.0
1961-04-02,191.0
1961-04-03,206.0
1961-04-04,242.0
1961-04-05,218.0
1961-04-06,164.0
1961-04-07,132.0
1961-04-08,126.0
1961-04-09,103.0
1961-04-10,119.0
1961-04-11,119.0
1961-04-12,116.0
1961-04-13,116.0
1961-04-14,122.0
1961-04-15,118.0
1961-04-16,130.0
1961-04-17,134.0
1961-04-18,150.0
1961-04-19,170.0
1961-04-20,213.0
1961-04-21,208.0
1961-04-22,191.0
1961-04-23,191.0
1961-04-24,195.0
1961-04-25,186.0
1961-04-26,174.0
1961-04-27,160.0
1961-04-28,154.0
1961-04-29,156.0
1961-04-30,170.0
1961-05-01,186.0
1961-05-02,253.0
1961-05-03,295.0
1961-05-04,295.0
1961-05-05,298.0
1961-05-06,281.0
1961-05-07,253.0
1961-05-08,253.0
1961-05-09,258.0
1961-05-10,248.0
1961-05-11,311.0
1961-05-12,418.0
1961-05-13,565.0
1961-05-14,452.0
1961-05-15,414.0
1961-05-16,298.0
1961-05-17,284.0
1961-05-18,292.0
1961-05-19,323.0
1961-05-20,364.0
1961-05-21,387.0
1961-05-22,395.0
1961-05-23,410.0
1961-05-24,379.0
1961-05-25,383.0
1961-05-26,379.0
1961-05-27,398.0
1961-05-28,410.0
1961-05-29,402.0
1961-05-30,402.0
1961-05-31,379.0
1961-06-01,376.0
1961-06-02,435.0
1961-06-03,414.0
1961-06-04,395.0
1961-06-05,358.0
1961-06-06,344.0
1961-06-07,344.0
1961-06-08,376.0
1961-06-09,402.0
1961-06-10,402.0
1961-06-11,391.0
1961-06-12,379.0
1961-06-13,364.0
1961-06-14,383.0
1961-06-15,465.0
1961-06-16,418.0
1961-06-17,387.0
1961-06-18,361.0
1961-06-19,364.0
1961-06-20,402.0
1961-06-21,406.0
1961-06-22,398.0
1961-06-23,460.0
1961-06-24,431.0
1961-06-25,414.0
1961-06-26,391.0
1961-06-27,340.0
1961-06-28,314.0
1961-06-29,307.0
1961-06-30,295.0
1961-07-01,361.0
1961-07-02,410.0
1961-07-03,443.0
1961-07-04,439.0
1961-07-05,443.0
1961-07-06,595.0
1961-07-07,615.0
1961-07-08,630.0
1961-07-09,630.0
1961-07-10,792.0
1961-07-11,768.0
1961-07-12,768.0
1961-07-13,717.0
1961-07-14,695.0
1961-07-15,545.0
1961-07-16,511.0
1961-07-17,506.0
1961-07-18,460.0
1961-07-19,435.0
1961-07-20,406.0
1961-07-21,383.0
1961-07-22,406.0
1961-07-23,376.0
1961-07-24,395.0
1961-07-25,443.0
1961-07-26,502.0
1961-07-27,526.0
1961-07-28,492.0
1961-07-29,497.0
1961-07-30,575.0
1961-07-31,684.0
1961-08-01,786.0
1961-08-02,1010.0
1961-08-03,933.0
1961-08-04,502.0
1961-08-05,774.0
1961-08-06,870.0
1961-08-07,864.0
1961-08-08,678.0
1961-08-09,580.0
1961-08-10,630.0
1961-08-11,474.0
1961-08-12,570.0
1961-08-13,656.0
1961-08-14,834.0
1961-08-15,1000.0
1961-08-16,919.0
1961-08-17,1010.0
1961-08-18,1100.0
1961-08-19,822.0
1961-08-20,662.0
1961-08-21,585.0
1961-08-22,565.0
1961-08-23,560.0
1961-08-24,456.0
1961-08-25,521.0
1961-08-26,620.0
1961-08-27,620.0
1961-08-28,739.0
1961-08-29,662.0
1961-08-30,700.0
1961-08-31,858.0
1961-09-01,684.0
1961-09-02,615.0
1961-09-03,700.0
1961-09-04,712.0
1961-09-05,502.0
1961-09-06,478.0
1961-09-07,511.0
1961-09-08,483.0
1961-09-09,447.0
1961-09-10,422.0
1961-09-11,410.0
1961-09-12,387.0
1961-09-13,358.0
1961-09-14,354.0
1961-09-15,340.0
1961-09-16,333.0
1961-09-17,340.0
1961-09-18,320.0
1961-09-19,327.0
1961-09-20,620.0
1961-09-21,361.0
1961-09-22,350.0
1961-09-23,368.0
1961-09-24,391.0
1961-09-25,358.0
1961-09-26,358.0
1961-09-27,333.0
1961-09-28,327.0
1961-09-29,323.0
1961-09-30,314.0
1961-10-01,318.0
1961-10-02,297.0
1961-10-03,304.0
1961-10-04,297.0
1961-10-05,287.0
1961-10-06,281.0
1961-10-07,275.0
1961-10-08,269.0
1961-10-09,308.0
1961-10-10,384.0
1961-10-11,396.0
1961-10-12,416.0
1961-10-13,404.0
1961-10-14,400.0
1961-10-15,400.0
1961-10-16,400.0
1961-10-17,396.0
1961-10-18,384.0
1961-10-19,376.0
1961-10-20,376.0
1961-10-21,364.0
1961-10-22,364.0
1961-10-23,360.0
1961-10-24,346.0
1961-10-25,342.0
1961-10-26,336.0
1961-10-27,332.0
1961-10-28,332.0
1961-10-29,350.0
1961-10-30,342.0
1961-10-31,368.0
1961-11-01,372.0
1961-11-02,368.0
1961-11-03,314.0
1961-11-04,353.0
1961-11-05,332.0
1961-11-06,278.0
1961-11-07,290.0
1961-11-08,297.0
1961-11-09,300.0
1961-11-10,300.0
1961-11-11,300.0
1961-11-12,342.0
1961-11-13,318.0
1961-11-14,255.0
1961-11-15,287.0
1961-11-16,318.0
1961-11-17,294.0
1961-11-18,300.0
1961-11-19,278.0
1961-11-20,269.0
1961-11-21,290.0
1961-11-22,300.0
1961-11-23,300.0
1961-11-24,297.0
1961-11-25,300.0
1961-11-26,304.0
1961-11-27,300.0
1961-11-28,278.0
1961-11-29,260.0
1961-11-30,300.0
1961-12-01,297.0
1961-12-02,308.0
1961-12-03,318.0
1961-12-04,297.0
1961-12-05,275.0
1961-12-06,215.0
1961-12-07,203.0
1961-12-08,191.0
1961-12-09,179.0
1961-12-10,115.0
1961-12-11,90.0
1961-12-12,66.0
1961-12-13,68.0
1961-12-14,72.0
1961-12-15,100.0
1961-12-16,150.0
1961-12-17,140.0
1961-12-18,160.0
1961-12-19,130.0
1961-12-20,130.0
1961-12-21,160.0
1961-12-22,175.0
1961-12-23,155.0
1961-12-24,150.0
1961-12-25,155.0
1961-12-26,160.0
1961-12-27,150.0
1961-12-28,150.0
1961-12-29,160.0
1961-12-30,150.0
1961-12-31,125.0
1962-01-01,120.0
1962-01-02,115.0
1962-01-03,125.0
1962-01-04,125.0
1962-01-05,130.0
1962-01-06,130.0
1962-01-07,135.0
1962-01-08,130.0
1962-01-09,125.0
1962-01-10,115.0
1962-01-11,120.0
1962-01-12,130.0
1962-01-13,150.0
1962-01-14,145.0
1962-01-15,135.0
1962-01-16,135.0
1962-01-17,130.0
1962-01-18,130.0
1962-01-19,130.0
1962-01-20,130.0
1962-01-21,140.0
1962-01-22,140.0
1962-01-23,140.0
1962-01-24,140.0
1962-01-25,140.0
1962-01-26,135.0
1962-01-27,135.0
1962-01-28,140.0
1962-01-29,140.0
1962-01-30,140.0
1962-01-31,140.0
1962-02-01,140.0
1962-02-02,140.0
1962-02-03,140.0
1962-02-04,145.0
1962-02-05,150.0
1962-02-06,150.0
1962-02-07,150.0
1962-02-08,150.0
1962-02-09,155.0
1962-02-10,160.0
1962-02-11,170.0
1962-02-12,195.0
1962-02-13,220.0
1962-02-14,210.0
1962-02-15,210.0
1962-02-16,200.0
1962-02-17,200.0
1962-02-18,170.0
1962-02-19,200.0
1962-02-20,180.0
1962-02-21,177.0
1962-02-22,177.0
1962-02-23,166.0
1962-02-24,150.0
1962-02-25,160.0
1962-02-26,150.0
1962-02-27,125.0
1962-02-28,110.0
1962-03-01,115.0
1962-03-02,120.0
1962-03-03,135.0
1962-03-04,130.0
1962-03-05,130.0
1962-03-06,150.0
1962-03-07,190.0
1962-03-08,182.0
1962-03-09,175.0
1962-03-10,171.0
1962-03-11,162.0
1962-03-12,151.0
1962-03-13,138.0
1962-03-14,142.0
1962-03-15,149.0
1962-03-16,151.0
1962-03-17,155.0
1962-03-18,157.0
1962-03-19,153.0
1962-03-20,171.0
1962-03-21,157.0
1962-03-22,155.0
1962-03-23,157.0
1962-03-24,184.0
1962-03-25,191.0
1962-03-26,229.0
1962-03-27,252.0
1962-03-28,224.0
1962-03-29,278.0
1962-03-30,287.0
1962-03-31,257.0
1962-04-01,260.0
1962-04-02,287.0
1962-04-03,350.0
1962-04-04,368.0
1962-04-05,396.0
1962-04-06,424.0
1962-04-07,472.0
1962-04-08,524.0
1962-04-09,508.0
1962-04-10,488.0
1962-04-11,460.0
1962-04-12,452.0
1962-04-13,448.0
1962-04-14,496.0
1962-04-15,645.0
1962-04-16,755.0
1962-04-17,880.0
1962-04-18,952.0
1962-04-19,1010.0
1962-04-20,974.0
1962-04-21,848.0
1962-04-22,720.0
1962-04-23,765.0
1962-04-24,870.0
1962-04-25,974.0
1962-04-26,985.0
1962-04-27,897.0
1962-04-28,902.0
1962-04-29,1020.0
1962-04-30,963.0
1962-05-01,620.0
1962-05-02,665.0
1962-05-03,710.0
1962-05-04,705.0
1962-05-05,690.0
1962-05-06,787.0
1962-05-07,858.0
1962-05-08,968.0
1962-05-09,1030.0
1962-05-10,1080.0
1962-05-11,1120.0
1962-05-12,1110.0
1962-05-13,1090.0
1962-05-14,996.0
1962-05-15,908.0
1962-05-16,848.0
1962-05-17,809.0
1962-05-18,735.0
1962-05-19,765.0
1962-05-20,886.0
1962-05-21,730.0
1962-05-22,556.0
1962-05-23,496.0
1962-05-24,492.0
1962-05-25,504.0
1962-05-26,500.0
1962-05-27,529.0
1962-05-28,508.0
1962-05-29,508.0
1962-05-30,500.0
1962-05-31,500.0
1962-06-01,570.0
1962-06-02,565.0
1962-06-03,542.0
1962-06-04,575.0
1962-06-05,585.0
1962-06-06,730.0
1962-06-07,745.0
1962-06-08,605.0
1962-06-09,464.0
1962-06-10,424.0
1962-06-11,432.0
1962-06-12,625.0
1962-06-13,690.0
1962-06-14,645.0
1962-06-15,630.0
1962-06-16,615.0
1962-06-17,590.0
1962-06-18,516.0
1962-06-19,605.0
1962-06-20,814.0
1962-06-21,804.0
1962-06-22,730.0
1962-06-23,600.0
1962-06-24,660.0
1962-06-25,715.0
1962-06-26,814.0
1962-06-27,765.0
1962-06-28,640.0
1962-06-29,625.0
1962-06-30,685.0
1962-07-01,630.0
1962-07-02,700.0
1962-07-03,804.0
1962-07-04,760.0
1962-07-05,630.0
1962-07-06,472.0
1962-07-07,565.0
1962-07-08,570.0
1962-07-09,630.0
1962-07-10,735.0
1962-07-11,725.0
1962-07-12,809.0
1962-07-13,665.0
1962-07-14,630.0
1962-07-15,675.0
1962-07-16,630.0
1962-07-17,538.0
1962-07-18,452.0
1962-07-19,408.0
1962-07-20,440.0
1962-07-21,408.0
1962-07-22,408.0
1962-07-23,504.0
1962-07-24,538.0
1962-07-25,552.0
1962-07-26,538.0
1962-07-27,512.0
1962-07-28,480.0
1962-07-29,372.0
1962-07-30,440.0
1962-07-31,655.0
1962-08-01,565.0
1962-08-02,630.0
1962-08-03,675.0
1962-08-04,512.0
1962-08-05,472.0
1962-08-06,392.0
1962-08-07,353.0
1962-08-08,336.0
1962-08-09,304.0
1962-08-10,325.0
1962-08-11,322.0
1962-08-12,332.0
1962-08-13,339.0
1962-08-14,336.0
1962-08-15,346.0
1962-08-16,364.0
1962-08-17,332.0
1962-08-18,328.0
1962-08-19,332.0
1962-08-20,472.0
1962-08-21,529.0
1962-08-22,565.0
1962-08-23,575.0
1962-08-24,605.0
1962-08-25,404.0
1962-08-26,384.0
1962-08-27,368.0
1962-08-28,332.0
1962-08-29,281.0
1962-08-30,266.0
1962-08-31,278.0
1962-09-01,278.0
1962-09-02,266.0
1962-09-03,260.0
1962-09-04,239.0
1962-09-05,234.0
1962-09-06,239.0
1962-09-07,247.0
1962-09-08,266.0
1962-09-09,247.0
1962-09-10,224.0
1962-09-11,237.0
1962-09-12,255.0
1962-09-13,229.0
1962-09-14,247.0
1962-09-15,252.0
1962-09-16,252.0
1962-09-17,252.0
1962-09-18,250.0
1962-09-19,250.0
1962-09-20,255.0
1962-09-21,260.0
1962-09-22,263.0
1962-09-23,234.0
1962-09-24,224.0
1962-09-25,229.0
1962-09-26,227.0
1962-09-27,224.0
1962-09-28,227.0
1962-09-29,227.0
1962-09-30,200.0
1962-10-01,191.0
1962-10-02,143.0
1962-10-03,121.0
1962-10-04,108.0
1962-10-05,106.0
1962-10-06,105.0
1962-10-07,105.0
1962-10-08,106.0
1962-10-09,108.0
1962-10-10,106.0
1962-10-11,106.0
1962-10-12,105.0
1962-10-13,105.0
1962-10-14,103.0
1962-10-15,103.0
1962-10-16,139.0
1962-10-17,156.0
1962-10-18,172.0
1962-10-19,174.0
1962-10-20,174.0
1962-10-21,174.0
1962-10-22,182.0
1962-10-23,208.0
1962-10-24,180.0
1962-10-25,195.0
1962-10-26,197.0
1962-10-27,186.0
1962-10-28,137.0
1962-10-29,154.0
1962-10-30,156.0
1962-10-31,135.0
1962-11-01,135.0
1962-11-02,133.0
1962-11-03,132.0
1962-11-04,130.0
1962-11-05,124.0
1962-11-06,123.0
1962-11-07,117.0
1962-11-08,133.0
1962-11-09,112.0
1962-11-10,108.0
1962-11-11,103.0
1962-11-12,93.0
1962-11-13,100.0
1962-11-14,105.0
1962-11-15,110.0
1962-11-16,104.0
1962-11-17,94.0
1962-11-18,86.0
1962-11-19,90.0
1962-11-20,95.0
1962-11-21,98.0
1962-11-22,90.0
1962-11-23,87.0
1962-11-24,85.0
1962-11-25,85.0
1962-11-26,86.0
1962-11-27,86.0
1962-11-28,88.0
1962-11-29,88.0
1962-11-30,94.0
1962-12-01,95.0
1962-12-02,96.0
1962-12-03,95.0
1962-12-04,90.0
1962-12-05,74.0
1962-12-06,78.0
1962-12-07,78.0
1962-12-08,82.0
1962-12-09,76.0
1962-12-10,72.0
1962-12-11,68.0
1962-12-12,65.0
1962-12-13,65.0
1962-12-14,68.0
1962-12-15,70.0
1962-12-16,72.0
1962-12-17,72.0
1962-12-18,72.0
1962-12-19,70.0
1962-12-20,65.0
1962-12-21,62.0
1962-12-22,58.0
1962-12-23,56.0
1962-12-24,54.0
1962-12-25,52.0
1962-12-26,52.0
1962-12-27,57.0
1962-12-28,61.0
1962-12-29,68.0
1962-12-30,88.0
1962-12-31,90.0
1963-01-01,90.0
1963-01-02,91.0
1963-01-03,90.0
1963-01-04,93.0
1963-01-05,94.0
1963-01-06,92.0
1963-01-07,89.0
1963-01-08,89.0
1963-01-09,92.0
1963-01-10,86.0
1963-01-11,83.0
1963-01-12,76.0
1963-01-13,76.0
1963-01-14,79.0
1963-01-15,81.0
1963-01-16,85.0
1963-01-17,86.0
1963-01-18,86.0
1963-01-19,83.0
1963-01-20,78.0
1963-01-21,77.0
1963-01-22,78.0
1963-01-23,81.0
1963-01-24,83.0
1963-01-25,88.0
1963-01-26,88.0
1963-01-27,95.0
1963-01-28,94.0
1963-01-29,96.0
1963-01-30,103.0
1963-01-31,110.0
1963-02-01,119.0
1963-02-02,128.0
1963-02-03,120.0
1963-02-04,123.0
1963-02-05,134.0
1963-02-06,138.0
1963-02-07,130.0
1963-02-08,118.0
1963-02-09,118.0
1963-02-10,111.0
1963-02-11,94.0
1963-02-12,80.0
1963-02-13,70.0
1963-02-14,80.0
1963-02-15,93.0
1963-02-16,107.0
1963-02-17,103.0
1963-02-18,103.0
1963-02-19,99.0
1963-02-20,95.0
1963-02-21,90.0
1963-02-22,85.0
1963-02-23,79.0
1963-02-24,75.0
1963-02-25,72.0
1963-02-26,68.0
1963-02-27,68.0
1963-02-28,66.0
1963-03-01,72.0
1963-03-02,71.0
1963-03-03,69.0
1963-03-04,61.0
1963-03-05,61.0
1963-03-06,67.0
1963-03-07,66.0
1963-03-08,70.0
1963-03-09,69.0
1963-03-10,61.0
1963-03-11,62.0
1963-03-12,56.0
1963-03-13,58.0
1963-03-14,58.0
1963-03-15,65.0
1963-03-16,63.0
1963-03-17,61.0
1963-03-18,63.0
1963-03-19,72.0
1963-03-20,75.0
1963-03-21,82.0
1963-03-22,87.0
1963-03-23,92.0
1963-03-24,88.0
1963-03-25,97.0
1963-03-26,103.0
1963-03-27,106.0
1963-03-28,109.0
1963-03-29,139.0
1963-03-30,132.0
1963-03-31,126.0
1963-04-01,126.0
1963-04-02,150.0
1963-04-03,150.0
1963-04-04,168.0
1963-04-05,191.0
1963-04-06,199.0
1963-04-07,230.0
1963-04-08,242.0
1963-04-09,242.0
1963-04-10,295.0
1963-04-11,317.0
1963-04-12,267.0
1963-04-13,261.0
1963-04-14,267.0
1963-04-15,301.0
1963-04-16,278.0
1963-04-17,272.0
1963-04-18,258.0
1963-04-19,232.0
1963-04-20,222.0
1963-04-21,232.0
1963-04-22,253.0
1963-04-23,261.0
1963-04-24,242.0
1963-04-25,235.0
1963-04-26,225.0
1963-04-27,230.0
1963-04-28,238.0
1963-04-29,248.0
1963-04-30,253.0
1963-05-01,250.0
1963-05-02,256.0
1963-05-03,258.0
1963-05-04,264.0
1963-05-05,269.0
1963-05-06,269.0
1963-05-07,281.0
1963-05-08,264.0
1963-05-09,258.0
1963-05-10,286.0
1963-05-11,298.0
1963-05-12,292.0
1963-05-13,278.0
1963-05-14,275.0
1963-05-15,275.0
1963-05-16,292.0
1963-05-17,317.0
1963-05-18,317.0
1963-05-19,333.0
1963-05-20,506.0
1963-05-21,502.0
1963-05-22,506.0
1963-05-23,530.0
1963-05-24,530.0
1963-05-25,460.0
1963-05-26,387.0
1963-05-27,395.0
1963-05-28,406.0
1963-05-29,406.0
1963-05-30,376.0
1963-05-31,376.0
1963-06-01,376.0
1963-06-02,383.0
1963-06-03,344.0
1963-06-04,336.0
1963-06-05,340.0
1963-06-06,391.0
1963-06-07,410.0
1963-06-08,354.0
1963-06-09,307.0
1963-06-10,264.0
1963-06-11,248.0
1963-06-12,284.0
1963-06-13,295.0
1963-06-14,278.0
1963-06-15,292.0
1963-06-16,368.0
1963-06-17,225.0
1963-06-18,248.0
1963-06-19,278.0
1963-06-20,195.0
1963-06-21,154.0
1963-06-22,250.0
1963-06-23,250.0
1963-06-24,253.0
1963-06-25,267.0
1963-06-26,264.0
1963-06-27,292.0
1963-06-28,295.0
1963-06-29,298.0
1963-06-30,350.0
1963-07-01,354.0
1963-07-02,379.0
1963-07-03,354.0
1963-07-04,323.0
1963-07-05,314.0
1963-07-06,340.0
1963-07-07,344.0
1963-07-08,330.0
1963-07-09,314.0
1963-07-10,361.0
1963-07-11,340.0
1963-07-12,336.0
1963-07-13,330.0
1963-07-14,323.0
1963-07-15,323.0
1963-07-16,278.0
1963-07-17,269.0
1963-07-18,289.0
1963-07-19,286.0
1963-07-20,281.0
1963-07-21,286.0
1963-07-22,418.0
1963-07-23,502.0
1963-07-24,431.0
1963-07-25,456.0
1963-07-26,474.0
1963-07-27,320.0
1963-07-28,289.0
1963-07-29,281.0
1963-07-30,278.0
1963-07-31,289.0
1963-08-01,295.0
1963-08-02,292.0
1963-08-03,317.0
1963-08-04,307.0
1963-08-05,340.0
1963-08-06,376.0
1963-08-07,402.0
1963-08-08,376.0
1963-08-09,376.0
1963-08-10,376.0
1963-08-11,376.0
1963-08-12,376.0
1963-08-13,414.0
1963-08-14,406.0
1963-08-15,402.0
1963-08-16,391.0
1963-08-17,406.0
1963-08-18,431.0
1963-08-19,391.0
1963-08-20,379.0
1963-08-21,372.0
1963-08-22,364.0
1963-08-23,358.0
1963-08-24,340.0
1963-08-25,350.0
1963-08-26,368.0
1963-08-27,358.0
1963-08-28,372.0
1963-08-29,358.0
1963-08-30,376.0
1963-08-31,414.0
1963-09-01,410.0
1963-09-02,387.0
1963-09-03,376.0
1963-09-04,383.0
1963-09-05,402.0
1963-09-06,422.0
1963-09-07,502.0
1963-09-08,502.0
1963-09-09,478.0
1963-09-10,474.0
1963-09-11,470.0
1963-09-12,439.0
1963-09-13,456.0
1963-09-14,470.0
1963-09-15,483.0
1963-09-16,478.0
1963-09-17,478.0
1963-09-18,470.0
1963-09-19,435.0
1963-09-20,368.0
1963-09-21,410.0
1963-09-22,292.0
1963-09-23,202.0
1963-09-24,307.0
1963-09-25,323.0
1963-09-26,323.0
1963-09-27,314.0
1963-09-28,314.0
1963-09-29,320.0
1963-09-30,314.0
1963-10-01,317.0
1963-10-02,361.0
1963-10-03,358.0
1963-10-04,284.0
1963-10-05,289.0
1963-10-06,286.0
1963-10-07,284.0
1963-10-08,281.0
1963-10-09,281.0
1963-10-10,278.0
1963-10-11,278.0
1963-10-12,289.0
1963-10-13,292.0
1963-10-14,295.0
1963-10-15,298.0
1963-10-16,298.0
1963-10-17,284.0
1963-10-18,284.0
1963-10-19,245.0
1963-10-20,238.0
1963-10-21,186.0
1963-10-22,170.0
1963-10-23,145.0
1963-10-24,124.0
1963-10-25,141.0
1963-10-26,184.0
1963-10-27,202.0
1963-10-28,222.0
1963-10-29,225.0
1963-10-30,238.0
1963-10-31,248.0
1963-11-01,256.0
1963-11-02,218.0
1963-11-03,213.0
1963-11-04,160.0
1963-11-05,139.0
1963-11-06,133.0
1963-11-07,130.0
1963-11-08,124.0
1963-11-09,126.0
1963-11-10,123.0
1963-11-11,121.0
1963-11-12,117.0
1963-11-13,117.0
1963-11-14,117.0
1963-11-15,117.0
1963-11-16,116.0
1963-11-17,119.0
1963-11-18,94.0
1963-11-19,96.0
1963-11-20,96.0
1963-11-21,111.0
1963-11-22,117.0
1963-11-23,90.0
1963-11-24,95.0
1963-11-25,110.0
1963-11-26,94.0
1963-11-27,96.0
1963-11-28,110.0
1963-11-29,94.0
1963-11-30,75.0
1963-12-01,75.0
1963-12-02,70.0
1963-12-03,42.0
1963-12-04,45.0
1963-12-05,96.0
1963-12-06,102.0
1963-12-07,109.0
1963-12-08,38.0
1963-12-09,44.0
1963-12-10,93.0
1963-12-11,68.0
1963-12-12,71.0
1963-12-13,92.0
1963-12-14,92.0
1963-12-15,93.0
1963-12-16,83.0
1963-12-17,85.0
1963-12-18,85.0
1963-12-19,93.0
1963-12-20,93.0
1963-12-21,91.0
1963-12-22,88.0
1963-12-23,84.0
1963-12-24,104.0
1963-12-25,123.0
1963-12-26,119.0
1963-12-27,122.0
1963-12-28,100.0
1963-12-29,69.0
1963-12-30,40.0
1963-12-31,48.0
1964-01-01,58.0
1964-01-02,61.0
1964-01-03,60.0
1964-01-04,64.0
1964-01-05,56.0
1964-01-06,56.0
1964-01-07,73.0
1964-01-08,82.0
1964-01-09,76.0
1964-01-10,85.0
1964-01-11,80.0
1964-01-12,80.0
1964-01-13,74.0
1964-01-14,71.0
1964-01-15,78.0
1964-01-16,73.0
1964-01-17,78.0
1964-01-18,78.0
1964-01-19,80.0
1964-01-20,70.0
1964-01-21,78.0
1964-01-22,88.0
1964-01-23,88.0
1964-01-24,92.0
1964-01-25,70.0
1964-01-26,63.0
1964-01-27,86.0
1964-01-28,86.0
1964-01-29,79.0
1964-01-30,77.0
1964-01-31,74.0
1964-02-01,77.0
1964-02-02,69.0
1964-02-03,75.0
1964-02-04,75.0
1964-02-05,87.0
1964-02-06,71.0
1964-02-07,65.0
1964-02-08,70.0
1964-02-09,66.0
1964-02-10,76.0
1964-02-11,80.0
1964-02-12,85.0
1964-02-13,71.0
1964-02-14,61.0
1964-02-15,71.0
1964-02-16,47.0
1964-02-17,45.0
1964-02-18,45.0
1964-02-19,50.0
1964-02-20,45.0
1964-02-21,37.0
1964-02-22,38.0
1964-02-23,40.0
1964-02-24,40.0
1964-02-25,50.0
1964-02-26,40.0
1964-02-27,45.0
1964-02-28,45.0
1964-02-29,39.0
1964-03-01,50.0
1964-03-02,58.0
1964-03-03,55.0
1964-03-04,47.0
1964-03-05,47.0
1964-03-06,135.0
1964-03-07,161.0
1964-03-08,175.0
1964-03-09,152.0
1964-03-10,180.0
1964-03-11,172.0
1964-03-12,199.0
1964-03-13,229.0
1964-03-14,128.0
1964-03-15,151.0
1964-03-16,148.0
1964-03-17,160.0
1964-03-18,203.0
1964-03-19,229.0
1964-03-20,200.0
1964-03-21,196.0
1964-03-22,210.0
1964-03-23,218.0
1964-03-24,214.0
1964-03-25,204.0
1964-03-26,208.0
1964-03-27,213.0
1964-03-28,216.0
1964-03-29,223.0
1964-03-30,240.0
1964-03-31,267.0
1964-04-01,282.0
1964-04-02,250.0
1964-04-03,220.0
1964-04-04,193.0
1964-04-05,184.0
1964-04-06,156.0
1964-04-07,128.0
1964-04-08,122.0
1964-04-09,124.0
1964-04-10,130.0
1964-04-11,132.0
1964-04-12,156.0
1964-04-13,140.0
1964-04-14,140.0
1964-04-15,171.0
1964-04-16,195.0
1964-04-17,255.0
1964-04-18,273.0
1964-04-19,279.0
1964-04-20,288.0
1964-04-21,248.0
1964-04-22,225.0
1964-04-23,220.0
1964-04-24,329.0
1964-04-25,354.0
1964-04-26,329.0
1964-04-27,397.0
1964-04-28,413.0
1964-04-29,409.0
1964-04-30,421.0
1964-05-01,470.0
1964-05-02,453.0
1964-05-03,441.0
1964-05-04,401.0
1964-05-05,382.0
1964-05-06,425.0
1964-05-07,425.0
1964-05-08,441.0
1964-05-09,441.0
1964-05-10,354.0
1964-05-11,364.0
1964-05-12,413.0
1964-05-13,417.0
1964-05-14,429.0
1964-05-15,474.0
1964-05-16,575.0
1964-05-17,610.0
1964-05-18,655.0
1964-05-19,610.0
1964-05-20,575.0
1964-05-21,685.0
1964-05-22,770.0
1964-05-23,743.0
1964-05-24,726.0
1964-05-25,743.0
1964-05-26,798.0
1964-05-27,914.0
1964-05-28,897.0
1964-05-29,721.0
1964-05-30,570.0
1964-05-31,441.0
1964-06-01,425.0
1964-06-02,389.0
1964-06-03,417.0
1964-06-04,357.0
1964-06-05,343.0
1964-06-06,332.0
1964-06-07,346.0
1964-06-08,371.0
1964-06-09,332.0
1964-06-10,340.0
1964-06-11,433.0
1964-06-12,445.0
1964-06-13,488.0
1964-06-14,506.0
1964-06-15,346.0
1964-06-16,360.0
1964-06-17,461.0
1964-06-18,535.0
1964-06-19,520.0
1964-06-20,470.0
1964-06-21,453.0
1964-06-22,433.0
1964-06-23,332.0
1964-06-24,318.0
1964-06-25,340.0
1964-06-26,405.0
1964-06-27,421.0
1964-06-28,453.0
1964-06-29,506.0
1964-06-30,555.0
1964-07-01,550.0
1964-07-02,540.0
1964-07-03,560.0
1964-07-04,625.0
1964-07-05,580.0
1964-07-06,743.0
1964-07-07,690.0
1964-07-08,650.0
1964-07-09,615.0
1964-07-10,496.0
1964-07-11,453.0
1964-07-12,445.0
1964-07-13,429.0
1964-07-14,433.0
1964-07-15,461.0
1964-07-16,470.0
1964-07-17,449.0
1964-07-18,474.0
1964-07-19,457.0
1964-07-20,457.0
1964-07-21,474.0
1964-07-22,525.0
1964-07-23,550.0
1964-07-24,488.0
1964-07-25,595.0
1964-07-26,575.0
1964-07-27,565.0
1964-07-28,570.0
1964-07-29,695.0
1964-07-30,595.0
1964-07-31,453.0
1964-08-01,433.0
1964-08-02,417.0
1964-08-03,590.0
1964-08-04,655.0
1964-08-05,754.0
1964-08-06,826.0
1964-08-07,941.0
1964-08-08,963.0
1964-08-09,941.0
1964-08-10,732.0
1964-08-11,864.0
1964-08-12,535.0
1964-08-13,560.0
1964-08-14,520.0
1964-08-15,465.0
1964-08-16,453.0
1964-08-17,437.0
1964-08-18,437.0
1964-08-19,453.0
1964-08-20,478.0
1964-08-21,413.0
1964-08-22,371.0
1964-08-23,360.0
1964-08-24,357.0
1964-08-25,354.0
1964-08-26,360.0
1964-08-27,346.0
1964-08-28,354.0
1964-08-29,294.0
1964-08-30,285.0
1964-08-31,282.0
1964-09-01,276.0
1964-09-02,276.0
1964-09-03,336.0
1964-09-04,389.0
1964-09-05,389.0
1964-09-06,393.0
1964-09-07,385.0
1964-09-08,303.0
1964-09-09,300.0
1964-09-10,303.0
1964-09-11,303.0
1964-09-12,285.0
1964-09-13,282.0
1964-09-14,279.0
1964-09-15,285.0
1964-09-16,297.0
1964-09-17,279.0
1964-09-18,230.0
1964-09-19,230.0
1964-09-20,252.0
1964-09-21,250.0
1964-09-22,245.0
1964-09-23,264.0
1964-09-24,270.0
1964-09-25,264.0
1964-09-26,267.0
1964-09-27,182.0
1964-09-28,117.0
1964-09-29,104.0
1964-09-30,88.0
1964-10-01,87.0
1964-10-02,91.0
1964-10-03,85.0
1964-10-04,83.0
1964-10-05,83.0
1964-10-06,82.0
1964-10-07,80.0
1964-10-08,80.0
1964-10-09,82.0
1964-10-10,79.0
1964-10-11,78.0
1964-10-12,83.0
1964-10-13,80.0
1964-10-14,82.0
1964-10-15,79.0
1964-10-16,102.0
1964-10-17,74.0
1964-10-18,72.0
1964-10-19,157.0
1964-10-20,223.0
1964-10-21,230.0
1964-10-22,232.0
1964-10-23,235.0
1964-10-24,238.0
1964-10-25,235.0
1964-10-26,232.0
1964-10-27,235.0
1964-10-28,238.0
1964-10-29,238.0
1964-10-30,238.0
1964-10-31,235.0
1964-11-01,230.0
1964-11-02,232.0
1964-11-03,238.0
1964-11-04,230.0
1964-11-05,228.0
1964-11-06,232.0
1964-11-07,232.0
1964-11-08,232.0
1964-11-09,232.0
1964-11-10,238.0
1964-11-11,134.0
1964-11-12,128.0
1964-11-13,166.0
1964-11-14,188.0
1964-11-15,182.0
1964-11-16,186.0
1964-11-17,186.0
1964-11-18,193.0
1964-11-19,182.0
1964-11-20,180.0
1964-11-21,188.0
1964-11-22,170.0
1964-11-23,165.0
1964-11-24,170.0
1964-11-25,171.0
1964-11-26,134.0
1964-11-27,126.0
1964-11-28,124.0
1964-11-29,124.0
1964-11-30,134.0
1964-12-01,112.0
1964-12-02,112.0
1964-12-03,112.0
1964-12-04,112.0
1964-12-05,112.0
1964-12-06,112.0
1964-12-07,112.0
1964-12-08,112.0
1964-12-09,112.0
1964-12-10,112.0
1964-12-11,112.0
1964-12-12,112.0
1964-12-13,112.0
1964-12-14,112.0
1964-12-15,112.0
1964-12-16,112.0
1964-12-17,112.0
1964-12-18,112.0
1964-12-19,112.0
1964-12-20,112.0
1964-12-21,112.0
1964-12-22,112.0
1964-12-23,112.0
1964-12-24,112.0
1964-12-25,112.0
1964-12-26,112.0
1964-12-27,112.0
1964-12-28,112.0
1964-12-29,112.0
1964-12-30,112.0
1964-12-31,112.0
1965-01-01,110.0
1965-01-02,110.0
1965-01-03,110.0
1965-01-04,110.0
1965-01-05,110.0
1965-01-06,110.0
1965-01-07,110.0
1965-01-08,110.0
1965-01-09,110.0
1965-01-10,110.0
1965-01-11,110.0
1965-01-12,110.0
1965-01-13,110.0
1965-01-14,110.0
1965-01-15,110.0
1965-01-16,110.0
1965-01-17,110.0
1965-01-18,110.0
1965-01-19,110.0
1965-01-20,110.0
1965-01-21,110.0
1965-01-22,110.0
1965-01-23,110.0
1965-01-24,110.0
1965-01-25,110.0
1965-01-26,110.0
1965-01-27,110.0
1965-01-28,110.0
1965-01-29,110.0
1965-01-30,110.0
1965-01-31,110.0
1965-02-01,72.0
1965-02-02,72.0
1965-02-03,72.0
1965-02-04,72.0
1965-02-05,72.0
1965-02-06,72.0
1965-02-07,72.0
1965-02-08,72.0
1965-02-09,72.0
1965-02-10,72.0
1965-02-11,72.0
1965-02-12,72.0
1965-02-13,72.0
1965-02-14,72.0
1965-02-15,72.0
1965-02-16,72.0
1965-02-17,72.0
1965-02-18,72.0
1965-02-19,72.0
1965-02-20,72.0
1965-02-21,72.0
1965-02-22,72.0
1965-02-23,72.0
1965-02-24,72.0
1965-02-25,72.0
1965-02-26,72.0
1965-02-27,72.0
1965-02-28,72.0
1965-03-01,55.0
1965-03-02,55.0
1965-03-03,55.0
1965-03-04,55.0
1965-03-05,55.0
1965-03-06,55.0
1965-03-07,55.0
1965-03-08,55.0
1965-03-09,55.0
1965-03-10,55.0
1965-03-11,55.0
1965-03-12,55.0
1965-03-13,55.0
1965-03-14,55.0
1965-03-15,55.0
1965-03-16,55.0
1965-03-17,55.0
1965-03-18,55.0
1965-03-19,55.0
1965-03-20,55.0
1965-03-21,55.0
1965-03-22,55.0
1965-03-23,55.0
1965-03-24,55.0
1965-03-25,55.0
1965-03-26,55.0
1965-03-27,55.0
1965-03-28,55.0
1965-03-29,55.0
1965-03-30,55.0
1965-03-31,55.0
1965-04-01,130.0
1965-04-02,142.0
1965-04-03,136.0
1965-04-04,124.0
1965-04-05,113.0
1965-04-06,108.0
1965-04-07,115.0
1965-04-08,115.0
1965-04-09,126.0
1965-04-10,197.0
1965-04-11,197.0
1965-04-12,211.0
1965-04-13,223.0
1965-04-14,252.0
1965-04-15,322.0
1965-04-16,273.0
1965-04-17,273.0
1965-04-18,264.0
1965-04-19,258.0
1965-04-20,332.0
1965-04-21,457.0
1965-04-22,645.0
1965-04-23,952.0
1965-04-24,1020.0
1965-04-25,1030.0
1965-04-26,1140.0
1965-04-27,1040.0
1965-04-28,809.0
1965-04-29,776.0
1965-04-30,695.0
1965-05-01,605.0
1965-05-02,620.0
1965-05-03,620.0
1965-05-04,550.0
1965-05-05,492.0
1965-05-06,389.0
1965-05-07,357.0
1965-05-08,297.0
1965-05-09,273.0
1965-05-10,267.0
1965-05-11,242.0
1965-05-12,240.0
1965-05-13,340.0
1965-05-14,575.0
1965-05-15,600.0
1965-05-16,535.0
1965-05-17,570.0
1965-05-18,630.0
1965-05-19,650.0
1965-05-20,690.0
1965-05-21,760.0
1965-05-22,798.0
1965-05-23,864.0
1965-05-24,946.0
1965-05-25,798.0
1965-05-26,792.0
1965-05-27,782.0
1965-05-28,665.0
1965-05-29,645.0
1965-05-30,620.0
1965-05-31,670.0
1965-06-01,650.0
1965-06-02,560.0
1965-06-03,565.0
1965-06-04,580.0
1965-06-05,732.0
1965-06-06,540.0
1965-06-07,590.0
1965-06-08,580.0
1965-06-09,630.0
1965-06-10,675.0
1965-06-11,864.0
1965-06-12,897.0
1965-06-13,842.0
1965-06-14,908.0
1965-06-15,980.0
1965-06-16,1070.0
1965-06-17,1140.0
1965-06-18,1230.0
1965-06-19,1170.0
1965-06-20,1080.0
1965-06-21,1040.0
1965-06-22,996.0
1965-06-23,941.0
1965-06-24,870.0
1965-06-25,848.0
1965-06-26,792.0
1965-06-27,716.0
1965-06-28,690.0
1965-06-29,675.0
1965-06-30,690.0
1965-07-01,665.0
1965-07-02,675.0
1965-07-03,660.0
1965-07-04,635.0
1965-07-05,615.0
1965-07-06,585.0
1965-07-07,570.0
1965-07-08,650.0
1965-07-09,665.0
1965-07-10,770.0
1965-07-11,996.0
1965-07-12,892.0
1965-07-13,897.0
1965-07-14,1110.0
1965-07-15,1150.0
1965-07-16,1230.0
1965-07-17,1210.0
1965-07-18,1150.0
1965-07-19,1170.0
1965-07-20,1260.0
1965-07-21,1010.0
1965-07-22,1120.0
1965-07-23,919.0
1965-07-24,798.0
1965-07-25,952.0
1965-07-26,864.0
1965-07-27,738.0
1965-07-28,792.0
1965-07-29,695.0
1965-07-30,645.0
1965-07-31,1060.0
1965-08-01,1260.0
1965-08-02,1080.0
1965-08-03,1030.0
1965-08-04,968.0
1965-08-05,853.0
1965-08-06,804.0
1965-08-07,726.0
1965-08-08,675.0
1965-08-09,625.0
1965-08-10,625.0
1965-08-11,665.0
1965-08-12,690.0
1965-08-13,670.0
1965-08-14,670.0
1965-08-15,660.0
1965-08-16,695.0
1965-08-17,798.0
1965-08-18,941.0
1965-08-19,952.0
1965-08-20,776.0
1965-08-21,645.0
1965-08-22,680.0
1965-08-23,732.0
1965-08-24,695.0
1965-08-25,700.0
1965-08-26,705.0
1965-08-27,721.0
1965-08-28,700.0
1965-08-29,710.0
1965-08-30,787.0
1965-08-31,776.0
1965-09-01,732.0
1965-09-02,700.0
1965-09-03,705.0
1965-09-04,660.0
1965-09-05,620.0
1965-09-06,620.0
1965-09-07,600.0
1965-09-08,640.0
1965-09-09,575.0
1965-09-10,530.0
1965-09-11,492.0
1965-09-12,470.0
1965-09-13,457.0
1965-09-14,492.0
1965-09-15,520.0
1965-09-16,501.0
1965-09-17,453.0
1965-09-18,368.0
1965-09-19,385.0
1965-09-20,461.0
1965-09-21,461.0
1965-09-22,449.0
1965-09-23,453.0
1965-09-24,449.0
1965-09-25,441.0
1965-09-26,413.0
1965-09-27,382.0
1965-09-28,354.0
1965-09-29,357.0
1965-09-30,350.0
1965-10-01,329.0
1965-10-02,310.0
1965-10-03,303.0
1965-10-04,284.0
1965-10-05,271.0
1965-10-06,268.0
1965-10-07,259.0
1965-10-08,241.0
1965-10-09,244.0
1965-10-10,247.0
1965-10-11,244.0
1965-10-12,238.0
1965-10-13,244.0
1965-10-14,218.0
1965-10-15,224.0
1965-10-16,221.0
1965-10-17,224.0
1965-10-18,241.0
1965-10-19,259.0
1965-10-20,262.0
1965-10-21,268.0
1965-10-22,262.0
1965-10-23,250.0
1965-10-24,244.0
1965-10-25,238.0
1965-10-26,244.0
1965-10-27,241.0
1965-10-28,238.0
1965-10-29,232.0
1965-10-30,232.0
1965-10-31,227.0
1965-11-01,224.0
1965-11-02,218.0
1965-11-03,205.0
1965-11-04,194.0
1965-11-05,184.0
1965-11-06,179.0
1965-11-07,177.0
1965-11-08,174.0
1965-11-09,172.0
1965-11-10,170.0
1965-11-11,165.0
1965-11-12,162.0
1965-11-13,170.0
1965-11-14,170.0
1965-11-15,170.0
1965-11-16,162.0
1965-11-17,160.0
1965-11-18,162.0
1965-11-19,154.0
1965-11-20,152.0
1965-11-21,150.0
1965-11-22,134.0
1965-11-23,124.0
1965-11-24,152.0
1965-11-25,154.0
1965-11-26,154.0
1965-11-27,118.0
1965-11-28,89.0
1965-11-29,82.0
1965-11-30,94.0
1965-12-01,122.0
1965-12-02,162.0
1965-12-03,144.0
1965-12-04,148.0
1965-12-05,146.0
1965-12-06,128.0
1965-12-07,126.0
1965-12-08,124.0
1965-12-09,124.0
1965-12-10,136.0
1965-12-11,142.0
1965-12-12,115.0
1965-12-13,106.0
1965-12-14,116.0
1965-12-15,109.0
1965-12-16,83.0
1965-12-17,82.0
1965-12-18,79.0
1965-12-19,81.0
1965-12-20,95.0
1965-12-21,113.0
1965-12-22,117.0
1965-12-23,112.0
1965-12-24,116.0
1965-12-25,126.0
1965-12-26,128.0
1965-12-27,114.0
1965-12-28,113.0
1965-12-29,123.0
1965-12-30,135.0
1965-12-31,116.0
1966-01-01,117.0
1966-01-02,112.0
1966-01-03,118.0
1966-01-04,97.0
1966-01-05,84.0
1966-01-06,90.0
1966-01-07,92.0
1966-01-08,96.0
1966-01-09,102.0
1966-01-10,100.0
1966-01-11,91.0
1966-01-12,86.0
1966-01-13,84.0
1966-01-14,84.0
1966-01-15,86.0
1966-01-16,88.0
1966-01-17,87.0
1966-01-18,82.0
1966-01-19,77.0
1966-01-20,77.0
1966-01-21,80.0
1966-01-22,84.0
1966-01-23,81.0
1966-01-24,77.0
1966-01-25,76.0
1966-01-26,73.0
1966-01-27,72.0
1966-01-28,72.0
1966-01-29,72.0
1966-01-30,73.0
1966-01-31,79.0
1966-02-01,86.0
1966-02-02,92.0
1966-02-03,85.0
1966-02-04,77.0
1966-02-05,73.0
1966-02-06,73.0
1966-02-07,76.0
1966-02-08,75.0
1966-02-09,76.0
1966-02-10,78.0
1966-02-11,80.0
1966-02-12,81.0
1966-02-13,81.0
1966-02-14,86.0
1966-02-15,80.0
1966-02-16,74.0
1966-02-17,74.0
1966-02-18,70.0
1966-02-19,64.0
1966-02-20,61.0
1966-02-21,62.0
1966-02-22,64.0
1966-02-23,67.0
1966-02-24,70.0
1966-02-25,72.0
1966-02-26,72.0
1966-02-27,74.0
1966-02-28,76.0
1966-03-01,74.0
1966-03-02,73.0
1966-03-03,75.0
1966-03-04,74.0
1966-03-05,71.0
1966-03-06,70.0
1966-03-07,70.0
1966-03-08,72.0
1966-03-09,73.0
1966-03-10,78.0
1966-03-11,88.0
1966-03-12,79.0
1966-03-13,93.0
1966-03-14,103.0
1966-03-15,108.0
1966-03-16,115.0
1966-03-17,118.0
1966-03-18,122.0
1966-03-19,128.0
1966-03-20,146.0
1966-03-21,144.0
1966-03-22,162.0
1966-03-23,124.0
1966-03-24,115.0
1966-03-25,132.0
1966-03-26,140.0
1966-03-27,144.0
1966-03-28,144.0
1966-03-29,152.0
1966-03-30,158.0
1966-03-31,174.0
1966-04-01,192.0
1966-04-02,210.0
1966-04-03,218.0
1966-04-04,205.0
1966-04-05,165.0
1966-04-06,170.0
1966-04-07,165.0
1966-04-08,162.0
1966-04-09,162.0
1966-04-10,172.0
1966-04-11,218.0
1966-04-12,316.0
1966-04-13,332.0
1966-04-14,384.0
1966-04-15,287.0
1966-04-16,241.0
1966-04-17,265.0
1966-04-18,322.0
1966-04-19,297.0
1966-04-20,210.0
1966-04-21,167.0
1966-04-22,134.0
1966-04-23,136.0
1966-04-24,187.0
1966-04-25,130.0
1966-04-26,146.0
1966-04-27,262.0
1966-04-28,373.0
1966-04-29,388.0
1966-04-30,406.0
1966-05-01,352.0
1966-05-02,373.0
1966-05-03,432.0
1966-05-04,472.0
1966-05-05,516.0
1966-05-06,494.0
1966-05-07,498.0
1966-05-08,520.0
1966-05-09,512.0
1966-05-10,436.0
1966-05-11,429.0
1966-05-12,388.0
1966-05-13,271.0
1966-05-14,448.0
1966-05-15,640.0
1966-05-16,690.0
1966-05-17,615.0
1966-05-18,512.0
1966-05-19,502.0
1966-05-20,484.0
1966-05-21,464.0
1966-05-22,472.0
1966-05-23,494.0
1966-05-24,543.0
1966-05-25,512.0
1966-05-26,494.0
1966-05-27,507.0
1966-05-28,464.0
1966-05-29,380.0
1966-05-30,377.0
1966-05-31,476.0
1966-06-01,489.0
1966-06-02,472.0
1966-06-03,472.0
1966-06-04,476.0
1966-06-05,512.0
1966-06-06,502.0
1966-06-07,472.0
1966-06-08,410.0
1966-06-09,259.0
1966-06-10,238.0
1966-06-11,235.0
1966-06-12,395.0
1966-06-13,388.0
1966-06-14,380.0
1966-06-15,448.0
1966-06-16,464.0
1966-06-17,370.0
1966-06-18,253.0
1966-06-19,278.0
1966-06-20,395.0
1966-06-21,476.0
1966-06-22,516.0
1966-06-23,502.0
1966-06-24,480.0
1966-06-25,460.0
1966-06-26,429.0
1966-06-27,398.0
1966-06-28,425.0
1966-06-29,615.0
1966-06-30,625.0
1966-07-01,502.0
1966-07-02,432.0
1966-07-03,425.0
1966-07-04,507.0
1966-07-05,534.0
1966-07-06,580.0
1966-07-07,590.0
1966-07-08,595.0
1966-07-09,566.0
1966-07-10,570.0
1966-07-11,406.0
1966-07-12,410.0
1966-07-13,432.0
1966-07-14,436.0
1966-07-15,436.0
1966-07-16,425.0
1966-07-17,432.0
1966-07-18,520.0
1966-07-19,494.0
1966-07-20,507.0
1966-07-21,507.0
1966-07-22,432.0
1966-07-23,494.0
1966-07-24,472.0
1966-07-25,556.0
1966-07-26,432.0
1966-07-27,413.0
1966-07-28,625.0
1966-07-29,640.0
1966-07-30,615.0
1966-07-31,561.0
1966-08-01,516.0
1966-08-02,530.0
1966-08-03,552.0
1966-08-04,675.0
1966-08-05,650.0
1966-08-06,625.0
1966-08-07,570.0
1966-08-08,452.0
1966-08-09,366.0
1966-08-10,359.0
1966-08-11,380.0
1966-08-12,436.0
1966-08-13,444.0
1966-08-14,432.0
1966-08-15,429.0
1966-08-16,417.0
1966-08-17,413.0
1966-08-18,432.0
1966-08-19,440.0
1966-08-20,476.0
1966-08-21,436.0
1966-08-22,352.0
1966-08-23,339.0
1966-08-24,339.0
1966-08-25,322.0
1966-08-26,366.0
1966-08-27,373.0
1966-08-28,363.0
1966-08-29,363.0
1966-08-30,395.0
1966-08-31,395.0
1966-09-01,425.0
1966-09-02,402.0
1966-09-03,306.0
1966-09-04,284.0
1966-09-05,213.0
1966-09-06,207.0
1966-09-07,274.0
1966-09-08,274.0
1966-09-09,268.0
1966-09-10,262.0
1966-09-11,265.0
1966-09-12,268.0
1966-09-13,303.0
1966-09-14,313.0
1966-09-15,326.0
1966-09-16,294.0
1966-09-17,274.0
1966-09-18,259.0
1966-09-19,197.0
1966-09-20,172.0
1966-09-21,170.0
1966-09-22,165.0
1966-09-23,162.0
1966-09-24,162.0
1966-09-25,230.0
1966-09-26,244.0
1966-09-27,250.0
1966-09-28,256.0
1966-09-29,253.0
1966-09-30,253.0
1966-10-01,253.0
1966-10-02,253.0
1966-10-03,253.0
1966-10-04,250.0
1966-10-05,244.0
1966-10-06,244.0
1966-10-07,241.0
1966-10-08,241.0
1966-10-09,238.0
1966-10-10,244.0
1966-10-11,241.0
1966-10-12,244.0
1966-10-13,238.0
1966-10-14,262.0
1966-10-15,182.0
1966-10-16,167.0
1966-10-17,170.0
1966-10-18,170.0
1966-10-19,167.0
1966-10-20,170.0
1966-10-21,154.0
1966-10-22,126.0
1966-10-23,117.0
1966-10-24,111.0
1966-10-25,109.0
1966-10-26,108.0
1966-10-27,108.0
1966-10-28,109.0
1966-10-29,106.0
1966-10-30,104.0
1966-10-31,102.0
1966-11-01,106.0
1966-11-02,96.0
1966-11-03,111.0
1966-11-04,111.0
1966-11-05,101.0
1966-11-06,104.0
1966-11-07,104.0
1966-11-08,101.0
1966-11-09,84.0
1966-11-10,74.0
1966-11-11,101.0
1966-11-12,130.0
1966-11-13,176.0
1966-11-14,171.0
1966-11-15,174.0
1966-11-16,161.0
1966-11-17,206.0
1966-11-18,265.0
1966-11-19,223.0
1966-11-20,209.0
1966-11-21,214.0
1966-11-22,220.0
1966-11-23,212.0
1966-11-24,200.0
1966-11-25,192.0
1966-11-26,149.0
1966-11-27,128.0
1966-11-28,118.0
1966-11-29,156.0
1966-11-30,152.0
1966-12-01,130.0
1966-12-02,134.0
1966-12-03,144.0
1966-12-04,156.0
1966-12-05,128.0
1966-12-06,149.0
1966-12-07,147.0
1966-12-08,130.0
1966-12-09,118.0
1966-12-10,99.0
1966-12-11,128.0
1966-12-12,132.0
1966-12-13,128.0
1966-12-14,142.0
1966-12-15,142.0
1966-12-16,125.0
1966-12-17,130.0
1966-12-18,130.0
1966-12-19,130.0
1966-12-20,130.0
1966-12-21,125.0
1966-12-22,136.0
1966-12-23,128.0
1966-12-24,117.0
1966-12-25,122.0
1966-12-26,132.0
1966-12-27,125.0
1966-12-28,105.0
1966-12-29,90.0
1966-12-30,100.0
1966-12-31,110.0
1967-01-01,125.0
1967-01-02,125.0
1967-01-03,125.0
1967-01-04,125.0
1967-01-05,125.0
1967-01-06,125.0
1967-01-07,125.0
1967-01-08,125.0
1967-01-09,125.0
1967-01-10,125.0
1967-01-11,125.0
1967-01-12,125.0
1967-01-13,125.0
1967-01-14,125.0
1967-01-15,125.0
1967-01-16,125.0
1967-01-17,125.0
1967-01-18,125.0
1967-01-19,125.0
1967-01-20,125.0
1967-01-21,125.0
1967-01-22,125.0
1967-01-23,125.0
1967-01-24,125.0
1967-01-25,125.0
1967-01-26,125.0
1967-01-27,125.0
1967-01-28,125.0
1967-01-29,125.0
1967-01-30,125.0
1967-01-31,125.0
1967-02-01,135.0
1967-02-02,135.0
1967-02-03,135.0
1967-02-04,135.0
1967-02-05,135.0
1967-02-06,135.0
1967-02-07,135.0
1967-02-08,135.0
1967-02-09,135.0
1967-02-10,135.0
1967-02-11,135.0
1967-02-12,135.0
1967-02-13,135.0
1967-02-14,135.0
1967-02-15,135.0
1967-02-16,135.0
1967-02-17,135.0
1967-02-18,135.0
1967-02-19,135.0
1967-02-20,135.0
1967-02-21,135.0
1967-02-22,135.0
1967-02-23,135.0
1967-02-24,135.0
1967-02-25,135.0
1967-02-26,135.0
1967-02-27,135.0
1967-02-28,135.0
1967-03-01,120.0
1967-03-02,125.0
1967-03-03,130.0
1967-03-04,130.0
1967-03-05,130.0
1967-03-06,105.0
1967-03-07,110.0
1967-03-08,110.0
1967-03-09,125.0
1967-03-10,132.0
1967-03-11,130.0
1967-03-12,128.0
1967-03-13,126.0
1967-03-14,117.0
1967-03-15,118.0
1967-03-16,120.0
1967-03-17,124.0
1967-03-18,134.0
1967-03-19,140.0
1967-03-20,132.0
1967-03-21,134.0
1967-03-22,130.0
1967-03-23,132.0
1967-03-24,134.0
1967-03-25,140.0
1967-03-26,132.0
1967-03-27,136.0
1967-03-28,142.0
1967-03-29,149.0
1967-03-30,149.0
1967-03-31,166.0
1967-04-01,195.0
1967-04-02,192.0
1967-04-03,198.0
1967-04-04,226.0
1967-04-05,271.0
1967-04-06,290.0
1967-04-07,304.0
1967-04-08,308.0
1967-04-09,308.0
1967-04-10,284.0
1967-04-11,277.0
1967-04-12,290.0
1967-04-13,340.0
1967-04-14,290.0
1967-04-15,271.0
1967-04-16,294.0
1967-04-17,259.0
1967-04-18,268.0
1967-04-19,290.0
1967-04-20,389.0
1967-04-21,382.0
1967-04-22,343.0
1967-04-23,329.0
1967-04-24,322.0
1967-04-25,315.0
1967-04-26,308.0
1967-04-27,277.0
1967-04-28,235.0
1967-04-29,235.0
1967-04-30,238.0
1967-05-01,220.0
1967-05-02,220.0
1967-05-03,232.0
1967-05-04,268.0
1967-05-05,271.0
1967-05-06,256.0
1967-05-07,171.0
1967-05-08,147.0
1967-05-09,161.0
1967-05-10,271.0
1967-05-11,322.0
1967-05-12,308.0
1967-05-13,287.0
1967-05-14,209.0
1967-05-15,198.0
1967-05-16,195.0
1967-05-17,200.0
1967-05-18,315.0
1967-05-19,413.0
1967-05-20,433.0
1967-05-21,417.0
1967-05-22,425.0
1967-05-23,470.0
1967-05-24,465.0
1967-05-25,483.0
1967-05-26,595.0
1967-05-27,483.0
1967-05-28,470.0
1967-05-29,465.0
1967-05-30,445.0
1967-05-31,437.0
1967-06-01,405.0
1967-06-02,397.0
1967-06-03,465.0
1967-06-04,478.0
1967-06-05,483.0
1967-06-06,530.0
1967-06-07,510.0
1967-06-08,449.0
1967-06-09,429.0
1967-06-10,421.0
1967-06-11,417.0
1967-06-12,433.0
1967-06-13,417.0
1967-06-14,397.0
1967-06-15,409.0
1967-06-16,405.0
1967-06-17,371.0
1967-06-18,385.0
1967-06-19,393.0
1967-06-20,401.0
1967-06-21,378.0
1967-06-22,336.0
1967-06-23,332.0
1967-06-24,322.0
1967-06-25,315.0
1967-06-26,301.0
1967-06-27,287.0
1967-06-28,290.0
1967-06-29,277.0
1967-06-30,259.0
1967-07-01,247.0
1967-07-02,247.0
1967-07-03,244.0
1967-07-04,274.0
1967-07-05,274.0
1967-07-06,271.0
1967-07-07,290.0
1967-07-08,385.0
1967-07-09,318.0
1967-07-10,290.0
1967-07-11,277.0
1967-07-12,343.0
1967-07-13,294.0
1967-07-14,274.0
1967-07-15,326.0
1967-07-16,382.0
1967-07-17,304.0
1967-07-18,287.0
1967-07-19,256.0
1967-07-20,256.0
1967-07-21,256.0
1967-07-22,244.0
1967-07-23,247.0
1967-07-24,324.0
1967-07-25,401.0
1967-07-26,371.0
1967-07-27,550.0
1967-07-28,550.0
1967-07-29,457.0
1967-07-30,474.0
1967-07-31,445.0
1967-08-01,401.0
1967-08-02,465.0
1967-08-03,492.0
1967-08-04,515.0
1967-08-05,474.0
1967-08-06,470.0
1967-08-07,478.0
1967-08-08,501.0
1967-08-09,585.0
1967-08-10,595.0
1967-08-11,605.0
1967-08-12,640.0
1967-08-13,580.0
1967-08-14,570.0
1967-08-15,595.0
1967-08-16,540.0
1967-08-17,496.0
1967-08-18,590.0
1967-08-19,645.0
1967-08-20,615.0
1967-08-21,615.0
1967-08-22,680.0
1967-08-23,680.0
1967-08-24,630.0
1967-08-25,625.0
1967-08-26,665.0
1967-08-27,695.0
1967-08-28,635.0
1967-08-29,650.0
1967-08-30,743.0
1967-08-31,798.0
1967-09-01,700.0
1967-09-02,710.0
1967-09-03,732.0
1967-09-04,690.0
1967-09-05,605.0
1967-09-06,501.0
1967-09-07,457.0
1967-09-08,449.0
1967-09-09,449.0
1967-09-10,445.0
1967-09-11,465.0
1967-09-12,465.0
1967-09-13,465.0
1967-09-14,441.0
1967-09-15,461.0
1967-09-16,470.0
1967-09-17,433.0
1967-09-18,421.0
1967-09-19,437.0
1967-09-20,382.0
1967-09-21,343.0
1967-09-22,329.0
1967-09-23,322.0
1967-09-24,315.0
1967-09-25,318.0
1967-09-26,350.0
1967-09-27,374.0
1967-09-28,346.0
1967-09-29,332.0
1967-09-30,322.0
1967-10-01,287.0
1967-10-02,284.0
1967-10-03,284.0
1967-10-04,290.0
1967-10-05,340.0
1967-10-06,308.0
1967-10-07,277.0
1967-10-08,268.0
1967-10-09,265.0
1967-10-10,268.0
1967-10-11,265.0
1967-10-12,253.0
1967-10-13,244.0
1967-10-14,247.0
1967-10-15,268.0
1967-10-16,256.0
1967-10-17,226.0
1967-10-18,209.0
1967-10-19,203.0
1967-10-20,166.0
1967-10-21,149.0
1967-10-22,149.0
1967-10-23,147.0
1967-10-24,138.0
1967-10-25,140.0
1967-10-26,136.0
1967-10-27,128.0
1967-10-28,138.0
1967-10-29,152.0
1967-10-30,128.0
1967-10-31,154.0
1967-11-01,156.0
1967-11-02,156.0
1967-11-03,117.0
1967-11-04,136.0
1967-11-05,138.0
1967-11-06,134.0
1967-11-07,136.0
1967-11-08,147.0
1967-11-09,147.0
1967-11-10,147.0
1967-11-11,134.0
1967-11-12,130.0
1967-11-13,128.0
1967-11-14,134.0
1967-11-15,130.0
1967-11-16,109.0
1967-11-17,104.0
1967-11-18,108.0
1967-11-19,117.0
1967-11-20,122.0
1967-11-21,122.0
1967-11-22,109.0
1967-11-23,118.0
1967-11-24,111.0
1967-11-25,122.0
1967-11-26,104.0
1967-11-27,98.0
1967-11-28,99.0
1967-11-29,113.0
1967-11-30,122.0
1967-12-01,120.0
1967-12-02,117.0
1967-12-03,111.0
1967-12-04,115.0
1967-12-05,115.0
1967-12-06,115.0
1967-12-07,115.0
1967-12-08,115.0
1967-12-09,115.0
1967-12-10,115.0
1967-12-11,115.0
1967-12-12,115.0
1967-12-13,115.0
1967-12-14,115.0
1967-12-15,115.0
1967-12-16,115.0
1967-12-17,115.0
1967-12-18,115.0
1967-12-19,115.0
1967-12-20,115.0
1967-12-21,115.0
1967-12-22,115.0
1967-12-23,115.0
1967-12-24,115.0
1967-12-25,115.0
1967-12-26,115.0
1967-12-27,115.0
1967-12-28,115.0
1967-12-29,115.0
1967-12-30,115.0
1967-12-31,115.0
1968-01-01,115.0
1968-01-02,115.0
1968-01-03,115.0
1968-01-04,115.0
1968-01-05,115.0
1968-01-06,115.0
1968-01-07,115.0
1968-01-08,115.0
1968-01-09,115.0
1968-01-10,115.0
1968-01-11,115.0
1968-01-12,115.0
1968-01-13,115.0
1968-01-14,115.0
1968-01-15,115.0
1968-01-16,115.0
1968-01-17,115.0
1968-01-18,115.0
1968-01-19,115.0
1968-01-20,115.0
1968-01-21,115.0
1968-01-22,115.0
1968-01-23,115.0
1968-01-24,115.0
1968-01-25,115.0
1968-01-26,115.0
1968-01-27,115.0
1968-01-28,115.0
1968-01-29,115.0
1968-01-30,115.0
1968-01-31,115.0
1968-02-01,117.0
1968-02-02,117.0
1968-02-03,117.0
1968-02-04,117.0
1968-02-05,117.0
1968-02-06,117.0
1968-02-07,117.0
1968-02-08,117.0
1968-02-09,117.0
1968-02-10,117.0
1968-02-11,117.0
1968-02-12,117.0
1968-02-13,117.0
1968-02-14,117.0
1968-02-15,117.0
1968-02-16,117.0
1968-02-17,117.0
1968-02-18,117.0
1968-02-19,117.0
1968-02-20,117.0
1968-02-21,117.0
1968-02-22,117.0
1968-02-23,117.0
1968-02-24,117.0
1968-02-25,117.0
1968-02-26,117.0
1968-02-27,117.0
1968-02-28,117.0
1968-02-29,117.0
1968-03-01,140.0
1968-03-02,140.0
1968-03-03,140.0
1968-03-04,140.0
1968-03-05,140.0
1968-03-06,140.0
1968-03-07,140.0
1968-03-08,140.0
1968-03-09,140.0
1968-03-10,156.0
1968-03-11,152.0
1968-03-12,147.0
1968-03-13,164.0
1968-03-14,166.0
1968-03-15,152.0
1968-03-16,149.0
1968-03-17,164.0
1968-03-18,161.0
1968-03-19,149.0
1968-03-20,156.0
1968-03-21,144.0
1968-03-22,147.0
1968-03-23,144.0
1968-03-24,152.0
1968-03-25,154.0
1968-03-26,161.0
1968-03-27,156.0
1968-03-28,161.0
1968-03-29,176.0
1968-03-30,189.0
1968-03-31,200.0
1968-04-01,235.0
1968-04-02,244.0
1968-04-03,220.0
1968-04-04,184.0
1968-04-05,176.0
1968-04-06,176.0
1968-04-07,171.0
1968-04-08,159.0
1968-04-09,115.0
1968-04-10,120.0
1968-04-11,124.0
1968-04-12,138.0
1968-04-13,159.0
1968-04-14,164.0
1968-04-15,169.0
1968-04-16,171.0
1968-04-17,174.0
1968-04-18,169.0
1968-04-19,171.0
1968-04-20,156.0
1968-04-21,174.0
1968-04-22,176.0
1968-04-23,159.0
1968-04-24,152.0
1968-04-25,152.0
1968-04-26,142.0
1968-04-27,140.0
1968-04-28,138.0
1968-04-29,140.0
1968-04-30,159.0
1968-05-01,187.0
1968-05-02,200.0
1968-05-03,308.0
1968-05-04,453.0
1968-05-05,441.0
1968-05-06,445.0
1968-05-07,433.0
1968-05-08,374.0
1968-05-09,360.0
1968-05-10,371.0
1968-05-11,364.0
1968-05-12,354.0
1968-05-13,346.0
1968-05-14,354.0
1968-05-15,354.0
1968-05-16,350.0
1968-05-17,346.0
1968-05-18,343.0
1968-05-19,346.0
1968-05-20,346.0
1968-05-21,354.0
1968-05-22,389.0
1968-05-23,425.0
1968-05-24,433.0
1968-05-25,409.0
1968-05-26,385.0
1968-05-27,385.0
1968-05-28,371.0
1968-05-29,425.0
1968-05-30,429.0
1968-05-31,437.0
1968-06-01,445.0
1968-06-02,478.0
1968-06-03,510.0
1968-06-04,575.0
1968-06-05,590.0
1968-06-06,585.0
1968-06-07,595.0
1968-06-08,560.0
1968-06-09,525.0
1968-06-10,501.0
1968-06-11,483.0
1968-06-12,461.0
1968-06-13,449.0
1968-06-14,397.0
1968-06-15,364.0
1968-06-16,364.0
1968-06-17,360.0
1968-06-18,393.0
1968-06-19,545.0
1968-06-20,585.0
1968-06-21,560.0
1968-06-22,670.0
1968-06-23,726.0
1968-06-24,765.0
1968-06-25,670.0
1968-06-26,670.0
1968-06-27,743.0
1968-06-28,754.0
1968-06-29,625.0
1968-06-30,570.0
1968-07-01,560.0
1968-07-02,620.0
1968-07-03,655.0
1968-07-04,640.0
1968-07-05,640.0
1968-07-06,650.0
1968-07-07,615.0
1968-07-08,580.0
1968-07-09,787.0
1968-07-10,782.0
1968-07-11,705.0
1968-07-12,787.0
1968-07-13,732.0
1968-07-14,690.0
1968-07-15,615.0
1968-07-16,655.0
1968-07-17,600.0
1968-07-18,555.0
1968-07-19,645.0
1968-07-20,630.0
1968-07-21,585.0
1968-07-22,620.0
1968-07-23,660.0
1968-07-24,685.0
1968-07-25,680.0
1968-07-26,645.0
1968-07-27,690.0
1968-07-28,635.0
1968-07-29,941.0
1968-07-30,1070.0
1968-07-31,1170.0
1968-08-01,1050.0
1968-08-02,1050.0
1968-08-03,946.0
1968-08-04,908.0
1968-08-05,880.0
1968-08-06,941.0
1968-08-07,919.0
1968-08-08,958.0
1968-08-09,924.0
1968-08-10,1020.0
1968-08-11,990.0
1968-08-12,1090.0
1968-08-13,1160.0
1968-08-14,1150.0
1968-08-15,1020.0
1968-08-16,960.0
1968-08-17,940.0
1968-08-18,860.0
1968-08-19,700.0
1968-08-20,550.0
1968-08-21,474.0
1968-08-22,425.0
1968-08-23,465.0
1968-08-24,570.0
1968-08-25,565.0
1968-08-26,560.0
1968-08-27,530.0
1968-08-28,530.0
1968-08-29,525.0
1968-08-30,555.0
1968-08-31,501.0
1968-09-01,488.0
1968-09-02,488.0
1968-09-03,540.0
1968-09-04,535.0
1968-09-05,478.0
1968-09-06,425.0
1968-09-07,429.0
1968-09-08,405.0
1968-09-09,371.0
1968-09-10,385.0
1968-09-11,374.0
1968-09-12,354.0
1968-09-13,360.0
1968-09-14,354.0
1968-09-15,304.0
1968-09-16,271.0
1968-09-17,318.0
1968-09-18,318.0
1968-09-19,312.0
1968-09-20,290.0
1968-09-21,271.0
1968-09-22,271.0
1968-09-23,483.0
1968-09-24,437.0
1968-09-25,425.0
1968-09-26,417.0
1968-09-27,417.0
1968-09-28,413.0
1968-09-29,298.0
1968-09-30,277.0
1968-10-01,260.0
1968-10-02,265.0
1968-10-03,277.0
1968-10-04,336.0
1968-10-05,336.0
1968-10-06,277.0
1968-10-07,277.0
1968-10-08,298.0
1968-10-09,229.0
1968-10-10,195.0
1968-10-11,209.0
1968-10-12,209.0
1968-10-13,206.0
1968-10-14,220.0
1968-10-15,241.0
1968-10-16,256.0
1968-10-17,250.0
1968-10-18,223.0
1968-10-19,195.0
1968-10-20,171.0
1968-10-21,164.0
1968-10-22,159.0
1968-10-23,156.0
1968-10-24,156.0
1968-10-25,142.0
1968-10-26,138.0
1968-10-27,152.0
1968-10-28,147.0
1968-10-29,134.0
1968-10-30,132.0
1968-10-31,132.0
1968-11-01,126.0
1968-11-02,120.0
1968-11-03,117.0
1968-11-04,118.0
1968-11-05,126.0
1968-11-06,138.0
1968-11-07,166.0
1968-11-08,115.0
1968-11-09,118.0
1968-11-10,140.0
1968-11-11,113.0
1968-11-12,126.0
1968-11-13,130.0
1968-11-14,130.0
1968-11-15,104.0
1968-11-16,113.0
1968-11-17,147.0
1968-11-18,138.0
1968-11-19,149.0
1968-11-20,154.0
1968-11-21,147.0
1968-11-22,147.0
1968-11-23,174.0
1968-11-24,166.0
1968-11-25,164.0
1968-11-26,161.0
1968-11-27,175.0
1968-11-28,195.0
1968-11-29,200.0
1968-11-30,200.0
1968-12-01,200.0
1968-12-02,200.0
1968-12-03,200.0
1968-12-04,200.0
1968-12-05,200.0
1968-12-06,190.0
1968-12-07,175.0
1968-12-08,170.0
1968-12-09,165.0
1968-12-10,145.0
1968-12-11,130.0
1968-12-12,125.0
1968-12-13,120.0
1968-12-14,120.0
1968-12-15,120.0
1968-12-16,120.0
1968-12-17,120.0
1968-12-18,120.0
1968-12-19,120.0
1968-12-20,120.0
1968-12-21,120.0
1968-12-22,120.0
1968-12-23,120.0
1968-12-24,125.0
1968-12-25,125.0
1968-12-26,125.0
1968-12-27,125.0
1968-12-28,125.0
1968-12-29,125.0
1968-12-30,120.0
1968-12-31,115.0
1969-01-01,115.0
1969-01-02,115.0
1969-01-03,115.0
1969-01-04,110.0
1969-01-05,110.0
1969-01-06,110.0
1969-01-07,110.0
1969-01-08,105.0
1969-01-09,105.0
1969-01-10,105.0
1969-01-11,105.0
1969-01-12,105.0
1969-01-13,105.0
1969-01-14,110.0
1969-01-15,110.0
1969-01-16,110.0
1969-01-17,110.0
1969-01-18,115.0
1969-01-19,115.0
1969-01-20,115.0
1969-01-21,115.0
1969-01-22,115.0
1969-01-23,120.0
1969-01-24,120.0
1969-01-25,120.0
1969-01-26,120.0
1969-01-27,120.0
1969-01-28,120.0
1969-01-29,120.0
1969-01-30,115.0
1969-01-31,115.0
1969-02-01,115.0
1969-02-02,115.0
1969-02-03,115.0
1969-02-04,115.0
1969-02-05,115.0
1969-02-06,115.0
1969-02-07,115.0
1969-02-08,115.0
1969-02-09,115.0
1969-02-10,115.0
1969-02-11,115.0
1969-02-12,115.0
1969-02-13,115.0
1969-02-14,115.0
1969-02-15,110.0
1969-02-16,110.0
1969-02-17,110.0
1969-02-18,110.0
1969-02-19,110.0
1969-02-20,110.0
1969-02-21,110.0
1969-02-22,110.0
1969-02-23,110.0
1969-02-24,110.0
1969-02-25,110.0
1969-02-26,115.0
1969-02-27,115.0
1969-02-28,115.0
1969-03-01,115.0
1969-03-02,118.0
1969-03-03,126.0
1969-03-04,136.0
1969-03-05,144.0
1969-03-06,140.0
1969-03-07,140.0
1969-03-08,144.0
1969-03-09,140.0
1969-03-10,152.0
1969-03-11,144.0
1969-03-12,140.0
1969-03-13,134.0
1969-03-14,130.0
1969-03-15,130.0
1969-03-16,130.0
1969-03-17,130.0
1969-03-18,135.0
1969-03-19,143.0
1969-03-20,124.0
1969-03-21,134.0
1969-03-22,156.0
1969-03-23,176.0
1969-03-24,176.0
1969-03-25,169.0
1969-03-26,166.0
1969-03-27,182.0
1969-03-28,189.0
1969-03-29,198.0
1969-03-30,203.0
1969-03-31,209.0
1969-04-01,174.0
1969-04-02,154.0
1969-04-03,164.0
1969-04-04,176.0
1969-04-05,164.0
1969-04-06,176.0
1969-04-07,176.0
1969-04-08,154.0
1969-04-09,214.0
1969-04-10,220.0
1969-04-11,268.0
1969-04-12,284.0
1969-04-13,290.0
1969-04-14,274.0
1969-04-15,203.0
1969-04-16,200.0
1969-04-17,195.0
1969-04-18,174.0
1969-04-19,182.0
1969-04-20,187.0
1969-04-21,203.0
1969-04-22,294.0
1969-04-23,368.0
1969-04-24,425.0
1969-04-25,433.0
1969-04-26,393.0
1969-04-27,385.0
1969-04-28,374.0
1969-04-29,326.0
1969-04-30,346.0
1969-05-01,360.0
1969-05-02,393.0
1969-05-03,397.0
1969-05-04,382.0
1969-05-05,461.0
1969-05-06,676.0
1969-05-07,1890.0
1969-05-08,1650.0
1969-05-09,1320.0
1969-05-10,1280.0
1969-05-11,1230.0
1969-05-12,1140.0
1969-05-13,1080.0
1969-05-14,1030.0
1969-05-15,1000.0
1969-05-16,1090.0
1969-05-17,1020.0
1969-05-18,1000.0
1969-05-19,1020.0
1969-05-20,1020.0
1969-05-21,1100.0
1969-05-22,1040.0
1969-05-23,1050.0
1969-05-24,936.0
1969-05-25,908.0
1969-05-26,908.0
1969-05-27,963.0
1969-05-28,930.0
1969-05-29,930.0
1969-05-30,886.0
1969-05-31,919.0
1969-06-01,804.0
1969-06-02,680.0
1969-06-03,625.0
1969-06-04,610.0
1969-06-05,738.0
1969-06-06,853.0
1969-06-07,886.0
1969-06-08,946.0
1969-06-09,1050.0
1969-06-10,1150.0
1969-06-11,1200.0
1969-06-12,1230.0
1969-06-13,1210.0
1969-06-14,1310.0
1969-06-15,1530.0
1969-06-16,1870.0
1969-06-17,2220.0
1969-06-18,2750.0
1969-06-19,3160.0
1969-06-20,2870.0
1969-06-21,2460.0
1969-06-22,2070.0
1969-06-23,1790.0
1969-06-24,1610.0
1969-06-25,1500.0
1969-06-26,1430.0
1969-06-27,1320.0
1969-06-28,1200.0
1969-06-29,1100.0
1969-06-30,1030.0
1969-07-01,958.0
1969-07-02,914.0
1969-07-03,858.0
1969-07-04,820.0
1969-07-05,875.0
1969-07-06,974.0
1969-07-07,974.0
1969-07-08,902.0
1969-07-09,804.0
1969-07-10,700.0
1969-07-11,690.0
1969-07-12,804.0
1969-07-13,792.0
1969-07-14,831.0
1969-07-15,930.0
1969-07-16,980.0
1969-07-17,996.0
1969-07-18,985.0
1969-07-19,1010.0
1969-07-20,1100.0
1969-07-21,1030.0
1969-07-22,787.0
1969-07-23,732.0
1969-07-24,743.0
1969-07-25,941.0
1969-07-26,941.0
1969-07-27,930.0
1969-07-28,919.0
1969-07-29,902.0
1969-07-30,880.0
1969-07-31,1000.0
1969-08-01,958.0
1969-08-02,936.0
1969-08-03,958.0
1969-08-04,1030.0
1969-08-05,1020.0
1969-08-06,1010.0
1969-08-07,1000.0
1969-08-08,864.0
1969-08-09,710.0
1969-08-10,765.0
1969-08-11,721.0
1969-08-12,721.0
1969-08-13,716.0
1969-08-14,721.0
1969-08-15,738.0
1969-08-16,748.0
1969-08-17,732.0
1969-08-18,732.0
1969-08-19,716.0
1969-08-20,660.0
1969-08-21,716.0
1969-08-22,726.0
1969-08-23,732.0
1969-08-24,842.0
1969-08-25,848.0
1969-08-26,826.0
1969-08-27,700.0
1969-08-28,496.0
1969-08-29,560.0
1969-08-30,595.0
1969-08-31,590.0
1969-09-01,535.0
1969-09-02,540.0
1969-09-03,488.0
1969-09-04,525.0
1969-09-05,488.0
1969-09-06,429.0
1969-09-07,413.0
1969-09-08,417.0
1969-09-09,595.0
1969-09-10,640.0
1969-09-11,635.0
1969-09-12,640.0
1969-09-13,615.0
1969-09-14,550.0
1969-09-15,483.0
1969-09-16,525.0
1969-09-17,595.0
1969-09-18,565.0
1969-09-19,496.0
1969-09-20,417.0
1969-09-21,409.0
1969-09-22,389.0
1969-09-23,378.0
1969-09-24,287.0
1969-09-25,256.0
1969-09-26,250.0
1969-09-27,247.0
1969-09-28,250.0
1969-09-29,287.0
1969-09-30,336.0
1969-10-01,354.0
1969-10-02,322.0
1969-10-03,409.0
1969-10-04,326.0
1969-10-05,247.0
1969-10-06,226.0
1969-10-07,229.0
1969-10-08,256.0
1969-10-09,274.0
1969-10-10,294.0
1969-10-11,301.0
1969-10-12,268.0
1969-10-13,277.0
1969-10-14,421.0
1969-10-15,378.0
1969-10-16,332.0
1969-10-17,350.0
1969-10-18,368.0
1969-10-19,374.0
1969-10-20,364.0
1969-10-21,364.0
1969-10-22,368.0
1969-10-23,371.0
1969-10-24,354.0
1969-10-25,382.0
1969-10-26,393.0
1969-10-27,385.0
1969-10-28,441.0
1969-10-29,560.0
1969-10-30,590.0
1969-10-31,570.0
1969-11-01,575.0
1969-11-02,525.0
1969-11-03,465.0
1969-11-04,496.0
1969-11-05,496.0
1969-11-06,474.0
1969-11-07,461.0
1969-11-08,461.0
1969-11-09,449.0
1969-11-10,453.0
1969-11-11,445.0
1969-11-12,453.0
1969-11-13,449.0
1969-11-14,425.0
1969-11-15,429.0
1969-11-16,433.0
1969-11-17,429.0
1969-11-18,340.0
1969-11-19,308.0
1969-11-20,382.0
1969-11-21,371.0
1969-11-22,368.0
1969-11-23,346.0
1969-11-24,301.0
1969-11-25,290.0
1969-11-26,277.0
1969-11-27,250.0
1969-11-28,217.0
1969-11-29,214.0
1969-11-30,223.0
1969-12-01,247.0
1969-12-02,259.0
1969-12-03,259.0
1969-12-04,274.0
1969-12-05,277.0
1969-12-06,262.0
1969-12-07,206.0
1969-12-08,189.0
1969-12-09,198.0
1969-12-10,235.0
1969-12-11,217.0
1969-12-12,241.0
1969-12-13,304.0
1969-12-14,271.0
1969-12-15,256.0
1969-12-16,232.0
1969-12-17,223.0
1969-12-18,226.0
1969-12-19,226.0
1969-12-20,232.0
1969-12-21,229.0
1969-12-22,253.0
1969-12-23,217.0
1969-12-24,241.0
1969-12-25,209.0
1969-12-26,229.0
1969-12-27,247.0
1969-12-28,232.0
1969-12-29,192.0
1969-12-30,174.0
1969-12-31,187.0
1970-01-01,195.0
1970-01-02,206.0
1970-01-03,179.0
1970-01-04,189.0
1970-01-05,190.0
1970-01-06,190.0
1970-01-07,190.0
1970-01-08,195.0
1970-01-09,195.0
1970-01-10,200.0
1970-01-11,210.0
1970-01-12,220.0
1970-01-13,223.0
1970-01-14,215.0
1970-01-15,210.0
1970-01-16,210.0
1970-01-17,215.0
1970-01-18,220.0
1970-01-19,220.0
1970-01-20,210.0
1970-01-21,200.0
1970-01-22,205.0
1970-01-23,210.0
1970-01-24,210.0
1970-01-25,203.0
1970-01-26,195.0
1970-01-27,198.0
1970-01-28,198.0
1970-01-29,161.0
1970-01-30,149.0
1970-01-31,179.0
1970-02-01,189.0
1970-02-02,179.0
1970-02-03,184.0
1970-02-04,171.0
1970-02-05,164.0
1970-02-06,171.0
1970-02-07,174.0
1970-02-08,174.0
1970-02-09,166.0
1970-02-10,166.0
1970-02-11,179.0
1970-02-12,179.0
1970-02-13,189.0
1970-02-14,192.0
1970-02-15,174.0
1970-02-16,176.0
1970-02-17,176.0
1970-02-18,171.0
1970-02-19,134.0
1970-02-20,122.0
1970-02-21,152.0
1970-02-22,169.0
1970-02-23,169.0
1970-02-24,171.0
1970-02-25,176.0
1970-02-26,159.0
1970-02-27,149.0
1970-02-28,159.0
1970-03-01,176.0
1970-03-02,187.0
1970-03-03,182.0
1970-03-04,174.0
1970-03-05,176.0
1970-03-06,187.0
1970-03-07,182.0
1970-03-08,189.0
1970-03-09,195.0
1970-03-10,198.0
1970-03-11,176.0
1970-03-12,156.0
1970-03-13,164.0
1970-03-14,176.0
1970-03-15,184.0
1970-03-16,187.0
1970-03-17,187.0
1970-03-18,189.0
1970-03-19,154.0
1970-03-20,142.0
1970-03-21,166.0
1970-03-22,179.0
1970-03-23,166.0
1970-03-24,174.0
1970-03-25,200.0
1970-03-26,179.0
1970-03-27,192.0
1970-03-28,161.0
1970-03-29,200.0
1970-03-30,200.0
1970-03-31,192.0
1970-04-01,187.0
1970-04-02,189.0
1970-04-03,209.0
1970-04-04,200.0
1970-04-05,232.0
1970-04-06,265.0
1970-04-07,368.0
1970-04-08,441.0
1970-04-09,515.0
1970-04-10,570.0
1970-04-11,550.0
1970-04-12,525.0
1970-04-13,506.0
1970-04-14,520.0
1970-04-15,535.0
1970-04-16,585.0
1970-04-17,650.0
1970-04-18,710.0
1970-04-19,738.0
1970-04-20,748.0
1970-04-21,726.0
1970-04-22,700.0
1970-04-23,625.0
1970-04-24,610.0
1970-04-25,630.0
1970-04-26,782.0
1970-04-27,996.0
1970-04-28,2400.0
1970-04-29,4850.0
1970-04-30,4700.0
1970-05-01,4010.0
1970-05-02,3060.0
1970-05-03,2560.0
1970-05-04,2360.0
1970-05-05,3180.0
1970-05-06,3520.0
1970-05-07,3270.0
1970-05-08,2920.0
1970-05-09,2670.0
1970-05-10,2400.0
1970-05-11,2320.0
1970-05-12,2250.0
1970-05-13,2270.0
1970-05-14,2210.0
1970-05-15,2040.0
1970-05-16,1840.0
1970-05-17,1820.0
1970-05-18,1970.0
1970-05-19,2110.0
1970-05-20,2100.0
1970-05-21,2100.0
1970-05-22,2120.0
1970-05-23,2220.0
1970-05-24,2220.0
1970-05-25,2260.0
1970-05-26,2290.0
1970-05-27,2320.0
1970-05-28,2260.0
1970-05-29,2240.0
1970-05-30,2220.0
1970-05-31,2250.0
1970-06-01,2190.0
1970-06-02,2140.0
1970-06-03,2070.0
1970-06-04,1900.0
1970-06-05,1770.0
1970-06-06,1700.0
1970-06-07,1650.0
1970-06-08,1690.0
1970-06-09,1660.0
1970-06-10,1570.0
1970-06-11,1960.0
1970-06-12,2120.0
1970-06-13,2450.0
1970-06-14,2360.0
1970-06-15,2050.0
1970-06-16,1850.0
1970-06-17,1730.0
1970-06-18,1660.0
1970-06-19,1630.0
1970-06-20,1540.0
1970-06-21,1540.0
1970-06-22,1650.0
1970-06-23,1990.0
1970-06-24,2090.0
1970-06-25,2130.0
1970-06-26,2070.0
1970-06-27,2000.0
1970-06-28,1900.0
1970-06-29,1880.0
1970-06-30,1680.0
1970-07-01,1510.0
1970-07-02,1400.0
1970-07-03,1320.0
1970-07-04,1340.0
1970-07-05,1370.0
1970-07-06,1350.0
1970-07-07,1470.0
1970-07-08,1510.0
1970-07-09,1580.0
1970-07-10,1540.0
1970-07-11,1620.0
1970-07-12,1690.0
1970-07-13,1560.0
1970-07-14,1420.0
1970-07-15,1350.0
1970-07-16,1300.0
1970-07-17,1260.0
1970-07-18,1210.0
1970-07-19,1090.0
1970-07-20,1000.0
1970-07-21,946.0
1970-07-22,974.0
1970-07-23,1030.0
1970-07-24,897.0
1970-07-25,930.0
1970-07-26,902.0
1970-07-27,952.0
1970-07-28,946.0
1970-07-29,914.0
1970-07-30,875.0
1970-07-31,952.0
1970-08-01,990.0
1970-08-02,936.0
1970-08-03,941.0
1970-08-04,1050.0
1970-08-05,908.0
1970-08-06,886.0
1970-08-07,952.0
1970-08-08,1110.0
1970-08-09,1180.0
1970-08-10,1170.0
1970-08-11,941.0
1970-08-12,1000.0
1970-08-13,963.0
1970-08-14,776.0
1970-08-15,754.0
1970-08-16,760.0
1970-08-17,809.0
1970-08-18,858.0
1970-08-19,880.0
1970-08-20,914.0
1970-08-21,936.0
1970-08-22,831.0
1970-08-23,842.0
1970-08-24,814.0
1970-08-25,804.0
1970-08-26,770.0
1970-08-27,743.0
1970-08-28,655.0
1970-08-29,595.0
1970-08-30,595.0
1970-08-31,625.0
1970-09-01,470.0
1970-09-02,478.0
1970-09-03,457.0
1970-09-04,457.0
1970-09-05,465.0
1970-09-06,470.0
1970-09-07,417.0
1970-09-08,389.0
1970-09-09,360.0
1970-09-10,298.0
1970-09-11,287.0
1970-09-12,268.0
1970-09-13,312.0
1970-09-14,312.0
1970-09-15,280.0
1970-09-16,271.0
1970-09-17,265.0
1970-09-18,271.0
1970-09-19,312.0
1970-09-20,354.0
1970-09-21,357.0
1970-09-22,437.0
1970-09-23,433.0
1970-09-24,449.0
1970-09-25,483.0
1970-09-26,488.0
1970-09-27,457.0
1970-09-28,441.0
1970-09-29,429.0
1970-09-30,433.0
1970-10-01,425.0
1970-10-02,405.0
1970-10-03,360.0
1970-10-04,357.0
1970-10-05,354.0
1970-10-06,346.0
1970-10-07,312.0
1970-10-08,271.0
1970-10-09,209.0
1970-10-10,244.0
1970-10-11,247.0
1970-10-12,226.0
1970-10-13,226.0
1970-10-14,220.0
1970-10-15,220.0
1970-10-16,217.0
1970-10-17,182.0
1970-10-18,166.0
1970-10-19,182.0
1970-10-20,346.0
1970-10-21,343.0
1970-10-22,290.0
1970-10-23,274.0
1970-10-24,287.0
1970-10-25,326.0
1970-10-26,326.0
1970-10-27,312.0
1970-10-28,301.0
1970-10-29,322.0
1970-10-30,329.0
1970-10-31,318.0
1970-11-01,312.0
1970-11-02,277.0
1970-11-03,232.0
1970-11-04,184.0
1970-11-05,166.0
1970-11-06,195.0
1970-11-07,182.0
1970-11-08,182.0
1970-11-09,159.0
1970-11-10,169.0
1970-11-11,174.0
1970-11-12,166.0
1970-11-13,195.0
1970-11-14,203.0
1970-11-15,198.0
1970-11-16,232.0
1970-11-17,235.0
1970-11-18,244.0
1970-11-19,247.0
1970-11-20,217.0
1970-11-21,238.0
1970-11-22,247.0
1970-11-23,226.0
1970-11-24,253.0
1970-11-25,271.0
1970-11-26,265.0
1970-11-27,253.0
1970-11-28,244.0
1970-11-29,235.0
1970-11-30,256.0
1970-12-01,232.0
1970-12-02,187.0
1970-12-03,198.0
1970-12-04,189.0
1970-12-05,189.0
1970-12-06,187.0
1970-12-07,176.0
1970-12-08,200.0
1970-12-09,214.0
1970-12-10,220.0
1970-12-11,156.0
1970-12-12,134.0
1970-12-13,111.0
1970-12-14,101.0
1970-12-15,110.0
1970-12-16,115.0
1970-12-17,125.0
1970-12-18,160.0
1970-12-19,190.0
1970-12-20,185.0
1970-12-21,185.0
1970-12-22,185.0
1970-12-23,190.0
1970-12-24,190.0
1970-12-25,195.0
1970-12-26,195.0
1970-12-27,195.0
1970-12-28,195.0
1970-12-29,190.0
1970-12-30,195.0
1970-12-31,200.0
1971-01-01,195.0
1971-01-02,185.0
1971-01-03,175.0
1971-01-04,165.0
1971-01-05,160.0
1971-01-06,155.0
1971-01-07,160.0
1971-01-08,170.0
1971-01-09,180.0
1971-01-10,180.0
1971-01-11,180.0
1971-01-12,175.0
1971-01-13,175.0
1971-01-14,170.0
1971-01-15,175.0
1971-01-16,180.0
1971-01-17,185.0
1971-01-18,185.0
1971-01-19,180.0
1971-01-20,180.0
1971-01-21,175.0
1971-01-22,170.0
1971-01-23,170.0
1971-01-24,170.0
1971-01-25,175.0
1971-01-26,180.0
1971-01-27,180.0
1971-01-28,180.0
1971-01-29,182.0
1971-01-30,182.0
1971-01-31,189.0
1971-02-01,195.0
1971-02-02,189.0
1971-02-03,187.0
1971-02-04,179.0
1971-02-05,171.0
1971-02-06,159.0
1971-02-07,155.0
1971-02-08,165.0
1971-02-09,175.0
1971-02-10,180.0
1971-02-11,192.0
1971-02-12,179.0
1971-02-13,179.0
1971-02-14,182.0
1971-02-15,179.0
1971-02-16,179.0
1971-02-17,174.0
1971-02-18,182.0
1971-02-19,174.0
1971-02-20,156.0
1971-02-21,140.0
1971-02-22,125.0
1971-02-23,130.0
1971-02-24,130.0
1971-02-25,130.0
1971-02-26,122.0
1971-02-27,109.0
1971-02-28,105.0
1971-03-01,95.0
1971-03-02,85.0
1971-03-03,90.0
1971-03-04,95.0
1971-03-05,102.0
1971-03-06,90.0
1971-03-07,90.0
1971-03-08,113.0
1971-03-09,124.0
1971-03-10,122.0
1971-03-11,130.0
1971-03-12,136.0
1971-03-13,159.0
1971-03-14,169.0
1971-03-15,144.0
1971-03-16,152.0
1971-03-17,156.0
1971-03-18,144.0
1971-03-19,131.0
1971-03-20,151.0
1971-03-21,176.0
1971-03-22,187.0
1971-03-23,198.0
1971-03-24,223.0
1971-03-25,212.0
1971-03-26,217.0
1971-03-27,284.0
1971-03-28,265.0
1971-03-29,247.0
1971-03-30,226.0
1971-03-31,220.0
1971-04-01,192.0
1971-04-02,166.0
1971-04-03,169.0
1971-04-04,166.0
1971-04-05,144.0
1971-04-06,136.0
1971-04-07,164.0
1971-04-08,161.0
1971-04-09,159.0
1971-04-10,235.0
1971-04-11,253.0
1971-04-12,301.0
1971-04-13,360.0
1971-04-14,397.0
1971-04-15,425.0
1971-04-16,401.0
1971-04-17,374.0
1971-04-18,354.0
1971-04-19,354.0
1971-04-20,340.0
1971-04-21,326.0
1971-04-22,346.0
1971-04-23,360.0
1971-04-24,409.0
1971-04-25,437.0
1971-04-26,492.0
1971-04-27,470.0
1971-04-28,483.0
1971-04-29,474.0
1971-04-30,433.0
1971-05-01,413.0
1971-05-02,429.0
1971-05-03,461.0
1971-05-04,515.0
1971-05-05,515.0
1971-05-06,457.0
1971-05-07,401.0
1971-05-08,409.0
1971-05-09,405.0
1971-05-10,409.0
1971-05-11,409.0
1971-05-12,393.0
1971-05-13,405.0
1971-05-14,433.0
1971-05-15,409.0
1971-05-16,417.0
1971-05-17,457.0
1971-05-18,409.0
1971-05-19,385.0
1971-05-20,374.0
1971-05-21,364.0
1971-05-22,385.0
1971-05-23,417.0
1971-05-24,389.0
1971-05-25,378.0
1971-05-26,405.0
1971-05-27,496.0
1971-05-28,496.0
1971-05-29,535.0
1971-05-30,520.0
1971-05-31,449.0
1971-06-01,449.0
1971-06-02,520.0
1971-06-03,560.0
1971-06-04,565.0
1971-06-05,525.0
1971-06-06,501.0
1971-06-07,525.0
1971-06-08,565.0
1971-06-09,685.0
1971-06-10,695.0
1971-06-11,670.0
1971-06-12,680.0
1971-06-13,645.0
1971-06-14,655.0
1971-06-15,685.0
1971-06-16,710.0
1971-06-17,754.0
1971-06-18,804.0
1971-06-19,776.0
1971-06-20,820.0
1971-06-21,892.0
1971-06-22,974.0
1971-06-23,974.0
1971-06-24,1020.0
1971-06-25,1060.0
1971-06-26,1060.0
1971-06-27,1060.0
1971-06-28,1050.0
1971-06-29,985.0
1971-06-30,826.0
1971-07-01,765.0
1971-07-02,726.0
1971-07-03,700.0
1971-07-04,700.0
1971-07-05,660.0
1971-07-06,670.0
1971-07-07,732.0
1971-07-08,820.0
1971-07-09,924.0
1971-07-10,892.0
1971-07-11,820.0
1971-07-12,787.0
1971-07-13,814.0
1971-07-14,831.0
1971-07-15,792.0
1971-07-16,770.0
1971-07-17,680.0
1971-07-18,665.0
1971-07-19,892.0
1971-07-20,958.0
1971-07-21,985.0
1971-07-22,1110.0
1971-07-23,1150.0
1971-07-24,1160.0
1971-07-25,1050.0
1971-07-26,974.0
1971-07-27,924.0
1971-07-28,804.0
1971-07-29,645.0
1971-07-30,530.0
1971-07-31,378.0
1971-08-01,340.0
1971-08-02,340.0
1971-08-03,525.0
1971-08-04,535.0
1971-08-05,585.0
1971-08-06,580.0
1971-08-07,575.0
1971-08-08,575.0
1971-08-09,570.0
1971-08-10,630.0
1971-08-11,610.0
1971-08-12,610.0
1971-08-13,625.0
1971-08-14,630.0
1971-08-15,600.0
1971-08-16,605.0
1971-08-17,605.0
1971-08-18,630.0
1971-08-19,700.0
1971-08-20,792.0
1971-08-21,754.0
1971-08-22,680.0
1971-08-23,635.0
1971-08-24,620.0
1971-08-25,615.0
1971-08-26,620.0
1971-08-27,660.0
1971-08-28,690.0
1971-08-29,716.0
1971-08-30,738.0
1971-08-31,721.0
1971-09-01,685.0
1971-09-02,660.0
1971-09-03,630.0
1971-09-04,625.0
1971-09-05,585.0
1971-09-06,483.0
1971-09-07,409.0
1971-09-08,441.0
1971-09-09,433.0
1971-09-10,393.0
1971-09-11,374.0
1971-09-12,360.0
1971-09-13,354.0
1971-09-14,378.0
1971-09-15,385.0
1971-09-16,382.0
1971-09-17,413.0
1971-09-18,397.0
1971-09-19,315.0
1971-09-20,298.0
1971-09-21,326.0
1971-09-22,336.0
1971-09-23,336.0
1971-09-24,340.0
1971-09-25,336.0
1971-09-26,318.0
1971-09-27,294.0
1971-09-28,262.0
1971-09-29,247.0
1971-09-30,223.0
1971-10-01,235.0
1971-10-02,232.0
1971-10-03,215.0
1971-10-04,215.0
1971-10-05,212.0
1971-10-06,210.0
1971-10-07,208.0
1971-10-08,202.0
1971-10-09,200.0
1971-10-10,198.0
1971-10-11,195.0
1971-10-12,195.0
1971-10-13,192.0
1971-10-14,190.0
1971-10-15,182.0
1971-10-16,182.0
1971-10-17,188.0
1971-10-18,205.0
1971-10-19,190.0
1971-10-20,182.0
1971-10-21,192.0
1971-10-22,195.0
1971-10-23,198.0
1971-10-24,190.0
1971-10-25,192.0
1971-10-26,192.0
1971-10-27,202.0
1971-10-28,200.0
1971-10-29,185.0
1971-10-30,170.0
1971-10-31,170.0
1971-11-01,205.0
1971-11-02,220.0
1971-11-03,185.0
1971-11-04,208.0
1971-11-05,218.0
1971-11-06,202.0
1971-11-07,195.0
1971-11-08,200.0
1971-11-09,190.0
1971-11-10,190.0
1971-11-11,195.0
1971-11-12,198.0
1971-11-13,195.0
1971-11-14,178.0
1971-11-15,164.0
1971-11-16,182.0
1971-11-17,175.0
1971-11-18,148.0
1971-11-19,115.0
1971-11-20,122.0
1971-11-21,168.0
1971-11-22,180.0
1971-11-23,157.0
1971-11-24,140.0
1971-11-25,140.0
1971-11-26,144.0
1971-11-27,146.0
1971-11-28,140.0
1971-11-29,109.0
1971-11-30,100.0
1971-12-01,112.0
1971-12-02,115.0
1971-12-03,102.0
1971-12-04,103.0
1971-12-05,106.0
1971-12-06,120.0
1971-12-07,140.0
1971-12-08,140.0
1971-12-09,150.0
1971-12-10,165.0
1971-12-11,170.0
1971-12-12,170.0
1971-12-13,180.0
1971-12-14,170.0
1971-12-15,165.0
1971-12-16,160.0
1971-12-17,155.0
1971-12-18,165.0
1971-12-19,185.0
1971-12-20,180.0
1971-12-21,170.0
1971-12-22,170.0
1971-12-23,185.0
1971-12-24,180.0
1971-12-25,180.0
1971-12-26,185.0
1971-12-27,185.0
1971-12-28,164.0
1971-12-29,164.0
1971-12-30,166.0
1971-12-31,159.0
1972-01-01,165.0
1972-01-02,165.0
1972-01-03,150.0
1972-01-04,120.0
1972-01-05,150.0
1972-01-06,170.0
1972-01-07,180.0
1972-01-08,175.0
1972-01-09,170.0
1972-01-10,165.0
1972-01-11,160.0
1972-01-12,160.0
1972-01-13,160.0
1972-01-14,155.0
1972-01-15,150.0
1972-01-16,160.0
1972-01-17,160.0
1972-01-18,165.0
1972-01-19,165.0
1972-01-20,165.0
1972-01-21,160.0
1972-01-22,160.0
1972-01-23,160.0
1972-01-24,160.0
1972-01-25,155.0
1972-01-26,150.0
1972-01-27,145.0
1972-01-28,150.0
1972-01-29,155.0
1972-01-30,140.0
1972-01-31,135.0
1972-02-01,145.0
1972-02-02,135.0
1972-02-03,130.0
1972-02-04,120.0
1972-02-05,135.0
1972-02-06,155.0
1972-02-07,150.0
1972-02-08,150.0
1972-02-09,150.0
1972-02-10,155.0
1972-02-11,155.0
1972-02-12,161.0
1972-02-13,154.0
1972-02-14,164.0
1972-02-15,166.0
1972-02-16,154.0
1972-02-17,154.0
1972-02-18,157.0
1972-02-19,161.0
1972-02-20,161.0
1972-02-21,164.0
1972-02-22,166.0
1972-02-23,170.0
1972-02-24,173.0
1972-02-25,161.0
1972-02-26,157.0
1972-02-27,164.0
1972-02-28,164.0
1972-02-29,170.0
1972-03-01,178.0
1972-03-02,161.0
1972-03-03,175.0
1972-03-04,178.0
1972-03-05,173.0
1972-03-06,185.0
1972-03-07,195.0
1972-03-08,208.0
1972-03-09,225.0
1972-03-10,248.0
1972-03-11,271.0
1972-03-12,292.0
1972-03-13,316.0
1972-03-14,347.0
1972-03-15,350.0
1972-03-16,301.0
1972-03-17,250.0
1972-03-18,218.0
1972-03-19,205.0
1972-03-20,192.0
1972-03-21,185.0
1972-03-22,180.0
1972-03-23,182.0
1972-03-24,173.0
1972-03-25,161.0
1972-03-26,168.0
1972-03-27,180.0
1972-03-28,265.0
1972-03-29,212.0
1972-03-30,164.0
1972-03-31,178.0
1972-04-01,152.0
1972-04-02,152.0
1972-04-03,150.0
1972-04-04,218.0
1972-04-05,240.0
1972-04-06,250.0
1972-04-07,265.0
1972-04-08,265.0
1972-04-09,262.0
1972-04-10,280.0
1972-04-11,403.0
1972-04-12,414.0
1972-04-13,496.0
1972-04-14,470.0
1972-04-15,331.0
1972-04-16,316.0
1972-04-17,295.0
1972-04-18,347.0
1972-04-19,289.0
1972-04-20,250.0
1972-04-21,240.0
1972-04-22,238.0
1972-04-23,245.0
1972-04-24,313.0
1972-04-25,396.0
1972-04-26,389.0
1972-04-27,202.0
1972-04-28,178.0
1972-04-29,188.0
1972-04-30,200.0
1972-05-01,200.0
1972-05-02,192.0
1972-05-03,212.0
1972-05-04,307.0
1972-05-05,322.0
1972-05-06,372.0
1972-05-07,364.0
1972-05-08,364.0
1972-05-09,386.0
1972-05-10,431.0
1972-05-11,459.0
1972-05-12,452.0
1972-05-13,448.0
1972-05-14,445.0
1972-05-15,445.0
1972-05-16,480.0
1972-05-17,528.0
1972-05-18,524.0
1972-05-19,520.0
1972-05-20,504.0
1972-05-21,524.0
1972-05-22,604.0
1972-05-23,604.0
1972-05-24,592.0
1972-05-25,588.0
1972-05-26,614.0
1972-05-27,708.0
1972-05-28,717.0
1972-05-29,766.0
1972-05-30,744.0
1972-05-31,762.0
1972-06-01,800.0
1972-06-02,820.0
1972-06-03,825.0
1972-06-04,850.0
1972-06-05,925.0
1972-06-06,1090.0
1972-06-07,753.0
1972-06-08,614.0
1972-06-09,592.0
1972-06-10,636.0
1972-06-11,600.0
1972-06-12,576.0
1972-06-13,588.0
1972-06-14,556.0
1972-06-15,528.0
1972-06-16,704.0
1972-06-17,694.0
1972-06-18,699.0
1972-06-19,699.0
1972-06-20,748.0
1972-06-21,681.0
1972-06-22,636.0
1972-06-23,717.0
1972-06-24,632.0
1972-06-25,622.0
1972-06-26,636.0
1972-06-27,735.0
1972-06-28,815.0
1972-06-29,800.0
1972-06-30,766.0
1972-07-01,708.0
1972-07-02,704.0
1972-07-03,668.0
1972-07-04,568.0
1972-07-05,564.0
1972-07-06,564.0
1972-07-07,596.0
1972-07-08,588.0
1972-07-09,592.0
1972-07-10,627.0
1972-07-11,618.0
1972-07-12,627.0
1972-07-13,658.0
1972-07-14,654.0
1972-07-15,658.0
1972-07-16,658.0
1972-07-17,650.0
1972-07-18,645.0
1972-07-19,618.0
1972-07-20,560.0
1972-07-21,560.0
1972-07-22,540.0
1972-07-23,524.0
1972-07-24,528.0
1972-07-25,532.0
1972-07-26,564.0
1972-07-27,588.0
1972-07-28,722.0
1972-07-29,717.0
1972-07-30,708.0
1972-07-31,722.0
1972-08-01,744.0
1972-08-02,636.0
1972-08-03,627.0
1972-08-04,592.0
1972-08-05,540.0
1972-08-06,410.0
1972-08-07,392.0
1972-08-08,627.0
1972-08-09,722.0
1972-08-10,712.0
1972-08-11,686.0
1972-08-12,658.0
1972-08-13,632.0
1972-08-14,632.0
1972-08-15,663.0
1972-08-16,708.0
1972-08-17,704.0
1972-08-18,614.0
1972-08-19,528.0
1972-08-20,428.0
1972-08-21,414.0
1972-08-22,414.0
1972-08-23,403.0
1972-08-24,386.0
1972-08-25,230.0
1972-08-26,230.0
1972-08-27,230.0
1972-08-28,265.0
1972-08-29,277.0
1972-08-30,331.0
1972-08-31,354.0
1972-09-01,520.0
1972-09-02,476.0
1972-09-03,337.0
1972-09-04,316.0
1972-09-05,310.0
1972-09-06,334.0
1972-09-07,298.0
1972-09-08,292.0
1972-09-09,289.0
1972-09-10,298.0
1972-09-11,226.0
1972-09-12,195.0
1972-09-13,220.0
1972-09-14,240.0
1972-09-15,295.0
1972-09-16,292.0
1972-09-17,289.0
1972-09-18,286.0
1972-09-19,259.0
1972-09-20,268.0
1972-09-21,262.0
1972-09-22,198.0
1972-09-23,136.0
1972-09-24,129.0
1972-09-25,129.0
1972-09-26,129.0
1972-09-27,185.0
1972-09-28,198.0
1972-09-29,283.0
1972-09-30,286.0
1972-10-01,286.0
1972-10-02,301.0
1972-10-03,361.0
1972-10-04,378.0
1972-10-05,420.0
1972-10-06,420.0
1972-10-07,420.0
1972-10-08,431.0
1972-10-09,431.0
1972-10-10,186.0
1972-10-11,144.0
1972-10-12,347.0
1972-10-13,350.0
1972-10-14,350.0
1972-10-15,350.0
1972-10-16,350.0
1972-10-17,321.0
1972-10-18,182.0
1972-10-19,182.0
1972-10-20,182.0
1972-10-21,180.0
1972-10-22,180.0
1972-10-23,178.0
1972-10-24,180.0
1972-10-25,182.0
1972-10-26,178.0
1972-10-27,173.0
1972-10-28,178.0
1972-10-29,175.0
1972-10-30,168.0
1972-10-31,148.0
1972-11-01,132.0
1972-11-02,150.0
1972-11-03,159.0
1972-11-04,150.0
1972-11-05,159.0
1972-11-06,168.0
1972-11-07,154.0
1972-11-08,161.0
1972-11-09,185.0
1972-11-10,146.0
1972-11-11,157.0
1972-11-12,168.0
1972-11-13,150.0
1972-11-14,127.0
1972-11-15,150.0
1972-11-16,138.0
1972-11-17,122.0
1972-11-18,162.0
1972-11-19,195.0
1972-11-20,198.0
1972-11-21,200.0
1972-11-22,175.0
1972-11-23,208.0
1972-11-24,218.0
1972-11-25,222.0
1972-11-26,238.0
1972-11-27,228.0
1972-11-28,132.0
1972-11-29,136.0
1972-11-30,154.0
1972-12-01,180.0
1972-12-02,159.0
1972-12-03,148.0
1972-12-04,154.0
1972-12-05,125.0
1972-12-06,110.0
1972-12-07,125.0
1972-12-08,150.0
1972-12-09,155.0
1972-12-10,150.0
1972-12-11,150.0
1972-12-12,180.0
1972-12-13,180.0
1972-12-14,170.0
1972-12-15,170.0
1972-12-16,160.0
1972-12-17,180.0
1972-12-18,195.0
1972-12-19,180.0
1972-12-20,190.0
1972-12-21,170.0
1972-12-22,175.0
1972-12-23,170.0
1972-12-24,165.0
1972-12-25,160.0
1972-12-26,155.0
1972-12-27,160.0
1972-12-28,165.0
1972-12-29,160.0
1972-12-30,140.0
1972-12-31,140.0
1973-01-01,135.0
1973-01-02,135.0
1973-01-03,130.0
1973-01-04,130.0
1973-01-05,135.0
1973-01-06,150.0
1973-01-07,175.0
1973-01-08,180.0
1973-01-09,190.0
1973-01-10,195.0
1973-01-11,190.0
1973-01-12,205.0
1973-01-13,215.0
1973-01-14,220.0
1973-01-15,225.0
1973-01-16,225.0
1973-01-17,225.0
1973-01-18,220.0
1973-01-19,220.0
1973-01-20,215.0
1973-01-21,210.0
1973-01-22,200.0
1973-01-23,175.0
1973-01-24,180.0
1973-01-25,165.0
1973-01-26,165.0
1973-01-27,165.0
1973-01-28,155.0
1973-01-29,170.0
1973-01-30,175.0
1973-01-31,180.0
1973-02-01,175.0
1973-02-02,165.0
1973-02-03,170.0
1973-02-04,175.0
1973-02-05,175.0
1973-02-06,170.0
1973-02-07,165.0
1973-02-08,165.0
1973-02-09,150.0
1973-02-10,160.0
1973-02-11,165.0
1973-02-12,170.0
1973-02-13,165.0
1973-02-14,165.0
1973-02-15,155.0
1973-02-16,155.0
1973-02-17,155.0
1973-02-18,155.0
1973-02-19,160.0
1973-02-20,155.0
1973-02-21,160.0
1973-02-22,165.0
1973-02-23,175.0
1973-02-24,185.0
1973-02-25,190.0
1973-02-26,200.0
1973-02-27,210.0
1973-02-28,205.0
1973-03-01,225.0
1973-03-02,220.0
1973-03-03,215.0
1973-03-04,210.0
1973-03-05,205.0
1973-03-06,175.0
1973-03-07,165.0
1973-03-08,170.0
1973-03-09,170.0
1973-03-10,173.0
1973-03-11,173.0
1973-03-12,182.0
1973-03-13,190.0
1973-03-14,154.0
1973-03-15,148.0
1973-03-16,148.0
1973-03-17,159.0
1973-03-18,168.0
1973-03-19,175.0
1973-03-20,175.0
1973-03-21,192.0
1973-03-22,170.0
1973-03-23,164.0
1973-03-24,170.0
1973-03-25,178.0
1973-03-26,170.0
1973-03-27,125.0
1973-03-28,114.0
1973-03-29,103.0
1973-03-30,100.0
1973-03-31,93.0
1973-04-01,94.0
1973-04-02,102.0
1973-04-03,95.0
1973-04-04,92.0
1973-04-05,110.0
1973-04-06,150.0
1973-04-07,150.0
1973-04-08,127.0
1973-04-09,146.0
1973-04-10,140.0
1973-04-11,164.0
1973-04-12,178.0
1973-04-13,218.0
1973-04-14,268.0
1973-04-15,307.0
1973-04-16,268.0
1973-04-17,283.0
1973-04-18,292.0
1973-04-19,319.0
1973-04-20,289.0
1973-04-21,289.0
1973-04-22,283.0
1973-04-23,298.0
1973-04-24,331.0
1973-04-25,389.0
1973-04-26,378.0
1973-04-27,382.0
1973-04-28,424.0
1973-04-29,500.0
1973-04-30,576.0
1973-05-01,588.0
1973-05-02,548.0
1973-05-03,536.0
1973-05-04,576.0
1973-05-05,658.0
1973-05-06,1080.0
1973-05-07,1770.0
1973-05-08,1860.0
1973-05-09,2210.0
1973-05-10,2370.0
1973-05-11,2670.0
1973-05-12,3100.0
1973-05-13,3340.0
1973-05-14,3330.0
1973-05-15,3150.0
1973-05-16,3100.0
1973-05-17,2960.0
1973-05-18,2910.0
1973-05-19,3040.0
1973-05-20,3080.0
1973-05-21,3070.0
1973-05-22,3320.0
1973-05-23,3260.0
1973-05-24,3170.0
1973-05-25,3040.0
1973-05-26,2920.0
1973-05-27,2750.0
1973-05-28,2590.0
1973-05-29,2360.0
1973-05-30,2170.0
1973-05-31,1890.0
1973-06-01,1760.0
1973-06-02,1790.0
1973-06-03,1720.0
1973-06-04,1820.0
1973-06-05,1760.0
1973-06-06,1620.0
1973-06-07,1660.0
1973-06-08,1790.0
1973-06-09,1910.0
1973-06-10,2040.0
1973-06-11,2200.0
1973-06-12,2260.0
1973-06-13,2380.0
1973-06-14,2560.0
1973-06-15,2400.0
1973-06-16,2230.0
1973-06-17,2050.0
1973-06-18,1900.0
1973-06-19,1660.0
1973-06-20,1470.0
1973-06-21,1350.0
1973-06-22,1300.0
1973-06-23,1260.0
1973-06-24,1240.0
1973-06-25,1210.0
1973-06-26,1170.0
1973-06-27,1170.0
1973-06-28,1200.0
1973-06-29,1170.0
1973-06-30,1140.0
1973-07-01,1090.0
1973-07-02,1150.0
1973-07-03,1120.0
1973-07-04,1210.0
1973-07-05,1190.0
1973-07-06,1160.0
1973-07-07,1140.0
1973-07-08,1180.0
1973-07-09,1140.0
1973-07-10,941.0
1973-07-11,936.0
1973-07-12,1000.0
1973-07-13,1150.0
1973-07-14,1280.0
1973-07-15,1360.0
1973-07-16,1440.0
1973-07-17,1590.0
1973-07-18,1630.0
1973-07-19,1880.0
1973-07-20,1730.0
1973-07-21,1520.0
1973-07-22,1330.0
1973-07-23,1120.0
1973-07-24,925.0
1973-07-25,735.0
1973-07-26,568.0
1973-07-27,528.0
1973-07-28,668.0
1973-07-29,654.0
1973-07-30,676.0
1973-07-31,762.0
1973-08-01,875.0
1973-08-02,885.0
1973-08-03,845.0
1973-08-04,900.0
1973-08-05,865.0
1973-08-06,845.0
1973-08-07,805.0
1973-08-08,762.0
1973-08-09,712.0
1973-08-10,663.0
1973-08-11,636.0
1973-08-12,735.0
1973-08-13,735.0
1973-08-14,776.0
1973-08-15,830.0
1973-08-16,810.0
1973-08-17,780.0
1973-08-18,771.0
1973-08-19,748.0
1973-08-20,681.0
1973-08-21,681.0
1973-08-22,676.0
1973-08-23,668.0
1973-08-24,726.0
1973-08-25,726.0
1973-08-26,690.0
1973-08-27,627.0
1973-08-28,681.0
1973-08-29,686.0
1973-08-30,676.0
1973-08-31,686.0
1973-09-01,681.0
1973-09-02,640.0
1973-09-03,580.0
1973-09-04,576.0
1973-09-05,540.0
1973-09-06,456.0
1973-09-07,520.0
1973-09-08,520.0
1973-09-09,512.0
1973-09-10,473.0
1973-09-11,347.0
1973-09-12,292.0
1973-09-13,248.0
1973-09-14,240.0
1973-09-15,322.0
1973-09-16,331.0
1973-09-17,350.0
1973-09-18,280.0
1973-09-19,268.0
1973-09-20,277.0
1973-09-21,340.0
1973-09-22,400.0
1973-09-23,396.0
1973-09-24,403.0
1973-09-25,431.0
1973-09-26,403.0
1973-09-27,358.0
1973-09-28,328.0
1973-09-29,253.0
1973-09-30,220.0
1973-10-01,210.0
1973-10-02,198.0
1973-10-03,185.0
1973-10-04,198.0
1973-10-05,240.0
1973-10-06,230.0
1973-10-07,250.0
1973-10-08,248.0
1973-10-09,250.0
1973-10-10,256.0
1973-10-11,274.0
1973-10-12,274.0
1973-10-13,268.0
1973-10-14,265.0
1973-10-15,259.0
1973-10-16,265.0
1973-10-17,289.0
1973-10-18,286.0
1973-10-19,286.0
1973-10-20,280.0
1973-10-21,277.0
1973-10-22,277.0
1973-10-23,280.0
1973-10-24,304.0
1973-10-25,304.0
1973-10-26,298.0
1973-10-27,274.0
1973-10-28,274.0
1973-10-29,286.0
1973-10-30,292.0
1973-10-31,283.0
1973-11-01,271.0
1973-11-02,202.0
1973-11-03,146.0
1973-11-04,148.0
1973-11-05,136.0
1973-11-06,150.0
1973-11-07,185.0
1973-11-08,195.0
1973-11-09,190.0
1973-11-10,188.0
1973-11-11,185.0
1973-11-12,182.0
1973-11-13,182.0
1973-11-14,192.0
1973-11-15,180.0
1973-11-16,182.0
1973-11-17,313.0
1973-11-18,316.0
1973-11-19,328.0
1973-11-20,316.0
1973-11-21,298.0
1973-11-22,307.0
1973-11-23,295.0
1973-11-24,188.0
1973-11-25,178.0
1973-11-26,182.0
1973-11-27,190.0
1973-11-28,178.0
1973-11-29,208.0
1973-11-30,218.0
1973-12-01,218.0
1973-12-02,215.0
1973-12-03,218.0
1973-12-04,146.0
1973-12-05,115.0
1973-12-06,115.0
1973-12-07,142.0
1973-12-08,183.0
1973-12-09,190.0
1973-12-10,171.0
1973-12-11,190.0
1973-12-12,182.0
1973-12-13,182.0
1973-12-14,205.0
1973-12-15,188.0
1973-12-16,200.0
1973-12-17,210.0
1973-12-18,212.0
1973-12-19,180.0
1973-12-20,158.0
1973-12-21,209.0
1973-12-22,222.0
1973-12-23,208.0
1973-12-24,200.0
1973-12-25,185.0
1973-12-26,178.0
1973-12-27,143.0
1973-12-28,203.0
1973-12-29,210.0
1973-12-30,191.0
1973-12-31,158.0
1974-01-01,111.0
1974-01-02,104.0
1974-01-03,106.0
1974-01-04,117.0
1974-01-05,127.0
1974-01-06,122.0
1974-01-07,164.0
1974-01-08,171.0
1974-01-09,160.0
1974-01-10,162.0
1974-01-11,162.0
1974-01-12,169.0
1974-01-13,174.0
1974-01-14,172.0
1974-01-15,161.0
1974-01-16,177.0
1974-01-17,160.0
1974-01-18,177.0
1974-01-19,202.0
1974-01-20,201.0
1974-01-21,206.0
1974-01-22,179.0
1974-01-23,182.0
1974-01-24,208.0
1974-01-25,205.0
1974-01-26,206.0
1974-01-27,205.0
1974-01-28,181.0
1974-01-29,190.0
1974-01-30,204.0
1974-01-31,204.0
1974-02-01,215.0
1974-02-02,213.0
1974-02-03,208.0
1974-02-04,210.0
1974-02-05,200.0
1974-02-06,208.0
1974-02-07,192.0
1974-02-08,170.0
1974-02-09,204.0
1974-02-10,203.0
1974-02-11,192.0
1974-02-12,182.0
1974-02-13,180.0
1974-02-14,180.0
1974-02-15,178.0
1974-02-16,175.0
1974-02-17,178.0
1974-02-18,192.0
1974-02-19,190.0
1974-02-20,200.0
1974-02-21,190.0
1974-02-22,185.0
1974-02-23,192.0
1974-02-24,185.0
1974-02-25,190.0
1974-02-26,198.0
1974-02-27,198.0
1974-02-28,200.0
1974-03-01,215.0
1974-03-02,250.0
1974-03-03,274.0
1974-03-04,242.0
1974-03-05,220.0
1974-03-06,242.0
1974-03-07,212.0
1974-03-08,218.0
1974-03-09,205.0
1974-03-10,195.0
1974-03-11,178.0
1974-03-12,178.0
1974-03-13,180.0
1974-03-14,195.0
1974-03-15,212.0
1974-03-16,212.0
1974-03-17,225.0
1974-03-18,245.0
1974-03-19,259.0
1974-03-20,242.0
1974-03-21,202.0
1974-03-22,220.0
1974-03-23,218.0
1974-03-24,195.0
1974-03-25,230.0
1974-03-26,220.0
1974-03-27,212.0
1974-03-28,220.0
1974-03-29,230.0
1974-03-30,232.0
1974-03-31,256.0
1974-04-01,250.0
1974-04-02,240.0
1974-04-03,242.0
1974-04-04,210.0
1974-04-05,208.0
1974-04-06,248.0
1974-04-07,242.0
1974-04-08,225.0
1974-04-09,230.0
1974-04-10,238.0
1974-04-11,230.0
1974-04-12,218.0
1974-04-13,230.0
1974-04-14,202.0
1974-04-15,238.0
1974-04-16,268.0
1974-04-17,289.0
1974-04-18,322.0
1974-04-19,364.0
1974-04-20,368.0
1974-04-21,350.0
1974-04-22,340.0
1974-04-23,350.0
1974-04-24,358.0
1974-04-25,364.0
1974-04-26,406.0
1974-04-27,438.0
1974-04-28,434.0
1974-04-29,428.0
1974-04-30,414.0
1974-05-01,406.0
1974-05-02,396.0
1974-05-03,400.0
1974-05-04,410.0
1974-05-05,410.0
1974-05-06,414.0
1974-05-07,540.0
1974-05-08,560.0
1974-05-09,596.0
1974-05-10,815.0
1974-05-11,668.0
1974-05-12,572.0
1974-05-13,568.0
1974-05-14,532.0
1974-05-15,500.0
1974-05-16,568.0
1974-05-17,865.0
1974-05-18,840.0
1974-05-19,860.0
1974-05-20,820.0
1974-05-21,771.0
1974-05-22,748.0
1974-05-23,699.0
1974-05-24,712.0
1974-05-25,708.0
1974-05-26,717.0
1974-05-27,753.0
1974-05-28,762.0
1974-05-29,771.0
1974-05-30,800.0
1974-05-31,776.0
1974-06-01,753.0
1974-06-02,712.0
1974-06-03,708.0
1974-06-04,694.0
1974-06-05,699.0
1974-06-06,704.0
1974-06-07,618.0
1974-06-08,600.0
1974-06-09,516.0
1974-06-10,466.0
1974-06-11,462.0
1974-06-12,428.0
1974-06-13,410.0
1974-06-14,496.0
1974-06-15,564.0
1974-06-16,588.0
1974-06-17,588.0
1974-06-18,592.0
1974-06-19,568.0
1974-06-20,650.0
1974-06-21,681.0
1974-06-22,681.0
1974-06-23,694.0
1974-06-24,690.0
1974-06-25,681.0
1974-06-26,681.0
1974-06-27,676.0
1974-06-28,672.0
1974-06-29,654.0
1974-06-30,658.0
1974-07-01,717.0
1974-07-02,735.0
1974-07-03,694.0
1974-07-04,686.0
1974-07-05,668.0
1974-07-06,672.0
1974-07-07,699.0
1974-07-08,726.0
1974-07-09,699.0
1974-07-10,663.0
1974-07-11,658.0
1974-07-12,640.0
1974-07-13,636.0
1974-07-14,588.0
1974-07-15,622.0
1974-07-16,658.0
1974-07-17,726.0
1974-07-18,758.0
1974-07-19,730.0
1974-07-20,780.0
1974-07-21,785.0
1974-07-22,835.0
1974-07-23,686.0
1974-07-24,654.0
1974-07-25,686.0
1974-07-26,780.0
1974-07-27,885.0
1974-07-28,840.0
1974-07-29,717.0
1974-07-30,544.0
1974-07-31,504.0
1974-08-01,466.0
1974-08-02,466.0
1974-08-03,552.0
1974-08-04,576.0
1974-08-05,556.0
1974-08-06,548.0
1974-08-07,576.0
1974-08-08,596.0
1974-08-09,632.0
1974-08-10,650.0
1974-08-11,650.0
1974-08-12,636.0
1974-08-13,632.0
1974-08-14,627.0
1974-08-15,600.0
1974-08-16,520.0
1974-08-17,508.0
1974-08-18,508.0
1974-08-19,512.0
1974-08-20,516.0
1974-08-21,476.0
1974-08-22,473.0
1974-08-23,476.0
1974-08-24,470.0
1974-08-25,462.0
1974-08-26,560.0
1974-08-27,622.0
1974-08-28,627.0
1974-08-29,604.0
1974-08-30,448.0
1974-08-31,438.0
1974-09-01,431.0
1974-09-02,438.0
1974-09-03,456.0
1974-09-04,431.0
1974-09-05,420.0
1974-09-06,319.0
1974-09-07,271.0
1974-09-08,265.0
1974-09-09,265.0
1974-09-10,280.0
1974-09-11,392.0
1974-09-12,400.0
1974-09-13,344.0
1974-09-14,337.0
1974-09-15,334.0
1974-09-16,350.0
1974-09-17,354.0
1974-09-18,325.0
1974-09-19,232.0
1974-09-20,225.0
1974-09-21,220.0
1974-09-22,220.0
1974-09-23,210.0
1974-09-24,205.0
1974-09-25,202.0
1974-09-26,202.0
1974-09-27,205.0
1974-09-28,212.0
1974-09-29,210.0
1974-09-30,210.0
1974-10-01,208.0
1974-10-02,210.0
1974-10-03,280.0
1974-10-04,238.0
1974-10-05,235.0
1974-10-06,238.0
1974-10-07,238.0
1974-10-08,228.0
1974-10-09,235.0
1974-10-10,238.0
1974-10-11,245.0
1974-10-12,331.0
1974-10-13,316.0
1974-10-14,331.0
1974-10-15,344.0
1974-10-16,337.0
1974-10-17,337.0
1974-10-18,310.0
1974-10-19,307.0
1974-10-20,283.0
1974-10-21,248.0
1974-10-22,212.0
1974-10-23,240.0
1974-10-24,242.0
1974-10-25,256.0
1974-10-26,235.0
1974-10-27,222.0
1974-10-28,218.0
1974-10-29,218.0
1974-10-30,230.0
1974-10-31,212.0
1974-11-01,208.0
1974-11-02,190.0
1974-11-03,175.0
1974-11-04,161.0
1974-11-05,122.0
1974-11-06,142.0
1974-11-07,159.0
1974-11-08,188.0
1974-11-09,220.0
1974-11-10,222.0
1974-11-11,208.0
1974-11-12,208.0
1974-11-13,235.0
1974-11-14,228.0
1974-11-15,222.0
1974-11-16,220.0
1974-11-17,212.0
1974-11-18,218.0
1974-11-19,212.0
1974-11-20,178.0
1974-11-21,195.0
1974-11-22,200.0
1974-11-23,200.0
1974-11-24,182.0
1974-11-25,192.0
1974-11-26,192.0
1974-11-27,127.0
1974-11-28,129.0
1974-11-29,100.0
1974-11-30,90.0
1974-12-01,115.0
1974-12-02,135.0
1974-12-03,140.0
1974-12-04,135.0
1974-12-05,150.0
1974-12-06,145.0
1974-12-07,125.0
1974-12-08,130.0
1974-12-09,105.0
1974-12-10,130.0
1974-12-11,130.0
1974-12-12,135.0
1974-12-13,120.0
1974-12-14,125.0
1974-12-15,110.0
1974-12-16,115.0
1974-12-17,105.0
1974-12-18,115.0
1974-12-19,110.0
1974-12-20,90.0
1974-12-21,130.0
1974-12-22,140.0
1974-12-23,140.0
1974-12-24,120.0
1974-12-25,100.0
1974-12-26,130.0
1974-12-27,135.0
1974-12-28,115.0
1974-12-29,140.0
1974-12-30,135.0
1974-12-31,120.0
1975-01-01,135.0
1975-01-02,140.0
1975-01-03,150.0
1975-01-04,145.0
1975-01-05,155.0
1975-01-06,155.0
1975-01-07,160.0
1975-01-08,165.0
1975-01-09,155.0
1975-01-10,155.0
1975-01-11,140.0
1975-01-12,135.0
1975-01-13,145.0
1975-01-14,165.0
1975-01-15,170.0
1975-01-16,170.0
1975-01-17,170.0
1975-01-18,170.0
1975-01-19,170.0
1975-01-20,165.0
1975-01-21,165.0
1975-01-22,145.0
1975-01-23,165.0
1975-01-24,170.0
1975-01-25,170.0
1975-01-26,175.0
1975-01-27,175.0
1975-01-28,165.0
1975-01-29,160.0
1975-01-30,160.0
1975-01-31,155.0
1975-02-01,150.0
1975-02-02,140.0
1975-02-03,140.0
1975-02-04,160.0
1975-02-05,150.0
1975-02-06,135.0
1975-02-07,170.0
1975-02-08,165.0
1975-02-09,170.0
1975-02-10,180.0
1975-02-11,180.0
1975-02-12,170.0
1975-02-13,180.0
1975-02-14,185.0
1975-02-15,180.0
1975-02-16,170.0
1975-02-17,200.0
1975-02-18,185.0
1975-02-19,190.0
1975-02-20,215.0
1975-02-21,210.0
1975-02-22,205.0
1975-02-23,190.0
1975-02-24,170.0
1975-02-25,200.0
1975-02-26,195.0
1975-02-27,195.0
1975-02-28,195.0
1975-03-01,200.0
1975-03-02,220.0
1975-03-03,220.0
1975-03-04,185.0
1975-03-05,180.0
1975-03-06,170.0
1975-03-07,173.0
1975-03-08,170.0
1975-03-09,173.0
1975-03-10,159.0
1975-03-11,154.0
1975-03-12,142.0
1975-03-13,136.0
1975-03-14,142.0
1975-03-15,152.0
1975-03-16,144.0
1975-03-17,159.0
1975-03-18,159.0
1975-03-19,170.0
1975-03-20,185.0
1975-03-21,198.0
1975-03-22,195.0
1975-03-23,180.0
1975-03-24,161.0
1975-03-25,178.0
1975-03-26,188.0
1975-03-27,170.0
1975-03-28,120.0
1975-03-29,130.0
1975-03-30,145.0
1975-03-31,173.0
1975-04-01,164.0
1975-04-02,130.0
1975-04-03,165.0
1975-04-04,202.0
1975-04-05,215.0
1975-04-06,220.0
1975-04-07,230.0
1975-04-08,200.0
1975-04-09,161.0
1975-04-10,159.0
1975-04-11,154.0
1975-04-12,138.0
1975-04-13,142.0
1975-04-14,142.0
1975-04-15,144.0
1975-04-16,288.0
1975-04-17,420.0
1975-04-18,438.0
1975-04-19,307.0
1975-04-20,313.0
1975-04-21,310.0
1975-04-22,313.0
1975-04-23,368.0
1975-04-24,403.0
1975-04-25,492.0
1975-04-26,572.0
1975-04-27,596.0
1975-04-28,544.0
1975-04-29,540.0
1975-04-30,500.0
1975-05-01,484.0
1975-05-02,445.0
1975-05-03,438.0
1975-05-04,400.0
1975-05-05,375.0
1975-05-06,382.0
1975-05-07,512.0
1975-05-08,488.0
1975-05-09,540.0
1975-05-10,568.0
1975-05-11,576.0
1975-05-12,632.0
1975-05-13,686.0
1975-05-14,540.0
1975-05-15,640.0
1975-05-16,681.0
1975-05-17,686.0
1975-05-18,690.0
1975-05-19,690.0
1975-05-20,694.0
1975-05-21,672.0
1975-05-22,672.0
1975-05-23,560.0
1975-05-24,372.0
1975-05-25,344.0
1975-05-26,344.0
1975-05-27,428.0
1975-05-28,640.0
1975-05-29,473.0
1975-05-30,358.0
1975-05-31,386.0
1975-06-01,392.0
1975-06-02,420.0
1975-06-03,470.0
1975-06-04,512.0
1975-06-05,588.0
1975-06-06,672.0
1975-06-07,730.0
1975-06-08,753.0
1975-06-09,730.0
1975-06-10,676.0
1975-06-11,654.0
1975-06-12,722.0
1975-06-13,748.0
1975-06-14,835.0
1975-06-15,830.0
1975-06-16,800.0
1975-06-17,766.0
1975-06-18,740.0
1975-06-19,722.0
1975-06-20,681.0
1975-06-21,681.0
1975-06-22,640.0
1975-06-23,627.0
1975-06-24,640.0
1975-06-25,658.0
1975-06-26,632.0
1975-06-27,681.0
1975-06-28,996.0
1975-06-29,980.0
1975-06-30,699.0
1975-07-01,744.0
1975-07-02,1030.0
1975-07-03,1050.0
1975-07-04,1060.0
1975-07-05,1080.0
1975-07-06,1080.0
1975-07-07,1130.0
1975-07-08,1300.0
1975-07-09,1450.0
1975-07-10,1330.0
1975-07-11,726.0
1975-07-12,686.0
1975-07-13,618.0
1975-07-14,922.0
1975-07-15,1520.0
1975-07-16,1540.0
1975-07-17,1540.0
1975-07-18,1470.0
1975-07-19,1510.0
1975-07-20,1320.0
1975-07-21,1260.0
1975-07-22,1100.0
1975-07-23,1100.0
1975-07-24,1100.0
1975-07-25,1090.0
1975-07-26,1020.0
1975-07-27,1030.0
1975-07-28,1080.0
1975-07-29,1030.0
1975-07-30,990.0
1975-07-31,825.0
1975-08-01,920.0
1975-08-02,865.0
1975-08-03,825.0
1975-08-04,766.0
1975-08-05,758.0
1975-08-06,735.0
1975-08-07,708.0
1975-08-08,681.0
1975-08-09,704.0
1975-08-10,704.0
1975-08-11,699.0
1975-08-12,686.0
1975-08-13,810.0
1975-08-14,762.0
1975-08-15,744.0
1975-08-16,762.0
1975-08-17,740.0
1975-08-18,604.0
1975-08-19,473.0
1975-08-20,456.0
1975-08-21,476.0
1975-08-22,512.0
1975-08-23,532.0
1975-08-24,508.0
1975-08-25,445.0
1975-08-26,548.0
1975-08-27,580.0
1975-08-28,556.0
1975-08-29,572.0
1975-08-30,580.0
1975-08-31,576.0
1975-09-01,572.0
1975-09-02,572.0
1975-09-03,564.0
1975-09-04,480.0
1975-09-05,434.0
1975-09-06,344.0
1975-09-07,334.0
1975-09-08,328.0
1975-09-09,280.0
1975-09-10,331.0
1975-09-11,334.0
1975-09-12,328.0
1975-09-13,361.0
1975-09-14,372.0
1975-09-15,424.0
1975-09-16,322.0
1975-09-17,322.0
1975-09-18,372.0
1975-09-19,378.0
1975-09-20,410.0
1975-09-21,406.0
1975-09-22,396.0
1975-09-23,364.0
1975-09-24,382.0
1975-09-25,417.0
1975-09-26,400.0
1975-09-27,354.0
1975-09-28,354.0
1975-09-29,354.0
1975-09-30,358.0
1975-10-01,344.0
1975-10-02,298.0
1975-10-03,259.0
1975-10-04,228.0
1975-10-05,220.0
1975-10-06,152.0
1975-10-07,144.0
1975-10-08,142.0
1975-10-09,148.0
1975-10-10,295.0
1975-10-11,280.0
1975-10-12,277.0
1975-10-13,271.0
1975-10-14,256.0
1975-10-15,256.0
1975-10-16,259.0
1975-10-17,262.0
1975-10-18,262.0
1975-10-19,259.0
1975-10-20,259.0
1975-10-21,256.0
1975-10-22,292.0
1975-10-23,301.0
1975-10-24,198.0
1975-10-25,180.0
1975-10-26,210.0
1975-10-27,220.0
1975-10-28,215.0
1975-10-29,202.0
1975-10-30,200.0
1975-10-31,208.0
1975-11-01,210.0
1975-11-02,182.0
1975-11-03,170.0
1975-11-04,170.0
1975-11-05,170.0
1975-11-06,168.0
1975-11-07,164.0
1975-11-08,192.0
1975-11-09,218.0
1975-11-10,182.0
1975-11-11,205.0
1975-11-12,148.0
1975-11-13,154.0
1975-11-14,164.0
1975-11-15,170.0
1975-11-16,173.0
1975-11-17,178.0
1975-11-18,166.0
1975-11-19,159.0
1975-11-20,122.0
1975-11-21,148.0
1975-11-22,142.0
1975-11-23,161.0
1975-11-24,159.0
1975-11-25,161.0
1975-11-26,130.0
1975-11-27,185.0
1975-11-28,185.0
1975-11-29,195.0
1975-11-30,160.0
1975-12-01,190.0
1975-12-02,205.0
1975-12-03,210.0
1975-12-04,210.0
1975-12-05,215.0
1975-12-06,220.0
1975-12-07,215.0
1975-12-08,208.0
1975-12-09,208.0
1975-12-10,205.0
1975-12-11,205.0
1975-12-12,205.0
1975-12-13,202.0
1975-12-14,200.0
1975-12-15,165.0
1975-12-16,195.0
1975-12-17,170.0
1975-12-18,140.0
1975-12-19,160.0
1975-12-20,155.0
1975-12-21,160.0
1975-12-22,160.0
1975-12-23,170.0
1975-12-24,180.0
1975-12-25,175.0
1975-12-26,175.0
1975-12-27,195.0
1975-12-28,175.0
1975-12-29,170.0
1975-12-30,180.0
1975-12-31,180.0
1976-01-01,170.0
1976-01-02,140.0
1976-01-03,160.0
1976-01-04,180.0
1976-01-05,195.0
1976-01-06,205.0
1976-01-07,195.0
1976-01-08,195.0
1976-01-09,200.0
1976-01-10,210.0
1976-01-11,200.0
1976-01-12,190.0
1976-01-13,190.0
1976-01-14,180.0
1976-01-15,190.0
1976-01-16,200.0
1976-01-17,200.0
1976-01-18,200.0
1976-01-19,190.0
1976-01-20,175.0
1976-01-21,185.0
1976-01-22,195.0
1976-01-23,200.0
1976-01-24,220.0
1976-01-25,210.0
1976-01-26,175.0
1976-01-27,175.0
1976-01-28,210.0
1976-01-29,215.0
1976-01-30,215.0
1976-01-31,215.0
1976-02-01,215.0
1976-02-02,220.0
1976-02-03,215.0
1976-02-04,210.0
1976-02-05,195.0
1976-02-06,220.0
1976-02-07,265.0
1976-02-08,295.0
1976-02-09,305.0
1976-02-10,275.0
1976-02-11,262.0
1976-02-12,259.0
1976-02-13,256.0
1976-02-14,259.0
1976-02-15,256.0
1976-02-16,256.0
1976-02-17,250.0
1976-02-18,242.0
1976-02-19,248.0
1976-02-20,253.0
1976-02-21,238.0
1976-02-22,250.0
1976-02-23,250.0
1976-02-24,212.0
1976-02-25,202.0
1976-02-26,202.0
1976-02-27,200.0
1976-02-28,205.0
1976-02-29,212.0
1976-03-01,218.0
1976-03-02,215.0
1976-03-03,195.0
1976-03-04,198.0
1976-03-05,162.0
1976-03-06,154.0
1976-03-07,175.0
1976-03-08,164.0
1976-03-09,208.0
1976-03-10,170.0
1976-03-11,154.0
1976-03-12,142.0
1976-03-13,130.0
1976-03-14,138.0
1976-03-15,120.0
1976-03-16,93.0
1976-03-17,95.0
1976-03-18,96.0
1976-03-19,98.0
1976-03-20,87.0
1976-03-21,84.0
1976-03-22,87.0
1976-03-23,93.0
1976-03-24,93.0
1976-03-25,96.0
1976-03-26,104.0
1976-03-27,129.0
1976-03-28,164.0
1976-03-29,164.0
1976-03-30,150.0
1976-03-31,148.0
1976-04-01,164.0
1976-04-02,168.0
1976-04-03,208.0
1976-04-04,215.0
1976-04-05,215.0
1976-04-06,218.0
1976-04-07,208.0
1976-04-08,205.0
1976-04-09,230.0
1976-04-10,238.0
1976-04-11,245.0
1976-04-12,358.0
1976-04-13,452.0
1976-04-14,476.0
1976-04-15,556.0
1976-04-16,540.0
1976-04-17,496.0
1976-04-18,350.0
1976-04-19,372.0
1976-04-20,364.0
1976-04-21,364.0
1976-04-22,364.0
1976-04-23,382.0
1976-04-24,431.0
1976-04-25,424.0
1976-04-26,424.0
1976-04-27,414.0
1976-04-28,350.0
1976-04-29,316.0
1976-04-30,280.0
1976-05-01,280.0
1976-05-02,313.0
1976-05-03,378.0
1976-05-04,462.0
1976-05-05,466.0
1976-05-06,484.0
1976-05-07,512.0
1976-05-08,520.0
1976-05-09,476.0
1976-05-10,476.0
1976-05-11,484.0
1976-05-12,532.0
1976-05-13,572.0
1976-05-14,580.0
1976-05-15,417.0
1976-05-16,428.0
1976-05-17,600.0
1976-05-18,722.0
1976-05-19,722.0
1976-05-20,694.0
1976-05-21,726.0
1976-05-22,748.0
1976-05-23,708.0
1976-05-24,459.0
1976-05-25,400.0
1976-05-26,372.0
1976-05-27,382.0
1976-05-28,496.0
1976-05-29,544.0
1976-05-30,524.0
1976-05-31,484.0
1976-06-01,476.0
1976-06-02,424.0
1976-06-03,434.0
1976-06-04,596.0
1976-06-05,614.0
1976-06-06,604.0
1976-06-07,592.0
1976-06-08,640.0
1976-06-09,766.0
1976-06-10,845.0
1976-06-11,815.0
1976-06-12,735.0
1976-06-13,690.0
1976-06-14,668.0
1976-06-15,708.0
1976-06-16,699.0
1976-06-17,704.0
1976-06-18,726.0
1976-06-19,690.0
1976-06-20,668.0
1976-06-21,676.0
1976-06-22,735.0
1976-06-23,766.0
1976-06-24,730.0
1976-06-25,645.0
1976-06-26,645.0
1976-06-27,640.0
1976-06-28,668.0
1976-06-29,722.0
1976-06-30,717.0
1976-07-01,699.0
1976-07-02,744.0
1976-07-03,766.0
1976-07-04,758.0
1976-07-05,753.0
1976-07-06,776.0
1976-07-07,875.0
1976-07-08,870.0
1976-07-09,800.0
1976-07-10,744.0
1976-07-11,730.0
1976-07-12,735.0
1976-07-13,748.0
1976-07-14,758.0
1976-07-15,704.0
1976-07-16,699.0
1976-07-17,686.0
1976-07-18,690.0
1976-07-19,726.0
1976-07-20,748.0
1976-07-21,740.0
1976-07-22,726.0
1976-07-23,790.0
1976-07-24,910.0
1976-07-25,915.0
1976-07-26,1010.0
1976-07-27,990.0
1976-07-28,885.0
1976-07-29,810.0
1976-07-30,805.0
1976-07-31,810.0
1976-08-01,895.0
1976-08-02,1010.0
1976-08-03,1090.0
1976-08-04,481.0
1976-08-05,396.0
1976-08-06,926.0
1976-08-07,1050.0
1976-08-08,1030.0
1976-08-09,980.0
1976-08-10,880.0
1976-08-11,850.0
1976-08-12,785.0
1976-08-13,790.0
1976-08-14,825.0
1976-08-15,825.0
1976-08-16,815.0
1976-08-17,890.0
1976-08-18,920.0
1976-08-19,930.0
1976-08-20,990.0
1976-08-21,1030.0
1976-08-22,996.0
1976-08-23,963.0
1976-08-24,941.0
1976-08-25,776.0
1976-08-26,580.0
1976-08-27,790.0
1976-08-28,730.0
1976-08-29,627.0
1976-08-30,572.0
1976-08-31,600.0
1976-09-01,618.0
1976-09-02,609.0
1976-09-03,576.0
1976-09-04,410.0
1976-09-05,382.0
1976-09-06,378.0
1976-09-07,389.0
1976-09-08,516.0
1976-09-09,473.0
1976-09-10,386.0
1976-09-11,400.0
1976-09-12,354.0
1976-09-13,400.0
1976-09-14,442.0
1976-09-15,438.0
1976-09-16,420.0
1976-09-17,400.0
1976-09-18,414.0
1976-09-19,417.0
1976-09-20,334.0
1976-09-21,307.0
1976-09-22,331.0
1976-09-23,310.0
1976-09-24,328.0
1976-09-25,386.0
1976-09-26,448.0
1976-09-27,403.0
1976-09-28,304.0
1976-09-29,319.0
1976-09-30,442.0
1976-10-01,452.0
1976-10-02,389.0
1976-10-03,368.0
1976-10-04,250.0
1976-10-05,250.0
1976-10-06,250.0
1976-10-07,259.0
1976-10-08,250.0
1976-10-09,262.0
1976-10-10,262.0
1976-10-11,250.0
1976-10-12,210.0
1976-10-13,202.0
1976-10-14,198.0
1976-10-15,166.0
1976-10-16,150.0
1976-10-17,146.0
1976-10-18,146.0
1976-10-19,271.0
1976-10-20,304.0
1976-10-21,372.0
1976-10-22,378.0
1976-10-23,313.0
1976-10-24,301.0
1976-10-25,301.0
1976-10-26,331.0
1976-10-27,283.0
1976-10-28,274.0
1976-10-29,170.0
1976-10-30,175.0
1976-10-31,168.0
1976-11-01,175.0
1976-11-02,180.0
1976-11-03,210.0
1976-11-04,307.0
1976-11-05,316.0
1976-11-06,310.0
1976-11-07,310.0
1976-11-08,307.0
1976-11-09,304.0
1976-11-10,301.0
1976-11-11,310.0
1976-11-12,289.0
1976-11-13,286.0
1976-11-14,298.0
1976-11-15,274.0
1976-11-16,200.0
1976-11-17,190.0
1976-11-18,205.0
1976-11-19,205.0
1976-11-20,202.0
1976-11-21,195.0
1976-11-22,188.0
1976-11-23,192.0
1976-11-24,218.0
1976-11-25,220.0
1976-11-26,225.0
1976-11-27,170.0
1976-11-28,146.0
1976-11-29,200.0
1976-11-30,210.0
1976-12-01,210.0
1976-12-02,215.0
1976-12-03,220.0
1976-12-04,210.0
1976-12-05,205.0
1976-12-06,195.0
1976-12-07,190.0
1976-12-08,200.0
1976-12-09,200.0
1976-12-10,205.0
1976-12-11,190.0
1976-12-12,195.0
1976-12-13,185.0
1976-12-14,190.0
1976-12-15,185.0
1976-12-16,185.0
1976-12-17,195.0
1976-12-18,190.0
1976-12-19,190.0
1976-12-20,165.0
1976-12-21,165.0
1976-12-22,175.0
1976-12-23,175.0
1976-12-24,200.0
1976-12-25,205.0
1976-12-26,215.0
1976-12-27,230.0
1976-12-28,205.0
1976-12-29,210.0
1976-12-30,210.0
1976-12-31,200.0
1977-01-01,210.0
1977-01-02,200.0
1977-01-03,205.0
1977-01-04,210.0
1977-01-05,185.0
1977-01-06,175.0
1977-01-07,180.0
1977-01-08,185.0
1977-01-09,180.0
1977-01-10,175.0
1977-01-11,190.0
1977-01-12,180.0
1977-01-13,195.0
1977-01-14,205.0
1977-01-15,205.0
1977-01-16,210.0
1977-01-17,220.0
1977-01-18,230.0
1977-01-19,235.0
1977-01-20,225.0
1977-01-21,235.0
1977-01-22,235.0
1977-01-23,240.0
1977-01-24,225.0
1977-01-25,215.0
1977-01-26,225.0
1977-01-27,225.0
1977-01-28,215.0
1977-01-29,205.0
1977-01-30,205.0
1977-01-31,210.0
1977-02-01,210.0
1977-02-02,200.0
1977-02-03,185.0
1977-02-04,190.0
1977-02-05,185.0
1977-02-06,200.0
1977-02-07,185.0
1977-02-08,175.0
1977-02-09,180.0
1977-02-10,185.0
1977-02-11,195.0
1977-02-12,215.0
1977-02-13,220.0
1977-02-14,220.0
1977-02-15,210.0
1977-02-16,225.0
1977-02-17,225.0
1977-02-18,225.0
1977-02-19,215.0
1977-02-20,210.0
1977-02-21,210.0
1977-02-22,220.0
1977-02-23,195.0
1977-02-24,185.0
1977-02-25,190.0
1977-02-26,160.0
1977-02-27,180.0
1977-02-28,170.0
1977-03-01,180.0
1977-03-02,195.0
1977-03-03,205.0
1977-03-04,195.0
1977-03-05,185.0
1977-03-06,190.0
1977-03-07,210.0
1977-03-08,220.0
1977-03-09,200.0
1977-03-10,195.0
1977-03-11,230.0
1977-03-12,230.0
1977-03-13,225.0
1977-03-14,210.0
1977-03-15,195.0
1977-03-16,225.0
1977-03-17,225.0
1977-03-18,210.0
1977-03-19,205.0
1977-03-20,205.0
1977-03-21,205.0
1977-03-22,195.0
1977-03-23,230.0
1977-03-24,283.0
1977-03-25,307.0
1977-03-26,316.0
1977-03-27,322.0
1977-03-28,331.0
1977-03-29,304.0
1977-03-30,286.0
1977-03-31,289.0
1977-04-01,262.0
1977-04-02,215.0
1977-04-03,192.0
1977-04-04,161.0
1977-04-05,117.0
1977-04-06,150.0
1977-04-07,180.0
1977-04-08,200.0
1977-04-09,334.0
1977-04-10,389.0
1977-04-11,424.0
1977-04-12,568.0
1977-04-13,588.0
1977-04-14,512.0
1977-04-15,548.0
1977-04-16,544.0
1977-04-17,462.0
1977-04-18,484.0
1977-04-19,396.0
1977-04-20,372.0
1977-04-21,340.0
1977-04-22,344.0
1977-04-23,372.0
1977-04-24,448.0
1977-04-25,470.0
1977-04-26,459.0
1977-04-27,500.0
1977-04-28,492.0
1977-04-29,492.0
1977-04-30,560.0
1977-05-01,592.0
1977-05-02,560.0
1977-05-03,618.0
1977-05-04,492.0
1977-05-05,448.0
1977-05-06,459.0
1977-05-07,614.0
1977-05-08,686.0
1977-05-09,676.0
1977-05-10,650.0
1977-05-11,627.0
1977-05-12,588.0
1977-05-13,548.0
1977-05-14,540.0
1977-05-15,548.0
1977-05-16,456.0
1977-05-17,470.0
1977-05-18,544.0
1977-05-19,572.0
1977-05-20,600.0
1977-05-21,584.0
1977-05-22,508.0
1977-05-23,536.0
1977-05-24,609.0
1977-05-25,588.0
1977-05-26,548.0
1977-05-27,540.0
1977-05-28,540.0
1977-05-29,328.0
1977-05-30,268.0
1977-05-31,354.0
1977-06-01,508.0
1977-06-02,576.0
1977-06-03,580.0
1977-06-04,544.0
1977-06-05,528.0
1977-06-06,504.0
1977-06-07,414.0
1977-06-08,508.0
1977-06-09,640.0
1977-06-10,650.0
1977-06-11,636.0
1977-06-12,618.0
1977-06-13,512.0
1977-06-14,462.0
1977-06-15,504.0
1977-06-16,508.0
1977-06-17,488.0
1977-06-18,496.0
1977-06-19,504.0
1977-06-20,466.0
1977-06-21,392.0
1977-06-22,325.0
1977-06-23,298.0
1977-06-24,301.0
1977-06-25,286.0
1977-06-26,277.0
1977-06-27,262.0
1977-06-28,283.0
1977-06-29,386.0
1977-06-30,462.0
1977-07-01,462.0
1977-07-02,459.0
1977-07-03,500.0
1977-07-04,508.0
1977-07-05,508.0
1977-07-06,520.0
1977-07-07,512.0
1977-07-08,500.0
1977-07-09,504.0
1977-07-10,500.0
1977-07-11,596.0
1977-07-12,614.0
1977-07-13,609.0
1977-07-14,627.0
1977-07-15,632.0
1977-07-16,604.0
1977-07-17,588.0
1977-07-18,584.0
1977-07-19,588.0
1977-07-20,618.0
1977-07-21,658.0
1977-07-22,588.0
1977-07-23,520.0
1977-07-24,466.0
1977-07-25,484.0
1977-07-26,504.0
1977-07-27,500.0
1977-07-28,473.0
1977-07-29,420.0
1977-07-30,350.0
1977-07-31,492.0
1977-08-01,496.0
1977-08-02,496.0
1977-08-03,484.0
1977-08-04,484.0
1977-08-05,488.0
1977-08-06,488.0
1977-08-07,382.0
1977-08-08,354.0
1977-08-09,350.0
1977-08-10,368.0
1977-08-11,375.0
1977-08-12,368.0
1977-08-13,361.0
1977-08-14,364.0
1977-08-15,382.0
1977-08-16,445.0
1977-08-17,448.0
1977-08-18,470.0
1977-08-19,414.0
1977-08-20,459.0
1977-08-21,420.0
1977-08-22,392.0
1977-08-23,364.0
1977-08-24,337.0
1977-08-25,301.0
1977-08-26,268.0
1977-08-27,313.0
1977-08-28,417.0
1977-08-29,417.0
1977-08-30,414.0
1977-08-31,406.0
1977-09-01,378.0
1977-09-02,325.0
1977-09-03,307.0
1977-09-04,301.0
1977-09-05,301.0
1977-09-06,292.0
1977-09-07,242.0
1977-09-08,208.0
1977-09-09,192.0
1977-09-10,175.0
1977-09-11,180.0
1977-09-12,200.0
1977-09-13,205.0
1977-09-14,190.0
1977-09-15,200.0
1977-09-16,225.0
1977-09-17,265.0
1977-09-18,268.0
1977-09-19,259.0
1977-09-20,232.0
1977-09-21,195.0
1977-09-22,283.0
1977-09-23,328.0
1977-09-24,337.0
1977-09-25,340.0
1977-09-26,337.0
1977-09-27,334.0
1977-09-28,337.0
1977-09-29,344.0
1977-09-30,364.0
1977-10-01,403.0
1977-10-02,400.0
1977-10-03,442.0
1977-10-04,442.0
1977-10-05,420.0
1977-10-06,400.0
1977-10-07,382.0
1977-10-08,382.0
1977-10-09,386.0
1977-10-10,389.0
1977-10-11,386.0
1977-10-12,386.0
1977-10-13,400.0
1977-10-14,434.0
1977-10-15,434.0
1977-10-16,434.0
1977-10-17,431.0
1977-10-18,442.0
1977-10-19,434.0
1977-10-20,442.0
1977-10-21,445.0
1977-10-22,466.0
1977-10-23,406.0
1977-10-24,389.0
1977-10-25,368.0
1977-10-26,340.0
1977-10-27,316.0
1977-10-28,316.0
1977-10-29,277.0
1977-10-30,262.0
1977-10-31,259.0
1977-11-01,259.0
1977-11-02,230.0
1977-11-03,210.0
1977-11-04,198.0
1977-11-05,170.0
1977-11-06,175.0
1977-11-07,188.0
1977-11-08,198.0
1977-11-09,164.0
1977-11-10,212.0
1977-11-11,220.0
1977-11-12,218.0
1977-11-13,114.0
1977-11-14,99.0
1977-11-15,217.0
1977-11-16,238.0
1977-11-17,238.0
1977-11-18,240.0
1977-11-19,238.0
1977-11-20,230.0
1977-11-21,220.0
1977-11-22,245.0
1977-11-23,232.0
1977-11-24,218.0
1977-11-25,220.0
1977-11-26,218.0
1977-11-27,210.0
1977-11-28,208.0
1977-11-29,173.0
1977-11-30,180.0
1977-12-01,154.0
1977-12-02,175.0
1977-12-03,185.0
1977-12-04,188.0
1977-12-05,190.0
1977-12-06,173.0
1977-12-07,180.0
1977-12-08,168.0
1977-12-09,154.0
1977-12-10,180.0
1977-12-11,180.0
1977-12-12,170.0
1977-12-13,175.0
1977-12-14,175.0
1977-12-15,168.0
1977-12-16,159.0
1977-12-17,138.0
1977-12-18,173.0
1977-12-19,152.0
1977-12-20,130.0
1977-12-21,146.0
1977-12-22,180.0
1977-12-23,192.0
1977-12-24,202.0
1977-12-25,200.0
1977-12-26,185.0
1977-12-27,188.0
1977-12-28,192.0
1977-12-29,190.0
1977-12-30,198.0
1977-12-31,202.0
1978-01-01,160.0
1978-01-02,145.0
1978-01-03,180.0
1978-01-04,210.0
1978-01-05,210.0
1978-01-06,225.0
1978-01-07,245.0
1978-01-08,235.0
1978-01-09,215.0
1978-01-10,210.0
1978-01-11,215.0
1978-01-12,205.0
1978-01-13,225.0
1978-01-14,215.0
1978-01-15,245.0
1978-01-16,245.0
1978-01-17,250.0
1978-01-18,240.0
1978-01-19,235.0
1978-01-20,250.0
1978-01-21,240.0
1978-01-22,235.0
1978-01-23,240.0
1978-01-24,235.0
1978-01-25,245.0
1978-01-26,240.0
1978-01-27,235.0
1978-01-28,220.0
1978-01-29,225.0
1978-01-30,235.0
1978-01-31,245.0
1978-02-01,240.0
1978-02-02,220.0
1978-02-03,230.0
1978-02-04,235.0
1978-02-05,235.0
1978-02-06,245.0
1978-02-07,240.0
1978-02-08,235.0
1978-02-09,230.0
1978-02-10,240.0
1978-02-11,220.0
1978-02-12,200.0
1978-02-13,180.0
1978-02-14,185.0
1978-02-15,190.0
1978-02-16,175.0
1978-02-17,145.0
1978-02-18,155.0
1978-02-19,185.0
1978-02-20,180.0
1978-02-21,170.0
1978-02-22,190.0
1978-02-23,190.0
1978-02-24,195.0
1978-02-25,195.0
1978-02-26,205.0
1978-02-27,195.0
1978-02-28,200.0
1978-03-01,200.0
1978-03-02,205.0
1978-03-03,170.0
1978-03-04,190.0
1978-03-05,215.0
1978-03-06,212.0
1978-03-07,215.0
1978-03-08,205.0
1978-03-09,210.0
1978-03-10,212.0
1978-03-11,200.0
1978-03-12,192.0
1978-03-13,192.0
1978-03-14,182.0
1978-03-15,166.0
1978-03-16,164.0
1978-03-17,170.0
1978-03-18,175.0
1978-03-19,180.0
1978-03-20,180.0
1978-03-21,178.0
1978-03-22,192.0
1978-03-23,218.0
1978-03-24,198.0
1978-03-25,192.0
1978-03-26,192.0
1978-03-27,190.0
1978-03-28,178.0
1978-03-29,178.0
1978-03-30,182.0
1978-03-31,190.0
1978-04-01,205.0
1978-04-02,202.0
1978-04-03,192.0
1978-04-04,185.0
1978-04-05,182.0
1978-04-06,178.0
1978-04-07,185.0
1978-04-08,188.0
1978-04-09,208.0
1978-04-10,200.0
1978-04-11,185.0
1978-04-12,195.0
1978-04-13,115.0
1978-04-14,166.0
1978-04-15,200.0
1978-04-16,208.0
1978-04-17,205.0
1978-04-18,200.0
1978-04-19,208.0
1978-04-20,200.0
1978-04-21,188.0
1978-04-22,212.0
1978-04-23,220.0
1978-04-24,225.0
1978-04-25,268.0
1978-04-26,295.0
1978-04-27,301.0
1978-04-28,331.0
1978-04-29,340.0
1978-04-30,378.0
1978-05-01,298.0
1978-05-02,283.0
1978-05-03,271.0
1978-05-04,295.0
1978-05-05,310.0
1978-05-06,301.0
1978-05-07,259.0
1978-05-08,277.0
1978-05-09,250.0
1978-05-10,262.0
1978-05-11,262.0
1978-05-12,271.0
1978-05-13,280.0
1978-05-14,322.0
1978-05-15,382.0
1978-05-16,434.0
1978-05-17,488.0
1978-05-18,448.0
1978-05-19,382.0
1978-05-20,361.0
1978-05-21,368.0
1978-05-22,364.0
1978-05-23,372.0
1978-05-24,382.0
1978-05-25,392.0
1978-05-26,396.0
1978-05-27,445.0
1978-05-28,424.0
1978-05-29,325.0
1978-05-30,337.0
1978-05-31,361.0
1978-06-01,392.0
1978-06-02,396.0
1978-06-03,372.0
1978-06-04,375.0
1978-06-05,414.0
1978-06-06,389.0
1978-06-07,322.0
1978-06-08,316.0
1978-06-09,310.0
1978-06-10,354.0
1978-06-11,403.0
1978-06-12,410.0
1978-06-13,424.0
1978-06-14,442.0
1978-06-15,462.0
1978-06-16,780.0
1978-06-17,865.0
1978-06-18,880.0
1978-06-19,900.0
1978-06-20,905.0
1978-06-21,604.0
1978-06-22,564.0
1978-06-23,835.0
1978-06-24,855.0
1978-06-25,850.0
1978-06-26,870.0
1978-06-27,895.0
1978-06-28,825.0
1978-06-29,890.0
1978-06-30,963.0
1978-07-01,980.0
1978-07-02,1030.0
1978-07-03,1120.0
1978-07-04,1030.0
1978-07-05,855.0
1978-07-06,704.0
1978-07-07,668.0
1978-07-08,650.0
1978-07-09,658.0
1978-07-10,632.0
1978-07-11,544.0
1978-07-12,645.0
1978-07-13,699.0
1978-07-14,771.0
1978-07-15,762.0
1978-07-16,753.0
1978-07-17,748.0
1978-07-18,735.0
1978-07-19,686.0
1978-07-20,640.0
1978-07-21,645.0
1978-07-22,614.0
1978-07-23,556.0
1978-07-24,552.0
1978-07-25,556.0
1978-07-26,580.0
1978-07-27,556.0
1978-07-28,552.0
1978-07-29,564.0
1978-07-30,568.0
1978-07-31,564.0
1978-08-01,442.0
1978-08-02,512.0
1978-08-03,552.0
1978-08-04,576.0
1978-08-05,596.0
1978-08-06,568.0
1978-08-07,632.0
1978-08-08,663.0
1978-08-09,654.0
1978-08-10,681.0
1978-08-11,690.0
1978-08-12,694.0
1978-08-13,699.0
1978-08-14,694.0
1978-08-15,690.0
1978-08-16,658.0
1978-08-17,576.0
1978-08-18,532.0
1978-08-19,484.0
1978-08-20,488.0
1978-08-21,488.0
1978-08-22,466.0
1978-08-23,496.0
1978-08-24,508.0
1978-08-25,516.0
1978-08-26,520.0
1978-08-27,496.0
1978-08-28,473.0
1978-08-29,476.0
1978-08-30,466.0
1978-08-31,406.0
1978-09-01,372.0
1978-09-02,322.0
1978-09-03,310.0
1978-09-04,274.0
1978-09-05,271.0
1978-09-06,228.0
1978-09-07,240.0
1978-09-08,256.0
1978-09-09,259.0
1978-09-10,277.0
1978-09-11,277.0
1978-09-12,274.0
1978-09-13,274.0
1978-09-14,271.0
1978-09-15,271.0
1978-09-16,295.0
1978-09-17,428.0
1978-09-18,431.0
1978-09-19,434.0
1978-09-20,442.0
1978-09-21,347.0
1978-09-22,310.0
1978-09-23,304.0
1978-09-24,301.0
1978-09-25,292.0
1978-09-26,245.0
1978-09-27,242.0
1978-09-28,268.0
1978-09-29,396.0
1978-09-30,462.0
1978-10-01,470.0
1978-10-02,456.0
1978-10-03,438.0
1978-10-04,434.0
1978-10-05,424.0
1978-10-06,424.0
1978-10-07,424.0
1978-10-08,428.0
1978-10-09,428.0
1978-10-10,448.0
1978-10-11,438.0
1978-10-12,417.0
1978-10-13,417.0
1978-10-14,417.0
1978-10-15,417.0
1978-10-16,420.0
1978-10-17,431.0
1978-10-18,438.0
1978-10-19,445.0
1978-10-20,445.0
1978-10-21,434.0
1978-10-22,420.0
1978-10-23,340.0
1978-10-24,319.0
1978-10-25,319.0
1978-10-26,133.0
1978-10-27,100.0
1978-10-28,352.0
1978-10-29,386.0
1978-10-30,389.0
1978-10-31,350.0
1978-11-01,368.0
1978-11-02,375.0
1978-11-03,372.0
1978-11-04,354.0
1978-11-05,358.0
1978-11-06,350.0
1978-11-07,144.0
1978-11-08,143.0
1978-11-09,210.0
1978-11-10,202.0
1978-11-11,269.0
1978-11-12,304.0
1978-11-13,289.0
1978-11-14,292.0
1978-11-15,135.0
1978-11-16,192.0
1978-11-17,319.0
1978-11-18,325.0
1978-11-19,328.0
1978-11-20,322.0
1978-11-21,245.0
1978-11-22,202.0
1978-11-23,198.0
1978-11-24,200.0
1978-11-25,212.0
1978-11-26,210.0
1978-11-27,195.0
1978-11-28,142.0
1978-11-29,154.0
1978-11-30,152.0
1978-12-01,152.0
1978-12-02,144.0
1978-12-03,135.0
1978-12-04,140.0
1978-12-05,145.0
1978-12-06,140.0
1978-12-07,130.0
1978-12-08,125.0
1978-12-09,140.0
1978-12-10,150.0
1978-12-11,160.0
1978-12-12,160.0
1978-12-13,160.0
1978-12-14,160.0
1978-12-15,170.0
1978-12-16,165.0
1978-12-17,165.0
1978-12-18,175.0
1978-12-19,180.0
1978-12-20,175.0
1978-12-21,180.0
1978-12-22,190.0
1978-12-23,210.0
1978-12-24,210.0
1978-12-25,220.0
1978-12-26,210.0
1978-12-27,210.0
1978-12-28,210.0
1978-12-29,210.0
1978-12-30,195.0
1978-12-31,185.0
1979-01-01,170.0
1979-01-02,170.0
1979-01-03,190.0
1979-01-04,200.0
1979-01-05,210.0
1979-01-06,205.0
1979-01-07,185.0
1979-01-08,185.0
1979-01-09,190.0
1979-01-10,195.0
1979-01-11,205.0
1979-01-12,215.0
1979-01-13,205.0
1979-01-14,195.0
1979-01-15,200.0
1979-01-16,210.0
1979-01-17,215.0
1979-01-18,215.0
1979-01-19,215.0
1979-01-20,215.0
1979-01-21,215.0
1979-01-22,215.0
1979-01-23,210.0
1979-01-24,210.0
1979-01-25,220.0
1979-01-26,210.0
1979-01-27,200.0
1979-01-28,200.0
1979-01-29,200.0
1979-01-30,190.0
1979-01-31,180.0
1979-02-01,190.0
1979-02-02,190.0
1979-02-03,180.0
1979-02-04,180.0
1979-02-05,180.0
1979-02-06,185.0
1979-02-07,185.0
1979-02-08,195.0
1979-02-09,190.0
1979-02-10,190.0
1979-02-11,200.0
1979-02-12,195.0
1979-02-13,185.0
1979-02-14,180.0
1979-02-15,175.0
1979-02-16,165.0
1979-02-17,155.0
1979-02-18,150.0
1979-02-19,150.0
1979-02-20,150.0
1979-02-21,160.0
1979-02-22,170.0
1979-02-23,175.0
1979-02-24,175.0
1979-02-25,175.0
1979-02-26,185.0
1979-02-27,190.0
1979-02-28,180.0
1979-03-01,180.0
1979-03-02,180.0
1979-03-03,175.0
1979-03-04,165.0
1979-03-05,170.0
1979-03-06,175.0
1979-03-07,185.0
1979-03-08,190.0
1979-03-09,180.0
1979-03-10,175.0
1979-03-11,180.0
1979-03-12,180.0
1979-03-13,180.0
1979-03-14,175.0
1979-03-15,165.0
1979-03-16,168.0
1979-03-17,168.0
1979-03-18,190.0
1979-03-19,182.0
1979-03-20,188.0
1979-03-21,208.0
1979-03-22,222.0
1979-03-23,195.0
1979-03-24,198.0
1979-03-25,208.0
1979-03-26,212.0
1979-03-27,215.0
1979-03-28,232.0
1979-03-29,210.0
1979-03-30,175.0
1979-03-31,154.0
1979-04-01,150.0
1979-04-02,132.0
1979-04-03,142.0
1979-04-04,208.0
1979-04-05,253.0
1979-04-06,262.0
1979-04-07,248.0
1979-04-08,277.0
1979-04-09,286.0
1979-04-10,212.0
1979-04-11,253.0
1979-04-12,164.0
1979-04-13,173.0
1979-04-14,245.0
1979-04-15,292.0
1979-04-16,334.0
1979-04-17,322.0
1979-04-18,328.0
1979-04-19,350.0
1979-04-20,337.0
1979-04-21,319.0
1979-04-22,310.0
1979-04-23,310.0
1979-04-24,316.0
1979-04-25,328.0
1979-04-26,310.0
1979-04-27,289.0
1979-04-28,280.0
1979-04-29,265.0
1979-04-30,248.0
1979-05-01,245.0
1979-05-02,347.0
1979-05-03,316.0
1979-05-04,304.0
1979-05-05,344.0
1979-05-06,382.0
1979-05-07,400.0
1979-05-08,403.0
1979-05-09,396.0
1979-05-10,364.0
1979-05-11,344.0
1979-05-12,347.0
1979-05-13,322.0
1979-05-14,322.0
1979-05-15,344.0
1979-05-16,358.0
1979-05-17,368.0
1979-05-18,386.0
1979-05-19,414.0
1979-05-20,445.0
1979-05-21,420.0
1979-05-22,434.0
1979-05-23,476.0
1979-05-24,512.0
1979-05-25,524.0
1979-05-26,520.0
1979-05-27,548.0
1979-05-28,588.0
1979-05-29,609.0
1979-05-30,632.0
1979-05-31,576.0
1979-06-01,552.0
1979-06-02,536.0
1979-06-03,528.0
1979-06-04,536.0
1979-06-05,536.0
1979-06-06,588.0
1979-06-07,699.0
1979-06-08,870.0
1979-06-09,875.0
1979-06-10,920.0
1979-06-11,1090.0
1979-06-12,1190.0
1979-06-13,1230.0
1979-06-14,1280.0
1979-06-15,1540.0
1979-06-16,1750.0
1979-06-17,1750.0
1979-06-18,1680.0
1979-06-19,1590.0
1979-06-20,1500.0
1979-06-21,1420.0
1979-06-22,1380.0
1979-06-23,1350.0
1979-06-24,1350.0
1979-06-25,1340.0
1979-06-26,1300.0
1979-06-27,1260.0
1979-06-28,1240.0
1979-06-29,1210.0
1979-06-30,1190.0
1979-07-01,1210.0
1979-07-02,1190.0
1979-07-03,1180.0
1979-07-04,1230.0
1979-07-05,1320.0
1979-07-06,1280.0
1979-07-07,1270.0
1979-07-08,1220.0
1979-07-09,1190.0
1979-07-10,1100.0
1979-07-11,1070.0
1979-07-12,1050.0
1979-07-13,1010.0
1979-07-14,990.0
1979-07-15,974.0
1979-07-16,958.0
1979-07-17,936.0
1979-07-18,865.0
1979-07-19,860.0
1979-07-20,870.0
1979-07-21,880.0
1979-07-22,880.0
1979-07-23,805.0
1979-07-24,766.0
1979-07-25,704.0
1979-07-26,632.0
1979-07-27,668.0
1979-07-28,618.0
1979-07-29,614.0
1979-07-30,699.0
1979-07-31,694.0
1979-08-01,686.0
1979-08-02,672.0
1979-08-03,690.0
1979-08-04,694.0
1979-08-05,681.0
1979-08-06,672.0
1979-08-07,640.0
1979-08-08,596.0
1979-08-09,580.0
1979-08-10,588.0
1979-08-11,532.0
1979-08-12,512.0
1979-08-13,536.0
1979-08-14,694.0
1979-08-15,790.0
1979-08-16,785.0
1979-08-17,790.0
1979-08-18,676.0
1979-08-19,704.0
1979-08-20,672.0
1979-08-21,636.0
1979-08-22,588.0
1979-08-23,528.0
1979-08-24,473.0
1979-08-25,420.0
1979-08-26,403.0
1979-08-27,456.0
1979-08-28,414.0
1979-08-29,307.0
1979-08-30,289.0
1979-08-31,265.0
1979-09-01,253.0
1979-09-02,245.0
1979-09-03,238.0
1979-09-04,230.0
1979-09-05,200.0
1979-09-06,222.0
1979-09-07,268.0
1979-09-08,313.0
1979-09-09,310.0
1979-09-10,310.0
1979-09-11,295.0
1979-09-12,313.0
1979-09-13,304.0
1979-09-14,307.0
1979-09-15,304.0
1979-09-16,298.0
1979-09-17,295.0
1979-09-18,298.0
1979-09-19,334.0
1979-09-20,364.0
1979-09-21,396.0
1979-09-22,414.0
1979-09-23,417.0
1979-09-24,410.0
1979-09-25,410.0
1979-09-26,410.0
1979-09-27,354.0
1979-09-28,325.0
1979-09-29,316.0
1979-09-30,298.0
1979-10-01,298.0
1979-10-02,325.0
1979-10-03,390.0
1979-10-04,470.0
1979-10-05,510.0
1979-10-06,450.0
1979-10-07,460.0
1979-10-08,525.0
1979-10-09,525.0
1979-10-10,525.0
1979-10-11,525.0
1979-10-12,505.0
1979-10-13,460.0
1979-10-14,410.0
1979-10-15,390.0
1979-10-16,390.0
1979-10-17,390.0
1979-10-18,390.0
1979-10-19,390.0
1979-10-20,390.0
1979-10-21,400.0
1979-10-22,320.0
1979-10-23,310.0
1979-10-24,275.0
1979-10-25,280.0
1979-10-26,286.0
1979-10-27,292.0
1979-10-28,286.0
1979-10-29,295.0
1979-10-30,372.0
1979-10-31,375.0
1979-11-01,372.0
1979-11-02,372.0
1979-11-03,347.0
1979-11-04,132.0
1979-11-05,117.0
1979-11-06,192.0
1979-11-07,220.0
1979-11-08,248.0
1979-11-09,337.0
1979-11-10,307.0
1979-11-11,265.0
1979-11-12,274.0
1979-11-13,344.0
1979-11-14,375.0
1979-11-15,350.0
1979-11-16,325.0
1979-11-17,325.0
1979-11-18,331.0
1979-11-19,316.0
1979-11-20,277.0
1979-11-21,202.0
1979-11-22,175.0
1979-11-23,178.0
1979-11-24,180.0
1979-11-25,185.0
1979-11-26,180.0
1979-11-27,175.0
1979-11-28,160.0
1979-11-29,140.0
1979-11-30,150.0
1979-12-01,155.0
1979-12-02,155.0
1979-12-03,160.0
1979-12-04,165.0
1979-12-05,165.0
1979-12-06,160.0
1979-12-07,160.0
1979-12-08,165.0
1979-12-09,165.0
1979-12-10,165.0
1979-12-11,155.0
1979-12-12,145.0
1979-12-13,155.0
1979-12-14,165.0
1979-12-15,170.0
1979-12-16,170.0
1979-12-17,170.0
1979-12-18,175.0
1979-12-19,180.0
1979-12-20,180.0
1979-12-21,180.0
1979-12-22,175.0
1979-12-23,170.0
1979-12-24,165.0
1979-12-25,170.0
1979-12-26,175.0
1979-12-27,180.0
1979-12-28,170.0
1979-12-29,160.0
1979-12-30,175.0
1979-12-31,195.0
1980-01-01,210.0
1980-01-02,215.0
1980-01-03,210.0
1980-01-04,215.0
1980-01-05,225.0
1980-01-06,230.0
1980-01-07,210.0
1980-01-08,190.0
1980-01-09,210.0
1980-01-10,230.0
1980-01-11,230.0
1980-01-12,230.0
1980-01-13,235.0
1980-01-14,235.0
1980-01-15,230.0
1980-01-16,220.0
1980-01-17,210.0
1980-01-18,190.0
1980-01-19,185.0
1980-01-20,185.0
1980-01-21,190.0
1980-01-22,185.0
1980-01-23,180.0
1980-01-24,185.0
1980-01-25,190.0
1980-01-26,170.0
1980-01-27,160.0
1980-01-28,155.0
1980-01-29,170.0
1980-01-30,180.0
1980-01-31,180.0
1980-02-01,190.0
1980-02-02,200.0
1980-02-03,205.0
1980-02-04,205.0
1980-02-05,205.0
1980-02-06,200.0
1980-02-07,200.0
1980-02-08,180.0
1980-02-09,170.0
1980-02-10,180.0
1980-02-11,180.0
1980-02-12,190.0
1980-02-13,195.0
1980-02-14,200.0
1980-02-15,205.0
1980-02-16,200.0
1980-02-17,205.0
1980-02-18,210.0
1980-02-19,215.0
1980-02-20,215.0
1980-02-21,215.0
1980-02-22,210.0
1980-02-23,200.0
1980-02-24,180.0
1980-02-25,200.0
1980-02-26,225.0
1980-02-27,222.0
1980-02-28,198.0
1980-02-29,190.0
1980-03-01,159.0
1980-03-02,161.0
1980-03-03,170.0
1980-03-04,168.0
1980-03-05,164.0
1980-03-06,170.0
1980-03-07,175.0
1980-03-08,159.0
1980-03-09,159.0
1980-03-10,161.0
1980-03-11,173.0
1980-03-12,175.0
1980-03-13,161.0
1980-03-14,185.0
1980-03-15,205.0
1980-03-16,200.0
1980-03-17,170.0
1980-03-18,166.0
1980-03-19,170.0
1980-03-20,170.0
1980-03-21,161.0
1980-03-22,168.0
1980-03-23,164.0
1980-03-24,154.0
1980-03-25,173.0
1980-03-26,161.0
1980-03-27,161.0
1980-03-28,166.0
1980-03-29,159.0
1980-03-30,154.0
1980-03-31,200.0
1980-04-01,118.0
1980-04-02,120.0
1980-04-03,115.0
1980-04-04,115.0
1980-04-05,127.0
1980-04-06,132.0
1980-04-07,132.0
1980-04-08,102.0
1980-04-09,110.0
1980-04-10,134.0
1980-04-11,159.0
1980-04-12,150.0
1980-04-13,144.0
1980-04-14,248.0
1980-04-15,222.0
1980-04-16,301.0
1980-04-17,298.0
1980-04-18,319.0
1980-04-19,344.0
1980-04-20,354.0
1980-04-21,389.0
1980-04-22,361.0
1980-04-23,392.0
1980-04-24,492.0
1980-04-25,572.0
1980-04-26,681.0
1980-04-27,686.0
1980-04-28,722.0
1980-04-29,740.0
1980-04-30,860.0
1980-05-01,1280.0
1980-05-02,1570.0
1980-05-03,1720.0
1980-05-04,1720.0
1980-05-05,1770.0
1980-05-06,1860.0
1980-05-07,1970.0
1980-05-08,2130.0
1980-05-09,2500.0
1980-05-10,2430.0
1980-05-11,2270.0
1980-05-12,2060.0
1980-05-13,1840.0
1980-05-14,1690.0
1980-05-15,1700.0
1980-05-16,1820.0
1980-05-17,1880.0
1980-05-18,1880.0
1980-05-19,1850.0
1980-05-20,1760.0
1980-05-21,1720.0
1980-05-22,1860.0
1980-05-23,2040.0
1980-05-24,2200.0
1980-05-25,2230.0
1980-05-26,2120.0
1980-05-27,1950.0
1980-05-28,1880.0
1980-05-29,1860.0
1980-05-30,1780.0
1980-05-31,1740.0
1980-06-01,1720.0
1980-06-02,1720.0
1980-06-03,1720.0
1980-06-04,1770.0
1980-06-05,1850.0
1980-06-06,1900.0
1980-06-07,1910.0
1980-06-08,1900.0
1980-06-09,2110.0
1980-06-10,2230.0
1980-06-11,2480.0
1980-06-12,2570.0
1980-06-13,2540.0
1980-06-14,2480.0
1980-06-15,2440.0
1980-06-16,2340.0
1980-06-17,2270.0
1980-06-18,2210.0
1980-06-19,2150.0
1980-06-20,2010.0
1980-06-21,1920.0
1980-06-22,1840.0
1980-06-23,1720.0
1980-06-24,1650.0
1980-06-25,1550.0
1980-06-26,1480.0
1980-06-27,1420.0
1980-06-28,1330.0
1980-06-29,1250.0
1980-06-30,1190.0
1980-07-01,1210.0
1980-07-02,1510.0
1980-07-03,1530.0
1980-07-04,1430.0
1980-07-05,1250.0
1980-07-06,1170.0
1980-07-07,1090.0
1980-07-08,1120.0
1980-07-09,1110.0
1980-07-10,1140.0
1980-07-11,1030.0
1980-07-12,1140.0
1980-07-13,1090.0
1980-07-14,1080.0
1980-07-15,996.0
1980-07-16,920.0
1980-07-17,855.0
1980-07-18,790.0
1980-07-19,748.0
1980-07-20,699.0
1980-07-21,744.0
1980-07-22,800.0
1980-07-23,920.0
1980-07-24,900.0
1980-07-25,915.0
1980-07-26,941.0
1980-07-27,915.0
1980-07-28,845.0
1980-07-29,722.0
1980-07-30,758.0
1980-07-31,885.0
1980-08-01,815.0
1980-08-02,785.0
1980-08-03,855.0
1980-08-04,820.0
1980-08-05,717.0
1980-08-06,672.0
1980-08-07,708.0
1980-08-08,704.0
1980-08-09,735.0
1980-08-10,686.0
1980-08-11,672.0
1980-08-12,658.0
1980-08-13,618.0
1980-08-14,622.0
1980-08-15,690.0
1980-08-16,699.0
1980-08-17,668.0
1980-08-18,676.0
1980-08-19,650.0
1980-08-20,632.0
1980-08-21,592.0
1980-08-22,572.0
1980-08-23,568.0
1980-08-24,572.0
1980-08-25,560.0
1980-08-26,592.0
1980-08-27,548.0
1980-08-28,556.0
1980-08-29,588.0
1980-08-30,588.0
1980-08-31,592.0
1980-09-01,584.0
1980-09-02,668.0
1980-09-03,668.0
1980-09-04,636.0
1980-09-05,622.0
1980-09-06,622.0
1980-09-07,618.0
1980-09-08,614.0
1980-09-09,622.0
1980-09-10,584.0
1980-09-11,508.0
1980-09-12,313.0
1980-09-13,310.0
1980-09-14,307.0
1980-09-15,307.0
1980-09-16,331.0
1980-09-17,375.0
1980-09-18,403.0
1980-09-19,406.0
1980-09-20,456.0
1980-09-21,448.0
1980-09-22,452.0
1980-09-23,403.0
1980-09-24,190.0
1980-09-25,154.0
1980-09-26,150.0
1980-09-27,144.0
1980-09-28,140.0
1980-09-29,136.0
1980-09-30,157.0
1980-10-01,358.0
1980-10-02,389.0
1980-10-03,344.0
1980-10-04,304.0
1980-10-05,304.0
1980-10-06,313.0
1980-10-07,358.0
1980-10-08,406.0
1980-10-09,406.0
1980-10-10,406.0
1980-10-11,410.0
1980-10-12,406.0
1980-10-13,417.0
1980-10-14,445.0
1980-10-15,456.0
1980-10-16,442.0
1980-10-17,414.0
1980-10-18,442.0
1980-10-19,445.0
1980-10-20,448.0
1980-10-21,442.0
1980-10-22,424.0
1980-10-23,424.0
1980-10-24,414.0
1980-10-25,428.0
1980-10-26,286.0
1980-10-27,232.0
1980-10-28,232.0
1980-10-29,310.0
1980-10-30,328.0
1980-10-31,328.0
1980-11-01,328.0
1980-11-02,328.0
1980-11-03,313.0
1980-11-04,328.0
1980-11-05,368.0
1980-11-06,382.0
1980-11-07,358.0
1980-11-08,350.0
1980-11-09,354.0
1980-11-10,350.0
1980-11-11,350.0
1980-11-12,354.0
1980-11-13,364.0
1980-11-14,347.0
1980-11-15,322.0
1980-11-16,322.0
1980-11-17,238.0
1980-11-18,232.0
1980-11-19,238.0
1980-11-20,238.0
1980-11-21,238.0
1980-11-22,265.0
1980-11-23,292.0
1980-11-24,274.0
1980-11-25,242.0
1980-11-26,242.0
1980-11-27,230.0
1980-11-28,245.0
1980-11-29,255.0
1980-11-30,250.0
1980-12-01,245.0
1980-12-02,238.0
1980-12-03,240.0
1980-12-04,212.0
1980-12-05,225.0
1980-12-06,225.0
1980-12-07,222.0
1980-12-08,220.0
1980-12-09,210.0
1980-12-10,215.0
1980-12-11,228.0
1980-12-12,232.0
1980-12-13,225.0
1980-12-14,220.0
1980-12-15,228.0
1980-12-16,235.0
1980-12-17,228.0
1980-12-18,225.0
1980-12-19,220.0
1980-12-20,208.0
1980-12-21,225.0
1980-12-22,230.0
1980-12-23,218.0
1980-12-24,192.0
1980-12-25,210.0
1980-12-26,198.0
1980-12-27,198.0
1980-12-28,200.0
1980-12-29,198.0
1980-12-30,185.0
1980-12-31,198.0
1981-01-01,190.0
1981-01-02,185.0
1981-01-03,230.0
1981-01-04,265.0
1981-01-05,255.0
1981-01-06,250.0
1981-01-07,245.0
1981-01-08,240.0
1981-01-09,230.0
1981-01-10,230.0
1981-01-11,225.0
1981-01-12,215.0
1981-01-13,210.0
1981-01-14,205.0
1981-01-15,205.0
1981-01-16,215.0
1981-01-17,205.0
1981-01-18,215.0
1981-01-19,220.0
1981-01-20,215.0
1981-01-21,210.0
1981-01-22,220.0
1981-01-23,230.0
1981-01-24,235.0
1981-01-25,230.0
1981-01-26,225.0
1981-01-27,225.0
1981-01-28,230.0
1981-01-29,240.0
1981-01-30,235.0
1981-01-31,235.0
1981-02-01,220.0
1981-02-02,205.0
1981-02-03,210.0
1981-02-04,215.0
1981-02-05,210.0
1981-02-06,215.0
1981-02-07,220.0
1981-02-08,225.0
1981-02-09,235.0
1981-02-10,170.0
1981-02-11,130.0
1981-02-12,180.0
1981-02-13,190.0
1981-02-14,195.0
1981-02-15,205.0
1981-02-16,210.0
1981-02-17,215.0
1981-02-18,212.0
1981-02-19,212.0
1981-02-20,218.0
1981-02-21,222.0
1981-02-22,208.0
1981-02-23,215.0
1981-02-24,220.0
1981-02-25,218.0
1981-02-26,200.0
1981-02-27,195.0
1981-02-28,190.0
1981-03-01,190.0
1981-03-02,192.0
1981-03-03,198.0
1981-03-04,202.0
1981-03-05,161.0
1981-03-06,173.0
1981-03-07,175.0
1981-03-08,161.0
1981-03-09,166.0
1981-03-10,166.0
1981-03-11,164.0
1981-03-12,152.0
1981-03-13,152.0
1981-03-14,150.0
1981-03-15,150.0
1981-03-16,152.0
1981-03-17,157.0
1981-03-18,157.0
1981-03-19,152.0
1981-03-20,159.0
1981-03-21,168.0
1981-03-22,161.0
1981-03-23,161.0
1981-03-24,166.0
1981-03-25,161.0
1981-03-26,144.0
1981-03-27,136.0
1981-03-28,150.0
1981-03-29,142.0
1981-03-30,127.0
1981-03-31,118.0
1981-04-01,115.0
1981-04-02,190.0
1981-04-03,220.0
1981-04-04,210.0
1981-04-05,188.0
1981-04-06,200.0
1981-04-07,212.0
1981-04-08,256.0
1981-04-09,256.0
1981-04-10,271.0
1981-04-11,280.0
1981-04-12,280.0
1981-04-13,271.0
1981-04-14,154.0
1981-04-15,304.0
1981-04-16,354.0
1981-04-17,424.0
1981-04-18,442.0
1981-04-19,442.0
1981-04-20,445.0
1981-04-21,438.0
1981-04-22,448.0
1981-04-23,488.0
1981-04-24,476.0
1981-04-25,470.0
1981-04-26,466.0
1981-04-27,459.0
1981-04-28,438.0
1981-04-29,466.0
1981-04-30,442.0
1981-05-01,434.0
1981-05-02,417.0
1981-05-03,462.0
1981-05-04,466.0
1981-05-05,410.0
1981-05-06,456.0
1981-05-07,473.0
1981-05-08,470.0
1981-05-09,480.0
1981-05-10,470.0
1981-05-11,452.0
1981-05-12,445.0
1981-05-13,445.0
1981-05-14,445.0
1981-05-15,434.0
1981-05-16,389.0
1981-05-17,389.0
1981-05-18,322.0
1981-05-19,295.0
1981-05-20,347.0
1981-05-21,340.0
1981-05-22,316.0
1981-05-23,310.0
1981-05-24,325.0
1981-05-25,389.0
1981-05-26,392.0
1981-05-27,392.0
1981-05-28,400.0
1981-05-29,325.0
1981-05-30,245.0
1981-05-31,220.0
1981-06-01,280.0
1981-06-02,310.0
1981-06-03,414.0
1981-06-04,337.0
1981-06-05,277.0
1981-06-06,289.0
1981-06-07,364.0
1981-06-08,400.0
1981-06-09,462.0
1981-06-10,470.0
1981-06-11,484.0
1981-06-12,516.0
1981-06-13,548.0
1981-06-14,552.0
1981-06-15,389.0
1981-06-16,414.0
1981-06-17,476.0
1981-06-18,462.0
1981-06-19,462.0
1981-06-20,462.0
1981-06-21,462.0
1981-06-22,462.0
1981-06-23,484.0
1981-06-24,496.0
1981-06-25,528.0
1981-06-26,508.0
1981-06-27,488.0
1981-06-28,492.0
1981-06-29,524.0
1981-06-30,540.0
1981-07-01,516.0
1981-07-02,524.0
1981-07-03,532.0
1981-07-04,504.0
1981-07-05,520.0
1981-07-06,528.0
1981-07-07,516.0
1981-07-08,480.0
1981-07-09,476.0
1981-07-10,473.0
1981-07-11,476.0
1981-07-12,508.0
1981-07-13,536.0
1981-07-14,532.0
1981-07-15,528.0
1981-07-16,544.0
1981-07-17,466.0
1981-07-18,438.0
1981-07-19,442.0
1981-07-20,424.0
1981-07-21,414.0
1981-07-22,466.0
1981-07-23,508.0
1981-07-24,508.0
1981-07-25,520.0
1981-07-26,524.0
1981-07-27,544.0
1981-07-28,476.0
1981-07-29,473.0
1981-07-30,496.0
1981-07-31,500.0
1981-08-01,508.0
1981-08-02,492.0
1981-08-03,604.0
1981-08-04,609.0
1981-08-05,632.0
1981-08-06,632.0
1981-08-07,614.0
1981-08-08,622.0
1981-08-09,632.0
1981-08-10,627.0
1981-08-11,604.0
1981-08-12,592.0
1981-08-13,528.0
1981-08-14,400.0
1981-08-15,378.0
1981-08-16,403.0
1981-08-17,410.0
1981-08-18,392.0
1981-08-19,378.0
1981-08-20,386.0
1981-08-21,428.0
1981-08-22,428.0
1981-08-23,428.0
1981-08-24,420.0
1981-08-25,452.0
1981-08-26,516.0
1981-08-27,520.0
1981-08-28,504.0
1981-08-29,496.0
1981-08-30,500.0
1981-08-31,500.0
1981-09-01,504.0
1981-09-02,496.0
1981-09-03,500.0
1981-09-04,480.0
1981-09-05,466.0
1981-09-06,466.0
1981-09-07,470.0
1981-09-08,420.0
1981-09-09,445.0
1981-09-10,434.0
1981-09-11,452.0
1981-09-12,445.0
1981-09-13,445.0
1981-09-14,459.0
1981-09-15,476.0
1981-09-16,488.0
1981-09-17,488.0
1981-09-18,466.0
1981-09-19,406.0
1981-09-20,347.0
1981-09-21,313.0
1981-09-22,313.0
1981-09-23,325.0
1981-09-24,428.0
1981-09-25,434.0
1981-09-26,420.0
1981-09-27,406.0
1981-09-28,403.0
1981-09-29,400.0
1981-09-30,400.0
1981-10-01,372.0
1981-10-02,417.0
1981-10-03,434.0
1981-10-04,372.0
1981-10-05,337.0
1981-10-06,382.0
1981-10-07,378.0
1981-10-08,389.0
1981-10-09,434.0
1981-10-10,428.0
1981-10-11,172.0
1981-10-12,122.0
1981-10-13,278.0
1981-10-14,396.0
1981-10-15,410.0
1981-10-16,420.0
1981-10-17,428.0
1981-10-18,462.0
1981-10-19,456.0
1981-10-20,386.0
1981-10-21,382.0
1981-10-22,392.0
1981-10-23,389.0
1981-10-24,382.0
1981-10-25,375.0
1981-10-26,378.0
1981-10-27,364.0
1981-10-28,347.0
1981-10-29,347.0
1981-10-30,368.0
1981-10-31,372.0
1981-11-01,364.0
1981-11-02,378.0
1981-11-03,372.0
1981-11-04,375.0
1981-11-05,268.0
1981-11-06,232.0
1981-11-07,212.0
1981-11-08,210.0
1981-11-09,200.0
1981-11-10,195.0
1981-11-11,222.0
1981-11-12,225.0
1981-11-13,238.0
1981-11-14,301.0
1981-11-15,307.0
1981-11-16,271.0
1981-11-17,238.0
1981-11-18,235.0
1981-11-19,222.0
1981-11-20,210.0
1981-11-21,238.0
1981-11-22,238.0
1981-11-23,238.0
1981-11-24,235.0
1981-11-25,235.0
1981-11-26,228.0
1981-11-27,210.0
1981-11-28,220.0
1981-11-29,228.0
1981-11-30,225.0
1981-12-01,168.0
1981-12-02,192.0
1981-12-03,195.0
1981-12-04,188.0
1981-12-05,192.0
1981-12-06,192.0
1981-12-07,188.0
1981-12-08,185.0
1981-12-09,178.0
1981-12-10,190.0
1981-12-11,190.0
1981-12-12,190.0
1981-12-13,185.0
1981-12-14,182.0
1981-12-15,178.0
1981-12-16,188.0
1981-12-17,166.0
1981-12-18,161.0
1981-12-19,192.0
1981-12-20,220.0
1981-12-21,212.0
1981-12-22,205.0
1981-12-23,170.0
1981-12-24,145.0
1981-12-25,195.0
1981-12-26,190.0
1981-12-27,200.0
1981-12-28,175.0
1981-12-29,180.0
1981-12-30,195.0
1981-12-31,195.0
1982-01-01,190.0
1982-01-02,210.0
1982-01-03,170.0
1982-01-04,180.0
1982-01-05,220.0
1982-01-06,220.0
1982-01-07,170.0
1982-01-08,180.0
1982-01-09,220.0
1982-01-10,205.0
1982-01-11,190.0
1982-01-12,195.0
1982-01-13,180.0
1982-01-14,180.0
1982-01-15,205.0
1982-01-16,180.0
1982-01-17,200.0
1982-01-18,180.0
1982-01-19,195.0
1982-01-20,185.0
1982-01-21,185.0
1982-01-22,180.0
1982-01-23,165.0
1982-01-24,200.0
1982-01-25,190.0
1982-01-26,210.0
1982-01-27,210.0
1982-01-28,170.0
1982-01-29,190.0
1982-01-30,170.0
1982-01-31,175.0
1982-02-01,205.0
1982-02-02,195.0
1982-02-03,150.0
1982-02-04,130.0
1982-02-05,115.0
1982-02-06,150.0
1982-02-07,190.0
1982-02-08,180.0
1982-02-09,170.0
1982-02-10,175.0
1982-02-11,170.0
1982-02-12,205.0
1982-02-13,220.0
1982-02-14,225.0
1982-02-15,230.0
1982-02-16,220.0
1982-02-17,225.0
1982-02-18,210.0
1982-02-19,215.0
1982-02-20,215.0
1982-02-21,215.0
1982-02-22,215.0
1982-02-23,220.0
1982-02-24,210.0
1982-02-25,205.0
1982-02-26,195.0
1982-02-27,200.0
1982-02-28,200.0
1982-03-01,195.0
1982-03-02,200.0
1982-03-03,200.0
1982-03-04,205.0
1982-03-05,190.0
1982-03-06,180.0
1982-03-07,190.0
1982-03-08,195.0
1982-03-09,200.0
1982-03-10,200.0
1982-03-11,212.0
1982-03-12,218.0
1982-03-13,212.0
1982-03-14,218.0
1982-03-15,218.0
1982-03-16,212.0
1982-03-17,210.0
1982-03-18,178.0
1982-03-19,164.0
1982-03-20,148.0
1982-03-21,138.0
1982-03-22,134.0
1982-03-23,168.0
1982-03-24,190.0
1982-03-25,205.0
1982-03-26,202.0
1982-03-27,205.0
1982-03-28,136.0
1982-03-29,83.0
1982-03-30,76.0
1982-03-31,70.0
1982-04-01,78.0
1982-04-02,76.0
1982-04-03,141.0
1982-04-04,159.0
1982-04-05,170.0
1982-04-06,238.0
1982-04-07,238.0
1982-04-08,232.0
1982-04-09,230.0
1982-04-10,274.0
1982-04-11,277.0
1982-04-12,298.0
1982-04-13,389.0
1982-04-14,403.0
1982-04-15,420.0
1982-04-16,431.0
1982-04-17,428.0
1982-04-18,417.0
1982-04-19,420.0
1982-04-20,403.0
1982-04-21,307.0
1982-04-22,313.0
1982-04-23,328.0
1982-04-24,414.0
1982-04-25,417.0
1982-04-26,410.0
1982-04-27,400.0
1982-04-28,400.0
1982-04-29,400.0
1982-04-30,417.0
1982-05-01,445.0
1982-05-02,448.0
1982-05-03,492.0
1982-05-04,600.0
1982-05-05,627.0
1982-05-06,588.0
1982-05-07,556.0
1982-05-08,548.0
1982-05-09,548.0
1982-05-10,556.0
1982-05-11,560.0
1982-05-12,584.0
1982-05-13,576.0
1982-05-14,480.0
1982-05-15,431.0
1982-05-16,431.0
1982-05-17,445.0
1982-05-18,445.0
1982-05-19,448.0
1982-05-20,431.0
1982-05-21,428.0
1982-05-22,492.0
1982-05-23,512.0
1982-05-24,516.0
1982-05-25,448.0
1982-05-26,462.0
1982-05-27,466.0
1982-05-28,442.0
1982-05-29,459.0
1982-05-30,438.0
1982-05-31,406.0
1982-06-01,400.0
1982-06-02,389.0
1982-06-03,406.0
1982-06-04,392.0
1982-06-05,392.0
1982-06-06,403.0
1982-06-07,368.0
1982-06-08,375.0
1982-06-09,403.0
1982-06-10,434.0
1982-06-11,492.0
1982-06-12,614.0
1982-06-13,650.0
1982-06-14,681.0
1982-06-15,668.0
1982-06-16,536.0
1982-06-17,438.0
1982-06-18,504.0
1982-06-19,544.0
1982-06-20,476.0
1982-06-21,448.0
1982-06-22,466.0
1982-06-23,540.0
1982-06-24,528.0
1982-06-25,544.0
1982-06-26,572.0
1982-06-27,532.0
1982-06-28,544.0
1982-06-29,556.0
1982-06-30,528.0
1982-07-01,536.0
1982-07-02,504.0
1982-07-03,476.0
1982-07-04,462.0
1982-07-05,452.0
1982-07-06,452.0
1982-07-07,690.0
1982-07-08,758.0
1982-07-09,681.0
1982-07-10,681.0
1982-07-11,668.0
1982-07-12,658.0
1982-07-13,650.0
1982-07-14,622.0
1982-07-15,654.0
1982-07-16,663.0
1982-07-17,658.0
1982-07-18,654.0
1982-07-19,663.0
1982-07-20,726.0
1982-07-21,758.0
1982-07-22,766.0
1982-07-23,762.0
1982-07-24,762.0
1982-07-25,758.0
1982-07-26,780.0
1982-07-27,805.0
1982-07-28,890.0
1982-07-29,885.0
1982-07-30,1010.0
1982-07-31,1160.0
1982-08-01,1160.0
1982-08-02,1100.0
1982-08-03,1090.0
1982-08-04,1080.0
1982-08-05,1120.0
1982-08-06,996.0
1982-08-07,870.0
1982-08-08,785.0
1982-08-09,564.0
1982-08-10,548.0
1982-08-11,592.0
1982-08-12,676.0
1982-08-13,780.0
1982-08-14,890.0
1982-08-15,805.0
1982-08-16,805.0
1982-08-17,840.0
1982-08-18,900.0
1982-08-19,890.0
1982-08-20,875.0
1982-08-21,958.0
1982-08-22,920.0
1982-08-23,915.0
1982-08-24,968.0
1982-08-25,910.0
1982-08-26,920.0
1982-08-27,915.0
1982-08-28,996.0
1982-08-29,920.0
1982-08-30,805.0
1982-08-31,780.0
1982-09-01,758.0
1982-09-02,735.0
1982-09-03,726.0
1982-09-04,708.0
1982-09-05,681.0
1982-09-06,676.0
1982-09-07,694.0
1982-09-08,712.0
1982-09-09,672.0
1982-09-10,609.0
1982-09-11,632.0
1982-09-12,681.0
1982-09-13,735.0
1982-09-14,726.0
1982-09-15,735.0
1982-09-16,726.0
1982-09-17,668.0
1982-09-18,564.0
1982-09-19,560.0
1982-09-20,572.0
1982-09-21,378.0
1982-09-22,500.0
1982-09-23,476.0
1982-09-24,438.0
1982-09-25,307.0
1982-09-26,295.0
1982-09-27,295.0
1982-09-28,253.0
1982-09-29,242.0
1982-09-30,245.0
1982-10-01,271.0
1982-10-02,268.0
1982-10-03,274.0
1982-10-04,340.0
1982-10-05,340.0
1982-10-06,337.0
1982-10-07,325.0
1982-10-08,331.0
1982-10-09,328.0
1982-10-10,316.0
1982-10-11,322.0
1982-10-12,316.0
1982-10-13,334.0
1982-10-14,337.0
1982-10-15,361.0
1982-10-16,382.0
1982-10-17,386.0
1982-10-18,382.0
1982-10-19,354.0
1982-10-20,328.0
1982-10-21,319.0
1982-10-22,307.0
1982-10-23,295.0
1982-10-24,295.0
1982-10-25,286.0
1982-10-26,283.0
1982-10-27,283.0
1982-10-28,283.0
1982-10-29,256.0
1982-10-30,271.0
1982-10-31,271.0
1982-11-01,271.0
1982-11-02,265.0
1982-11-03,289.0
1982-11-04,375.0
1982-11-05,389.0
1982-11-06,448.0
1982-11-07,445.0
1982-11-08,448.0
1982-11-09,456.0
1982-11-10,470.0
1982-11-11,500.0
1982-11-12,476.0
1982-11-13,476.0
1982-11-14,492.0
1982-11-15,488.0
1982-11-16,496.0
1982-11-17,496.0
1982-11-18,378.0
1982-11-19,340.0
1982-11-20,310.0
1982-11-21,295.0
1982-11-22,259.0
1982-11-23,208.0
1982-11-24,150.0
1982-11-25,150.0
1982-11-26,185.0
1982-11-27,164.0
1982-11-28,180.0
1982-11-29,180.0
1982-11-30,175.0
1982-12-01,180.0
1982-12-02,125.0
1982-12-03,140.0
1982-12-04,115.0
1982-12-05,145.0
1982-12-06,155.0
1982-12-07,155.0
1982-12-08,155.0
1982-12-09,205.0
1982-12-10,212.0
1982-12-11,218.0
1982-12-12,195.0
1982-12-13,192.0
1982-12-14,188.0
1982-12-15,159.0
1982-12-16,205.0
1982-12-17,230.0
1982-12-18,180.0
1982-12-19,148.0
1982-12-20,152.0
1982-12-21,136.0
1982-12-22,120.0
1982-12-23,124.0
1982-12-24,89.0
1982-12-25,70.0
1982-12-26,120.0
1982-12-27,140.0
1982-12-28,105.0
1982-12-29,100.0
1982-12-30,90.0
1982-12-31,125.0
1983-01-01,135.0
1983-01-02,135.0
1983-01-03,135.0
1983-01-04,130.0
1983-01-05,140.0
1983-01-06,140.0
1983-01-07,130.0
1983-01-08,120.0
1983-01-09,120.0
1983-01-10,110.0
1983-01-11,120.0
1983-01-12,130.0
1983-01-13,85.0
1983-01-14,185.0
1983-01-15,100.0
1983-01-16,110.0
1983-01-17,110.0
1983-01-18,115.0
1983-01-19,115.0
1983-01-20,115.0
1983-01-21,120.0
1983-01-22,190.0
1983-01-23,60.0
1983-01-24,95.0
1983-01-25,95.0
1983-01-26,100.0
1983-01-27,100.0
1983-01-28,125.0
1983-01-29,110.0
1983-01-30,100.0
1983-01-31,110.0
1983-02-01,120.0
1983-02-02,120.0
1983-02-03,120.0
1983-02-04,100.0
1983-02-05,110.0
1983-02-06,100.0
1983-02-07,110.0
1983-02-08,120.0
1983-02-09,120.0
1983-02-10,120.0
1983-02-11,110.0
1983-02-12,110.0
1983-02-13,145.0
1983-02-14,120.0
1983-02-15,150.0
1983-02-16,155.0
1983-02-17,150.0
1983-02-18,145.0
1983-02-19,145.0
1983-02-20,150.0
1983-02-21,145.0
1983-02-22,155.0
1983-02-23,152.0
1983-02-24,148.0
1983-02-25,152.0
1983-02-26,161.0
1983-02-27,159.0
1983-02-28,159.0
1983-03-01,166.0
1983-03-02,175.0
1983-03-03,180.0
1983-03-04,185.0
1983-03-05,205.0
1983-03-06,195.0
1983-03-07,180.0
1983-03-08,190.0
1983-03-09,185.0
1983-03-10,198.0
1983-03-11,173.0
1983-03-12,180.0
1983-03-13,185.0
1983-03-14,200.0
1983-03-15,259.0
1983-03-16,280.0
1983-03-17,340.0
1983-03-18,319.0
1983-03-19,265.0
1983-03-20,242.0
1983-03-21,230.0
1983-03-22,242.0
1983-03-23,238.0
1983-03-24,225.0
1983-03-25,232.0
1983-03-26,222.0
1983-03-27,205.0
1983-03-28,220.0
1983-03-29,248.0
1983-03-30,238.0
1983-03-31,240.0
1983-04-01,248.0
1983-04-02,245.0
1983-04-03,322.0
1983-04-04,334.0
1983-04-05,307.0
1983-04-06,301.0
1983-04-07,313.0
1983-04-08,319.0
1983-04-09,313.0
1983-04-10,319.0
1983-04-11,337.0
1983-04-12,337.0
1983-04-13,331.0
1983-04-14,310.0
1983-04-15,307.0
1983-04-16,319.0
1983-04-17,337.0
1983-04-18,389.0
1983-04-19,492.0
1983-04-20,576.0
1983-04-21,722.0
1983-04-22,920.0
1983-04-23,985.0
1983-04-24,1050.0
1983-04-25,1450.0
1983-04-26,1720.0
1983-04-27,1590.0
1983-04-28,1450.0
1983-04-29,1380.0
1983-04-30,1350.0
1983-05-01,1350.0
1983-05-02,1350.0
1983-05-03,1240.0
1983-05-04,1210.0
1983-05-05,1230.0
1983-05-06,1310.0
1983-05-07,1300.0
1983-05-08,1310.0
1983-05-09,1490.0
1983-05-10,1630.0
1983-05-11,1650.0
1983-05-12,1580.0
1983-05-13,1500.0
1983-05-14,1380.0
1983-05-15,1250.0
1983-05-16,1180.0
1983-05-17,1180.0
1983-05-18,1110.0
1983-05-19,1140.0
1983-05-20,1190.0
1983-05-21,1190.0
1983-05-22,1370.0
1983-05-23,1500.0
1983-05-24,1590.0
1983-05-25,1710.0
1983-05-26,1790.0
1983-05-27,1920.0
1983-05-28,2100.0
1983-05-29,2180.0
1983-05-30,2360.0
1983-05-31,2260.0
1983-06-01,2070.0
1983-06-02,1990.0
1983-06-03,1900.0
1983-06-04,1830.0
1983-06-05,1820.0
1983-06-06,1790.0
1983-06-07,1810.0
1983-06-08,1790.0
1983-06-09,1840.0
1983-06-10,1910.0
1983-06-11,2030.0
1983-06-12,2250.0
1983-06-13,2120.0
1983-06-14,2000.0
1983-06-15,1940.0
1983-06-16,1930.0
1983-06-17,1900.0
1983-06-18,2000.0
1983-06-19,2210.0
1983-06-20,2230.0
1983-06-21,2170.0
1983-06-22,2100.0
1983-06-23,2180.0
1983-06-24,2090.0
1983-06-25,2030.0
1983-06-26,2230.0
1983-06-27,2330.0
1983-06-28,2420.0
1983-06-29,2440.0
1983-06-30,2360.0
1983-07-01,2040.0
1983-07-02,1780.0
1983-07-03,1610.0
1983-07-04,1460.0
1983-07-05,1350.0
1983-07-06,1260.0
1983-07-07,1180.0
1983-07-08,1150.0
1983-07-09,1110.0
1983-07-10,1080.0
1983-07-11,1150.0
1983-07-12,1090.0
1983-07-13,1090.0
1983-07-14,1150.0
1983-07-15,1030.0
1983-07-16,941.0
1983-07-17,895.0
1983-07-18,850.0
1983-07-19,825.0
1983-07-20,800.0
1983-07-21,845.0
1983-07-22,936.0
1983-07-23,1050.0
1983-07-24,1080.0
1983-07-25,952.0
1983-07-26,885.0
1983-07-27,910.0
1983-07-28,952.0
1983-07-29,915.0
1983-07-30,895.0
1983-07-31,910.0
1983-08-01,910.0
1983-08-02,936.0
1983-08-03,915.0
1983-08-04,1050.0
1983-08-05,1110.0
1983-08-06,1220.0
1983-08-07,1260.0
1983-08-08,1180.0
1983-08-09,1110.0
1983-08-10,1030.0
1983-08-11,941.0
1983-08-12,915.0
1983-08-13,980.0
1983-08-14,1050.0
1983-08-15,1030.0
1983-08-16,1010.0
1983-08-17,974.0
1983-08-18,936.0
1983-08-19,900.0
1983-08-20,980.0
1983-08-21,920.0
1983-08-22,890.0
1983-08-23,890.0
1983-08-24,830.0
1983-08-25,810.0
1983-08-26,880.0
1983-08-27,850.0
1983-08-28,825.0
1983-08-29,820.0
1983-08-30,835.0
1983-08-31,820.0
1983-09-01,776.0
1983-09-02,740.0
1983-09-03,704.0
1983-09-04,676.0
1983-09-05,650.0
1983-09-06,622.0
1983-09-07,654.0
1983-09-08,556.0
1983-09-09,516.0
1983-09-10,492.0
1983-09-11,496.0
1983-09-12,459.0
1983-09-13,442.0
1983-09-14,431.0
1983-09-15,448.0
1983-09-16,496.0
1983-09-17,476.0
1983-09-18,470.0
1983-09-19,456.0
1983-09-20,400.0
1983-09-21,396.0
1983-09-22,382.0
1983-09-23,372.0
1983-09-24,364.0
1983-09-25,364.0
1983-09-26,354.0
1983-09-27,389.0
1983-09-28,438.0
1983-09-29,448.0
1983-09-30,452.0
1983-10-01,574.0
1983-10-02,568.0
1983-10-03,580.0
1983-10-04,521.0
1983-10-05,463.0
1983-10-06,408.0
1983-10-07,373.0
1983-10-08,346.0
1983-10-09,324.0
1983-10-10,348.0
1983-10-11,336.0
1983-10-12,310.0
1983-10-13,303.0
1983-10-14,306.0
1983-10-15,309.0
1983-10-16,330.0
1983-10-17,334.0
1983-10-18,273.0
1983-10-19,268.0
1983-10-20,253.0
1983-10-21,253.0
1983-10-22,249.0
1983-10-23,242.0
1983-10-24,268.0
1983-10-25,253.0
1983-10-26,291.0
1983-10-27,239.0
1983-10-28,238.0
1983-10-29,286.0
1983-10-30,313.0
1983-10-31,286.0
1983-11-01,262.0
1983-11-02,250.0
1983-11-03,256.0
1983-11-04,240.0
1983-11-05,236.0
1983-11-06,243.0
1983-11-07,237.0
1983-11-08,260.0
1983-11-09,217.0
1983-11-10,231.0
1983-11-11,251.0
1983-11-12,254.0
1983-11-13,242.0
1983-11-14,232.0
1983-11-15,168.0
1983-11-16,189.0
1983-11-17,230.0
1983-11-18,229.0
1983-11-19,210.0
1983-11-20,213.0
1983-11-21,234.0
1983-11-22,203.0
1983-11-23,186.0
1983-11-24,239.0
1983-11-25,233.0
1983-11-26,207.0
1983-11-27,199.0
1983-11-28,202.0
1983-11-29,215.0
1983-11-30,187.0
1983-12-01,253.0
1983-12-02,263.0
1983-12-03,239.0
1983-12-04,255.0
1983-12-05,140.0
1983-12-06,224.0
1983-12-07,214.0
1983-12-08,223.0
1983-12-09,229.0
1983-12-10,224.0
1983-12-11,210.0
1983-12-12,204.0
1983-12-13,202.0
1983-12-14,203.0
1983-12-15,214.0
1983-12-16,178.0
1983-12-17,178.0
1983-12-18,159.0
1983-12-19,190.0
1983-12-20,149.0
1983-12-21,168.0
1983-12-22,222.0
1983-12-23,198.0
1983-12-24,256.0
1983-12-25,266.0
1983-12-26,274.0
1983-12-27,276.0
1983-12-28,261.0
1983-12-29,238.0
1983-12-30,255.0
1983-12-31,265.0
1984-01-01,267.0
1984-01-02,241.0
1984-01-03,251.0
1984-01-04,279.0
1984-01-05,262.0
1984-01-06,255.0
1984-01-07,239.0
1984-01-08,293.0
1984-01-09,305.0
1984-01-10,243.0
1984-01-11,227.0
1984-01-12,239.0
1984-01-13,188.0
1984-01-14,178.0
1984-01-15,161.0
1984-01-16,165.0
1984-01-17,161.0
1984-01-18,192.0
1984-01-19,227.0
1984-01-20,237.0
1984-01-21,239.0
1984-01-22,282.0
1984-01-23,256.0
1984-01-24,271.0
1984-01-25,260.0
1984-01-26,277.0
1984-01-27,257.0
1984-01-28,281.0
1984-01-29,275.0
1984-01-30,262.0
1984-01-31,275.0
1984-02-01,293.0
1984-02-02,275.0
1984-02-03,276.0
1984-02-04,292.0
1984-02-05,281.0
1984-02-06,356.0
1984-02-07,250.0
1984-02-08,226.0
1984-02-09,243.0
1984-02-10,258.0
1984-02-11,250.0
1984-02-12,227.0
1984-02-13,276.0
1984-02-14,203.0
1984-02-15,233.0
1984-02-16,203.0
1984-02-17,210.0
1984-02-18,219.0
1984-02-19,245.0
1984-02-20,244.0
1984-02-21,234.0
1984-02-22,243.0
1984-02-23,248.0
1984-02-24,228.0
1984-02-25,244.0
1984-02-26,260.0
1984-02-27,274.0
1984-02-28,293.0
1984-02-29,294.0
1984-03-01,300.0
1984-03-02,235.0
1984-03-03,210.0
1984-03-04,208.0
1984-03-05,180.0
1984-03-06,188.0
1984-03-07,190.0
1984-03-08,195.0
1984-03-09,210.0
1984-03-10,210.0
1984-03-11,218.0
1984-03-12,210.0
1984-03-13,222.0
1984-03-14,240.0
1984-03-15,242.0
1984-03-16,218.0
1984-03-17,188.0
1984-03-18,182.0
1984-03-19,157.0
1984-03-20,166.0
1984-03-21,192.0
1984-03-22,210.0
1984-03-23,190.0
1984-03-24,185.0
1984-03-25,222.0
1984-03-26,202.0
1984-03-27,220.0
1984-03-28,190.0
1984-03-29,200.0
1984-03-30,215.0
1984-03-31,202.0
1984-04-01,212.0
1984-04-02,212.0
1984-04-03,202.0
1984-04-04,200.0
1984-04-05,238.0
1984-04-06,256.0
1984-04-07,280.0
1984-04-08,295.0
1984-04-09,331.0
1984-04-10,431.0
1984-04-11,572.0
1984-04-12,552.0
1984-04-13,532.0
1984-04-14,403.0
1984-04-15,406.0
1984-04-16,420.0
1984-04-17,500.0
1984-04-18,614.0
1984-04-19,694.0
1984-04-20,762.0
1984-04-21,748.0
1984-04-22,704.0
1984-04-23,748.0
1984-04-24,860.0
1984-04-25,925.0
1984-04-26,980.0
1984-04-27,920.0
1984-04-28,875.0
1984-04-29,875.0
1984-04-30,860.0
1984-05-01,865.0
1984-05-02,870.0
1984-05-03,890.0
1984-05-04,925.0
1984-05-05,990.0
1984-05-06,1040.0
1984-05-07,1050.0
1984-05-08,1020.0
1984-05-09,1020.0
1984-05-10,1100.0
1984-05-11,1270.0
1984-05-12,1460.0
1984-05-13,1620.0
1984-05-14,1740.0
1984-05-15,1880.0
1984-05-16,1930.0
1984-05-17,1900.0
1984-05-18,1900.0
1984-05-19,1760.0
1984-05-20,1660.0
1984-05-21,1710.0
1984-05-22,1740.0
1984-05-23,1760.0
1984-05-24,1880.0
1984-05-25,1980.0
1984-05-26,1900.0
1984-05-27,1880.0
1984-05-28,1810.0
1984-05-29,1720.0
1984-05-30,1690.0
1984-05-31,1660.0
1984-06-01,1660.0
1984-06-02,1640.0
1984-06-03,1600.0
1984-06-04,1540.0
1984-06-05,1510.0
1984-06-06,1460.0
1984-06-07,1490.0
1984-06-08,1510.0
1984-06-09,1520.0
1984-06-10,1380.0
1984-06-11,1280.0
1984-06-12,1210.0
1984-06-13,1170.0
1984-06-14,1190.0
1984-06-15,1160.0
1984-06-16,1170.0
1984-06-17,1170.0
1984-06-18,1210.0
1984-06-19,1230.0
1984-06-20,1200.0
1984-06-21,1210.0
1984-06-22,1210.0
1984-06-23,1200.0
1984-06-24,1220.0
1984-06-25,1230.0
1984-06-26,1230.0
1984-06-27,1230.0
1984-06-28,1190.0
1984-06-29,1150.0
1984-06-30,1180.0
1984-07-01,1260.0
1984-07-02,1230.0
1984-07-03,1210.0
1984-07-04,1170.0
1984-07-05,1120.0
1984-07-06,1080.0
1984-07-07,1040.0
1984-07-08,996.0
1984-07-09,1000.0
1984-07-10,1030.0
1984-07-11,990.0
1984-07-12,958.0
1984-07-13,900.0
1984-07-14,880.0
1984-07-15,895.0
1984-07-16,865.0
1984-07-17,830.0
1984-07-18,905.0
1984-07-19,805.0
1984-07-20,920.0
1984-07-21,1060.0
1984-07-22,1020.0
1984-07-23,968.0
1984-07-24,890.0
1984-07-25,925.0
1984-07-26,941.0
1984-07-27,835.0
1984-07-28,730.0
1984-07-29,766.0
1984-07-30,748.0
1984-07-31,1170.0
1984-08-01,1330.0
1984-08-02,1360.0
1984-08-03,1320.0
1984-08-04,1170.0
1984-08-05,1200.0
1984-08-06,1160.0
1984-08-07,1150.0
1984-08-08,1120.0
1984-08-09,1080.0
1984-08-10,1060.0
1984-08-11,1010.0
1984-08-12,974.0
1984-08-13,1010.0
1984-08-14,941.0
1984-08-15,910.0
1984-08-16,875.0
1984-08-17,915.0
1984-08-18,1360.0
1984-08-19,1880.0
1984-08-20,2020.0
1984-08-21,2460.0
1984-08-22,2770.0
1984-08-23,2900.0
1984-08-24,2830.0
1984-08-25,3000.0
1984-08-26,2920.0
1984-08-27,2640.0
1984-08-28,2380.0
1984-08-29,2140.0
1984-08-30,1890.0
1984-08-31,1710.0
1984-09-01,1620.0
1984-09-02,1500.0
1984-09-03,1390.0
1984-09-04,1280.0
1984-09-05,1210.0
1984-09-06,1150.0
1984-09-07,1060.0
1984-09-08,1030.0
1984-09-09,941.0
1984-09-10,850.0
1984-09-11,815.0
1984-09-12,785.0
1984-09-13,758.0
1984-09-14,748.0
1984-09-15,753.0
1984-09-16,740.0
1984-09-17,730.0
1984-09-18,690.0
1984-09-19,627.0
1984-09-20,627.0
1984-09-21,627.0
1984-09-22,614.0
1984-09-23,600.0
1984-09-24,596.0
1984-09-25,618.0
1984-09-26,609.0
1984-09-27,604.0
1984-09-28,600.0
1984-09-29,614.0
1984-09-30,632.0
1984-10-01,640.0
1984-10-02,632.0
1984-10-03,640.0
1984-10-04,785.0
1984-10-05,840.0
1984-10-06,805.0
1984-10-07,735.0
1984-10-08,694.0
1984-10-09,690.0
1984-10-10,681.0
1984-10-11,668.0
1984-10-12,645.0
1984-10-13,650.0
1984-10-14,676.0
1984-10-15,686.0
1984-10-16,704.0
1984-10-17,722.0
1984-10-18,805.0
1984-10-19,758.0
1984-10-20,753.0
1984-10-21,740.0
1984-10-22,762.0
1984-10-23,795.0
1984-10-24,780.0
1984-10-25,776.0
1984-10-26,790.0
1984-10-27,820.0
1984-10-28,820.0
1984-10-29,815.0
1984-10-30,830.0
1984-10-31,845.0
1984-11-01,885.0
1984-11-02,900.0
1984-11-03,905.0
1984-11-04,895.0
1984-11-05,845.0
1984-11-06,753.0
1984-11-07,694.0
1984-11-08,681.0
1984-11-09,668.0
1984-11-10,627.0
1984-11-11,650.0
1984-11-12,640.0
1984-11-13,627.0
1984-11-14,604.0
1984-11-15,532.0
1984-11-16,473.0
1984-11-17,476.0
1984-11-18,456.0
1984-11-19,442.0
1984-11-20,428.0
1984-11-21,420.0
1984-11-22,452.0
1984-11-23,442.0
1984-11-24,456.0
1984-11-25,448.0
1984-11-26,438.0
1984-11-27,350.0
1984-11-28,337.0
1984-11-29,340.0
1984-11-30,307.0
1984-12-01,300.0
1984-12-02,280.0
1984-12-03,260.0
1984-12-04,260.0
1984-12-05,215.0
1984-12-06,190.0
1984-12-07,250.0
1984-12-08,300.0
1984-12-09,280.0
1984-12-10,280.0
1984-12-11,270.0
1984-12-12,270.0
1984-12-13,270.0
1984-12-14,260.0
1984-12-15,260.0
1984-12-16,260.0
1984-12-17,260.0
1984-12-18,260.0
1984-12-19,250.0
1984-12-20,250.0
1984-12-21,230.0
1984-12-22,210.0
1984-12-23,210.0
1984-12-24,220.0
1984-12-25,220.0
1984-12-26,230.0
1984-12-27,230.0
1984-12-28,230.0
1984-12-29,230.0
1984-12-30,210.0
1984-12-31,220.0
1985-01-01,220.0
1985-01-02,240.0
1985-01-03,260.0
1985-01-04,280.0
1985-01-05,280.0
1985-01-06,280.0
1985-01-07,270.0
1985-01-08,270.0
1985-01-09,260.0
1985-01-10,260.0
1985-01-11,260.0
1985-01-12,260.0
1985-01-13,250.0
1985-01-14,250.0
1985-01-15,250.0
1985-01-16,230.0
1985-01-17,220.0
1985-01-18,210.0
1985-01-19,190.0
1985-01-20,180.0
1985-01-21,170.0
1985-01-22,150.0
1985-01-23,150.0
1985-01-24,150.0
1985-01-25,200.0
1985-01-26,250.0
1985-01-27,290.0
1985-01-28,270.0
1985-01-29,220.0
1985-01-30,160.0
1985-01-31,150.0
1985-02-01,140.0
1985-02-02,250.0
1985-02-03,250.0
1985-02-04,250.0
1985-02-05,250.0
1985-02-06,260.0
1985-02-07,260.0
1985-02-08,260.0
1985-02-09,270.0
1985-02-10,270.0
1985-02-11,270.0
1985-02-12,260.0
1985-02-13,250.0
1985-02-14,250.0
1985-02-15,250.0
1985-02-16,230.0
1985-02-17,230.0
1985-02-18,230.0
1985-02-19,230.0
1985-02-20,220.0
1985-02-21,210.0
1985-02-22,210.0
1985-02-23,210.0
1985-02-24,210.0
1985-02-25,210.0
1985-02-26,210.0
1985-02-27,160.0
1985-02-28,180.0
1985-03-01,190.0
1985-03-02,190.0
1985-03-03,180.0
1985-03-04,170.0
1985-03-05,190.0
1985-03-06,190.0
1985-03-07,188.0
1985-03-08,195.0
1985-03-09,256.0
1985-03-10,265.0
1985-03-11,295.0
1985-03-12,256.0
1985-03-13,210.0
1985-03-14,178.0
1985-03-15,185.0
1985-03-16,286.0
1985-03-17,274.0
1985-03-18,286.0
1985-03-19,289.0
1985-03-20,259.0
1985-03-21,301.0
1985-03-22,340.0
1985-03-23,325.0
1985-03-24,337.0
1985-03-25,354.0
1985-03-26,364.0
1985-03-27,344.0
1985-03-28,319.0
1985-03-29,307.0
1985-03-30,289.0
1985-03-31,292.0
1985-04-01,307.0
1985-04-02,340.0
1985-04-03,424.0
1985-04-04,448.0
1985-04-05,389.0
1985-04-06,310.0
1985-04-07,322.0
1985-04-08,354.0
1985-04-09,410.0
1985-04-10,473.0
1985-04-11,528.0
1985-04-12,576.0
1985-04-13,584.0
1985-04-14,592.0
1985-04-15,618.0
1985-04-16,663.0
1985-04-17,686.0
1985-04-18,708.0
1985-04-19,717.0
1985-04-20,694.0
1985-04-21,636.0
1985-04-22,622.0
1985-04-23,609.0
1985-04-24,604.0
1985-04-25,636.0
1985-04-26,663.0
1985-04-27,622.0
1985-04-28,694.0
1985-04-29,805.0
1985-04-30,1260.0
1985-05-01,1720.0
1985-05-02,1730.0
1985-05-03,1650.0
1985-05-04,1620.0
1985-05-05,1620.0
1985-05-06,1590.0
1985-05-07,1620.0
1985-05-08,1590.0
1985-05-09,1580.0
1985-05-10,1530.0
1985-05-11,1480.0
1985-05-12,1420.0
1985-05-13,1460.0
1985-05-14,1440.0
1985-05-15,1420.0
1985-05-16,1390.0
1985-05-17,1380.0
1985-05-18,1470.0
1985-05-19,1530.0
1985-05-20,1500.0
1985-05-21,1460.0
1985-05-22,1510.0
1985-05-23,1540.0
1985-05-24,1550.0
1985-05-25,1610.0
1985-05-26,1650.0
1985-05-27,1590.0
1985-05-28,1570.0
1985-05-29,1570.0
1985-05-30,1520.0
1985-05-31,1440.0
1985-06-01,1380.0
1985-06-02,1350.0
1985-06-03,1360.0
1985-06-04,1420.0
1985-06-05,1430.0
1985-06-06,1430.0
1985-06-07,1530.0
1985-06-08,1590.0
1985-06-09,1660.0
1985-06-10,1770.0
1985-06-11,1770.0
1985-06-12,1720.0
1985-06-13,1700.0
1985-06-14,1660.0
1985-06-15,1620.0
1985-06-16,1540.0
1985-06-17,1500.0
1985-06-18,1440.0
1985-06-19,1400.0
1985-06-20,1350.0
1985-06-21,1280.0
1985-06-22,1210.0
1985-06-23,1130.0
1985-06-24,1090.0
1985-06-25,1070.0
1985-06-26,1100.0
1985-06-27,1060.0
1985-06-28,1000.0
1985-06-29,936.0
1985-06-30,885.0
1985-07-01,855.0
1985-07-02,820.0
1985-07-03,800.0
1985-07-04,762.0
1985-07-05,744.0
1985-07-06,726.0
1985-07-07,704.0
1985-07-08,704.0
1985-07-09,726.0
1985-07-10,785.0
1985-07-11,1000.0
1985-07-12,1060.0
1985-07-13,1090.0
1985-07-14,1110.0
1985-07-15,1110.0
1985-07-16,1070.0
1985-07-17,1000.0
1985-07-18,1010.0
1985-07-19,1200.0
1985-07-20,840.0
1985-07-21,771.0
1985-07-22,668.0
1985-07-23,640.0
1985-07-24,690.0
1985-07-25,1020.0
1985-07-26,1060.0
1985-07-27,1040.0
1985-07-28,985.0
1985-07-29,1140.0
1985-07-30,1160.0
1985-07-31,1040.0
1985-08-01,985.0
1985-08-02,1200.0
1985-08-03,1170.0
1985-08-04,1050.0
1985-08-05,952.0
1985-08-06,885.0
1985-08-07,815.0
1985-08-08,753.0
1985-08-09,708.0
1985-08-10,686.0
1985-08-11,650.0
1985-08-12,627.0
1985-08-13,596.0
1985-08-14,592.0
1985-08-15,584.0
1985-08-16,560.0
1985-08-17,540.0
1985-08-18,528.0
1985-08-19,528.0
1985-08-20,548.0
1985-08-21,640.0
1985-08-22,584.0
1985-08-23,560.0
1985-08-24,560.0
1985-08-25,584.0
1985-08-26,592.0
1985-08-27,681.0
1985-08-28,744.0
1985-08-29,735.0
1985-08-30,722.0
1985-08-31,717.0
1985-09-01,730.0
1985-09-02,740.0
1985-09-03,694.0
1985-09-04,552.0
1985-09-05,560.0
1985-09-06,544.0
1985-09-07,524.0
1985-09-08,520.0
1985-09-09,520.0
1985-09-10,504.0
1985-09-11,508.0
1985-09-12,560.0
1985-09-13,528.0
1985-09-14,492.0
1985-09-15,484.0
1985-09-16,484.0
1985-09-17,470.0
1985-09-18,466.0
1985-09-19,473.0
1985-09-20,445.0
1985-09-21,292.0
1985-09-22,277.0
1985-09-23,274.0
1985-09-24,215.0
1985-09-25,212.0
1985-09-26,215.0
1985-09-27,205.0
1985-09-28,210.0
1985-09-29,232.0
1985-09-30,228.0
1985-10-01,244.0
1985-10-02,247.0
1985-10-03,236.0
1985-10-04,221.0
1985-10-05,211.0
1985-10-06,204.0
1985-10-07,199.0
1985-10-08,234.0
1985-10-09,299.0
1985-10-10,328.0
1985-10-11,348.0
1985-10-12,358.0
1985-10-13,344.0
1985-10-14,348.0
1985-10-15,344.0
1985-10-16,341.0
1985-10-17,334.0
1985-10-18,331.0
1985-10-19,328.0
1985-10-20,325.0
1985-10-21,321.0
1985-10-22,318.0
1985-10-23,312.0
1985-10-24,309.0
1985-10-25,306.0
1985-10-26,306.0
1985-10-27,309.0
1985-10-28,325.0
1985-10-29,489.0
1985-10-30,451.0
1985-10-31,281.0
1985-11-01,287.0
1985-11-02,258.0
1985-11-03,231.0
1985-11-04,224.0
1985-11-05,218.0
1985-11-06,216.0
1985-11-07,201.0
1985-11-08,199.0
1985-11-09,216.0
1985-11-10,197.0
1985-11-11,199.0
1985-11-12,242.0
1985-11-13,221.0
1985-11-14,190.0
1985-11-15,199.0
1985-11-16,218.0
1985-11-17,234.0
1985-11-18,221.0
1985-11-19,188.0
1985-11-20,145.0
1985-11-21,180.0
1985-11-22,230.0
1985-11-23,250.0
1985-11-24,250.0
1985-11-25,250.0
1985-11-26,250.0
1985-11-27,250.0
1985-11-28,250.0
1985-11-29,210.0
1985-11-30,170.0
1985-12-01,170.0
1985-12-02,170.0
1985-12-03,180.0
1985-12-04,170.0
1985-12-05,160.0
1985-12-06,160.0
1985-12-07,170.0
1985-12-08,160.0
1985-12-09,160.0
1985-12-10,130.0
1985-12-11,100.0
1985-12-12,130.0
1985-12-13,180.0
1985-12-14,270.0
1985-12-15,270.0
1985-12-16,270.0
1985-12-17,260.0
1985-12-18,220.0
1985-12-19,200.0
1985-12-20,185.0
1985-12-21,185.0
1985-12-22,185.0
1985-12-23,185.0
1985-12-24,190.0
1985-12-25,190.0
1985-12-26,190.0
1985-12-27,190.0
1985-12-28,190.0
1985-12-29,195.0
1985-12-30,195.0
1985-12-31,195.0
1986-01-01,195.0
1986-01-02,195.0
1986-01-03,195.0
1986-01-04,200.0
1986-01-05,200.0
1986-01-06,210.0
1986-01-07,215.0
1986-01-08,210.0
1986-01-09,210.0
1986-01-10,210.0
1986-01-11,205.0
1986-01-12,205.0
1986-01-13,205.0
1986-01-14,205.0
1986-01-15,205.0
1986-01-16,220.0
1986-01-17,230.0
1986-01-18,240.0
1986-01-19,247.0
1986-01-20,244.0
1986-01-21,244.0
1986-01-22,224.0
1986-01-23,253.0
1986-01-24,231.0
1986-01-25,183.0
1986-01-26,179.0
1986-01-27,192.0
1986-01-28,188.0
1986-01-29,194.0
1986-01-30,188.0
1986-01-31,194.0
1986-02-01,221.0
1986-02-02,224.0
1986-02-03,221.0
1986-02-04,206.0
1986-02-05,206.0
1986-02-06,218.0
1986-02-07,214.0
1986-02-08,210.0
1986-02-09,210.0
1986-02-10,215.0
1986-02-11,230.0
1986-02-12,250.0
1986-02-13,280.0
1986-02-14,280.0
1986-02-15,270.0
1986-02-16,247.0
1986-02-17,181.0
1986-02-18,206.0
1986-02-19,255.0
1986-02-20,264.0
1986-02-21,231.0
1986-02-22,211.0
1986-02-23,216.0
1986-02-24,216.0
1986-02-25,208.0
1986-02-26,216.0
1986-02-27,224.0
1986-02-28,255.0
1986-03-01,264.0
1986-03-02,267.0
1986-03-03,272.0
1986-03-04,299.0
1986-03-05,296.0
1986-03-06,272.0
1986-03-07,272.0
1986-03-08,278.0
1986-03-09,281.0
1986-03-10,278.0
1986-03-11,318.0
1986-03-12,362.0
1986-03-13,358.0
1986-03-14,354.0
1986-03-15,362.0
1986-03-16,354.0
1986-03-17,365.0
1986-03-18,351.0
1986-03-19,302.0
1986-03-20,312.0
1986-03-21,290.0
1986-03-22,302.0
1986-03-23,296.0
1986-03-24,302.0
1986-03-25,302.0
1986-03-26,306.0
1986-03-27,309.0
1986-03-28,334.0
1986-03-29,431.0
1986-03-30,435.0
1986-03-31,443.0
1986-04-01,443.0
1986-04-02,386.0
1986-04-03,325.0
1986-04-04,172.0
1986-04-05,224.0
1986-04-06,299.0
1986-04-07,567.0
1986-04-08,665.0
1986-04-09,675.0
1986-04-10,655.0
1986-04-11,620.0
1986-04-12,586.0
1986-04-13,562.0
1986-04-14,506.0
1986-04-15,472.0
1986-04-16,447.0
1986-04-17,431.0
1986-04-18,412.0
1986-04-19,393.0
1986-04-20,379.0
1986-04-21,376.0
1986-04-22,390.0
1986-04-23,451.0
1986-04-24,497.0
1986-04-25,472.0
1986-04-26,497.0
1986-04-27,484.0
1986-04-28,476.0
1986-04-29,476.0
1986-04-30,502.0
1986-05-01,600.0
1986-05-02,650.0
1986-05-03,660.0
1986-05-04,680.0
1986-05-05,700.0
1986-05-06,685.0
1986-05-07,581.0
1986-05-08,558.0
1986-05-09,493.0
1986-05-10,435.0
1986-05-11,443.0
1986-05-12,472.0
1986-05-13,660.0
1986-05-14,760.0
1986-05-15,591.0
1986-05-16,530.0
1986-05-17,372.0
1986-05-18,365.0
1986-05-19,372.0
1986-05-20,451.0
1986-05-21,539.0
1986-05-22,610.0
1986-05-23,610.0
1986-05-24,600.0
1986-05-25,586.0
1986-05-26,615.0
1986-05-27,640.0
1986-05-28,558.0
1986-05-29,591.0
1986-05-30,497.0
1986-05-31,480.0
1986-06-01,506.0
1986-06-02,544.0
1986-06-03,562.0
1986-06-04,576.0
1986-06-05,650.0
1986-06-06,660.0
1986-06-07,675.0
1986-06-08,670.0
1986-06-09,715.0
1986-06-10,740.0
1986-06-11,625.0
1986-06-12,581.0
1986-06-13,675.0
1986-06-14,785.0
1986-06-15,818.0
1986-06-16,812.0
1986-06-17,842.0
1986-06-18,872.0
1986-06-19,890.0
1986-06-20,944.0
1986-06-21,890.0
1986-06-22,866.0
1986-06-23,872.0
1986-06-24,884.0
1986-06-25,872.0
1986-06-26,872.0
1986-06-27,902.0
1986-06-28,848.0
1986-06-29,824.0
1986-06-30,830.0
1986-07-01,842.0
1986-07-02,740.0
1986-07-03,735.0
1986-07-04,785.0
1986-07-05,938.0
1986-07-06,1060.0
1986-07-07,1280.0
1986-07-08,1140.0
1986-07-09,1140.0
1986-07-10,1150.0
1986-07-11,950.0
1986-07-12,884.0
1986-07-13,1110.0
1986-07-14,1090.0
1986-07-15,1080.0
1986-07-16,932.0
1986-07-17,848.0
1986-07-18,878.0
1986-07-19,750.0
1986-07-20,725.0
1986-07-21,725.0
1986-07-22,685.0
1986-07-23,710.0
1986-07-24,675.0
1986-07-25,630.0
1986-07-26,576.0
1986-07-27,567.0
1986-07-28,625.0
1986-07-29,680.0
1986-07-30,670.0
1986-07-31,675.0
1986-08-01,685.0
1986-08-02,710.0
1986-08-03,760.0
1986-08-04,750.0
1986-08-05,735.0
1986-08-06,660.0
1986-08-07,650.0
1986-08-08,670.0
1986-08-09,665.0
1986-08-10,660.0
1986-08-11,650.0
1986-08-12,650.0
1986-08-13,655.0
1986-08-14,635.0
1986-08-15,630.0
1986-08-16,650.0
1986-08-17,765.0
1986-08-18,866.0
1986-08-19,848.0
1986-08-20,848.0
1986-08-21,884.0
1986-08-22,950.0
1986-08-23,960.0
1986-08-24,820.0
1986-08-25,740.0
1986-08-26,735.0
1986-08-27,735.0
1986-08-28,730.0
1986-08-29,760.0
1986-08-30,740.0
1986-08-31,740.0
1986-09-01,740.0
1986-09-02,725.0
1986-09-03,700.0
1986-09-04,690.0
1986-09-05,640.0
1986-09-06,625.0
1986-09-07,630.0
1986-09-08,635.0
1986-09-09,476.0
1986-09-10,447.0
1986-09-11,435.0
1986-09-12,365.0
1986-09-13,362.0
1986-09-14,358.0
1986-09-15,354.0
1986-09-16,401.0
1986-09-17,447.0
1986-09-18,455.0
1986-09-19,459.0
1986-09-20,455.0
1986-09-21,451.0
1986-09-22,451.0
1986-09-23,435.0
1986-09-24,416.0
1986-09-25,372.0
1986-09-26,290.0
1986-09-27,244.0
1986-09-28,244.0
1986-09-29,250.0
1986-09-30,261.0
1986-10-01,255.0
1986-10-02,253.0
1986-10-03,258.0
1986-10-04,275.0
1986-10-05,272.0
1986-10-06,267.0
1986-10-07,264.0
1986-10-08,261.0
1986-10-09,267.0
1986-10-10,267.0
1986-10-11,247.0
1986-10-12,231.0
1986-10-13,194.0
1986-10-14,206.0
1986-10-15,188.0
1986-10-16,177.0
1986-10-17,172.0
1986-10-18,170.0
1986-10-19,170.0
1986-10-20,199.0
1986-10-21,197.0
1986-10-22,194.0
1986-10-23,194.0
1986-10-24,199.0
1986-10-25,188.0
1986-10-26,181.0
1986-10-27,179.0
1986-10-28,179.0
1986-10-29,175.0
1986-10-30,172.0
1986-10-31,183.0
1986-11-01,299.0
1986-11-02,382.0
1986-11-03,404.0
1986-11-04,382.0
1986-11-05,201.0
1986-11-06,192.0
1986-11-07,199.0
1986-11-08,162.0
1986-11-09,149.0
1986-11-10,151.0
1986-11-11,181.0
1986-11-12,228.0
1986-11-13,236.0
1986-11-14,253.0
1986-11-15,194.0
1986-11-16,190.0
1986-11-17,188.0
1986-11-18,190.0
1986-11-19,192.0
1986-11-20,188.0
1986-11-21,181.0
1986-11-22,188.0
1986-11-23,172.0
1986-11-24,156.0
1986-11-25,150.0
1986-11-26,155.0
1986-11-27,162.0
1986-11-28,160.0
1986-11-29,160.0
1986-11-30,160.0
1986-12-01,160.0
1986-12-02,160.0
1986-12-03,160.0
1986-12-04,160.0
1986-12-05,160.0
1986-12-06,155.0
1986-12-07,150.0
1986-12-08,177.0
1986-12-09,200.0
1986-12-10,230.0
1986-12-11,215.0
1986-12-12,210.0
1986-12-13,210.0
1986-12-14,215.0
1986-12-15,215.0
1986-12-16,215.0
1986-12-17,215.0
1986-12-18,200.0
1986-12-19,190.0
1986-12-20,190.0
1986-12-21,185.0
1986-12-22,180.0
1986-12-23,180.0
1986-12-24,185.0
1986-12-25,185.0
1986-12-26,180.0
1986-12-27,175.0
1986-12-28,175.0
1986-12-29,170.0
1986-12-30,170.0
1986-12-31,175.0
1987-01-01,175.0
1987-01-02,175.0
1987-01-03,175.0
1987-01-04,180.0
1987-01-05,185.0
1987-01-06,185.0
1987-01-07,185.0
1987-01-08,185.0
1987-01-09,185.0
1987-01-10,190.0
1987-01-11,185.0
1987-01-12,180.0
1987-01-13,175.0
1987-01-14,165.0
1987-01-15,150.0
1987-01-16,150.0
1987-01-17,150.0
1987-01-18,145.0
1987-01-19,145.0
1987-01-20,140.0
1987-01-21,140.0
1987-01-22,140.0
1987-01-23,140.0
1987-01-24,135.0
1987-01-25,130.0
1987-01-26,130.0
1987-01-27,130.0
1987-01-28,135.0
1987-01-29,140.0
1987-01-30,150.0
1987-01-31,155.0
1987-02-01,155.0
1987-02-02,155.0
1987-02-03,155.0
1987-02-04,155.0
1987-02-05,155.0
1987-02-06,155.0
1987-02-07,155.0
1987-02-08,155.0
1987-02-09,155.0
1987-02-10,155.0
1987-02-11,155.0
1987-02-12,155.0
1987-02-13,155.0
1987-02-14,155.0
1987-02-15,155.0
1987-02-16,155.0
1987-02-17,155.0
1987-02-18,155.0
1987-02-19,155.0
1987-02-20,155.0
1987-02-21,155.0
1987-02-22,150.0
1987-02-23,150.0
1987-02-24,150.0
1987-02-25,150.0
1987-02-26,145.0
1987-02-27,150.0
1987-02-28,160.0
1987-03-01,170.0
1987-03-02,175.0
1987-03-03,180.0
1987-03-04,180.0
1987-03-05,185.0
1987-03-06,190.0
1987-03-07,200.0
1987-03-08,200.0
1987-03-09,205.0
1987-03-10,205.0
1987-03-11,206.0
1987-03-12,201.0
1987-03-13,208.0
1987-03-14,218.0
1987-03-15,216.0
1987-03-16,214.0
1987-03-17,201.0
1987-03-18,197.0
1987-03-19,181.0
1987-03-20,185.0
1987-03-21,166.0
1987-03-22,194.0
1987-03-23,270.0
1987-03-24,267.0
1987-03-25,261.0
1987-03-26,264.0
1987-03-27,214.0
1987-03-28,183.0
1987-03-29,179.0
1987-03-30,170.0
1987-03-31,206.0
1987-04-01,226.0
1987-04-02,224.0
1987-04-03,221.0
1987-04-04,244.0
1987-04-05,244.0
1987-04-06,236.0
1987-04-07,244.0
1987-04-08,247.0
1987-04-09,242.0
1987-04-10,244.0
1987-04-11,270.0
1987-04-12,299.0
1987-04-13,278.0
1987-04-14,255.0
1987-04-15,287.0
1987-04-16,302.0
1987-04-17,379.0
1987-04-18,480.0
1987-04-19,530.0
1987-04-20,553.0
1987-04-21,530.0
1987-04-22,567.0
1987-04-23,615.0
1987-04-24,700.0
1987-04-25,908.0
1987-04-26,1060.0
1987-04-27,1100.0
1987-04-28,1090.0
1987-04-29,1230.0
1987-04-30,1100.0
1987-05-01,842.0
1987-05-02,785.0
1987-05-03,818.0
1987-05-04,1050.0
1987-05-05,1200.0
1987-05-06,1390.0
1987-05-07,1620.0
1987-05-08,1600.0
1987-05-09,1600.0
1987-05-10,1600.0
1987-05-11,1600.0
1987-05-12,1690.0
1987-05-13,1720.0
1987-05-14,1800.0
1987-05-15,1920.0
1987-05-16,2150.0
1987-05-17,2260.0
1987-05-18,2240.0
1987-05-19,2230.0
1987-05-20,2190.0
1987-05-21,2280.0
1987-05-22,2300.0
1987-05-23,2270.0
1987-05-24,2310.0
1987-05-25,2320.0
1987-05-26,2210.0
1987-05-27,2030.0
1987-05-28,1880.0
1987-05-29,1760.0
1987-05-30,1660.0
1987-05-31,1560.0
1987-06-01,1510.0
1987-06-02,1460.0
1987-06-03,1390.0
1987-06-04,1390.0
1987-06-05,1400.0
1987-06-06,1400.0
1987-06-07,1420.0
1987-06-08,1480.0
1987-06-09,1900.0
1987-06-10,2020.0
1987-06-11,1990.0
1987-06-12,1940.0
1987-06-13,1810.0
1987-06-14,1710.0
1987-06-15,1640.0
1987-06-16,1580.0
1987-06-17,1500.0
1987-06-18,1430.0
1987-06-19,1400.0
1987-06-20,1350.0
1987-06-21,1290.0
1987-06-22,1230.0
1987-06-23,1160.0
1987-06-24,1090.0
1987-06-25,998.0
1987-06-26,986.0
1987-06-27,950.0
1987-06-28,920.0
1987-06-29,974.0
1987-06-30,1240.0
1987-07-01,1230.0
1987-07-02,1190.0
1987-07-03,1070.0
1987-07-04,980.0
1987-07-05,914.0
1987-07-06,842.0
1987-07-07,780.0
1987-07-08,750.0
1987-07-09,705.0
1987-07-10,655.0
1987-07-11,635.0
1987-07-12,660.0
1987-07-13,690.0
1987-07-14,650.0
1987-07-15,595.0
1987-07-16,558.0
1987-07-17,539.0
1987-07-18,558.0
1987-07-19,530.0
1987-07-20,558.0
1987-07-21,675.0
1987-07-22,700.0
1987-07-23,720.0
1987-07-24,800.0
1987-07-25,878.0
1987-07-26,854.0
1987-07-27,770.0
1987-07-28,790.0
1987-07-29,836.0
1987-07-30,836.0
1987-07-31,735.0
1987-08-01,755.0
1987-08-02,866.0
1987-08-03,860.0
1987-08-04,854.0
1987-08-05,842.0
1987-08-06,896.0
1987-08-07,944.0
1987-08-08,944.0
1987-08-09,950.0
1987-08-10,944.0
1987-08-11,920.0
1987-08-12,908.0
1987-08-13,848.0
1987-08-14,750.0
1987-08-15,725.0
1987-08-16,725.0
1987-08-17,818.0
1987-08-18,890.0
1987-08-19,878.0
1987-08-20,884.0
1987-08-21,872.0
1987-08-22,890.0
1987-08-23,920.0
1987-08-24,720.0
1987-08-25,489.0
1987-08-26,354.0
1987-08-27,287.0
1987-08-28,309.0
1987-08-29,341.0
1987-08-30,341.0
1987-08-31,338.0
1987-09-01,358.0
1987-09-02,431.0
1987-09-03,443.0
1987-09-04,447.0
1987-09-05,447.0
1987-09-06,447.0
1987-09-07,443.0
1987-09-08,423.0
1987-09-09,302.0
1987-09-10,351.0
1987-09-11,350.0
1987-09-12,350.0
1987-09-13,350.0
1987-09-14,350.0
1987-09-15,330.0
1987-09-16,315.0
1987-09-17,234.0
1987-09-18,236.0
1987-09-19,354.0
1987-09-20,255.0
1987-09-21,247.0
1987-09-22,299.0
1987-09-23,419.0
1987-09-24,419.0
1987-09-25,463.0
1987-09-26,463.0
1987-09-27,459.0
1987-09-28,459.0
1987-09-29,455.0
1987-09-30,455.0
1987-10-01,455.0
1987-10-02,451.0
1987-10-03,393.0
1987-10-04,344.0
1987-10-05,344.0
1987-10-06,344.0
1987-10-07,348.0
1987-10-08,344.0
1987-10-09,344.0
1987-10-10,344.0
1987-10-11,344.0
1987-10-12,341.0
1987-10-13,348.0
1987-10-14,334.0
1987-10-15,244.0
1987-10-16,228.0
1987-10-17,166.0
1987-10-18,156.0
1987-10-19,152.0
1987-10-20,149.0
1987-10-21,141.0
1987-10-22,145.0
1987-10-23,140.0
1987-10-24,136.0
1987-10-25,143.0
1987-10-26,138.0
1987-10-27,133.0
1987-10-28,131.0
1987-10-29,197.0
1987-10-30,267.0
1987-10-31,309.0
1987-11-01,287.0
1987-11-02,272.0
1987-11-03,183.0
1987-11-04,148.0
1987-11-05,143.0
1987-11-06,143.0
1987-11-07,147.0
1987-11-08,145.0
1987-11-09,140.0
1987-11-10,125.0
1987-11-11,155.0
1987-11-12,145.0
1987-11-13,135.0
1987-11-14,143.0
1987-11-15,162.0
1987-11-16,138.0
1987-11-17,125.0
1987-11-18,175.0
1987-11-19,190.0
1987-11-20,215.0
1987-11-21,325.0
1987-11-22,305.0
1987-11-23,210.0
1987-11-24,180.0
1987-11-25,180.0
1987-11-26,205.0
1987-11-27,195.0
1987-11-28,185.0
1987-11-29,195.0
1987-11-30,200.0
1987-12-01,215.0
1987-12-02,245.0
1987-12-03,255.0
1987-12-04,255.0
1987-12-05,255.0
1987-12-06,253.0
1987-12-07,247.0
1987-12-08,247.0
1987-12-09,224.0
1987-12-10,253.0
1987-12-11,255.0
1987-12-12,240.0
1987-12-13,235.0
1987-12-14,220.0
1987-12-15,210.0
1987-12-16,220.0
1987-12-17,290.0
1987-12-18,320.0
1987-12-19,315.0
1987-12-20,305.0
1987-12-21,305.0
1987-12-22,305.0
1987-12-23,270.0
1987-12-24,220.0
1987-12-25,200.0
1987-12-26,205.0
1987-12-27,205.0
1987-12-28,225.0
1987-12-29,235.0
1987-12-30,235.0
1987-12-31,215.0
1988-01-01,210.0
1988-01-02,210.0
1988-01-03,215.0
1988-01-04,220.0
1988-01-05,215.0
1988-01-06,215.0
1988-01-07,210.0
1988-01-08,215.0
1988-01-09,215.0
1988-01-10,230.0
1988-01-11,250.0
1988-01-12,235.0
1988-01-13,220.0
1988-01-14,230.0
1988-01-15,240.0
1988-01-16,235.0
1988-01-17,225.0
1988-01-18,230.0
1988-01-19,225.0
1988-01-20,205.0
1988-01-21,210.0
1988-01-22,215.0
1988-01-23,230.0
1988-01-24,220.0
1988-01-25,210.0
1988-01-26,225.0
1988-01-27,230.0
1988-01-28,230.0
1988-01-29,240.0
1988-01-30,245.0
1988-01-31,245.0
1988-02-01,235.0
1988-02-02,225.0
1988-02-03,230.0
1988-02-04,220.0
1988-02-05,210.0
1988-02-06,205.0
1988-02-07,220.0
1988-02-08,225.0
1988-02-09,220.0
1988-02-10,230.0
1988-02-11,225.0
1988-02-12,230.0
1988-02-13,240.0
1988-02-14,240.0
1988-02-15,240.0
1988-02-16,240.0
1988-02-17,235.0
1988-02-18,230.0
1988-02-19,235.0
1988-02-20,240.0
1988-02-21,245.0
1988-02-22,245.0
1988-02-23,240.0
1988-02-24,240.0
1988-02-25,220.0
1988-02-26,225.0
1988-02-27,235.0
1988-02-28,240.0
1988-02-29,235.0
1988-03-01,220.0
1988-03-02,200.0
1988-03-03,185.0
1988-03-04,188.0
1988-03-05,188.0
1988-03-06,188.0
1988-03-07,185.0
1988-03-08,175.0
1988-03-09,185.0
1988-03-10,190.0
1988-03-11,195.0
1988-03-12,195.0
1988-03-13,180.0
1988-03-14,180.0
1988-03-15,200.0
1988-03-16,205.0
1988-03-17,190.0
1988-03-18,185.0
1988-03-19,210.0
1988-03-20,235.0
1988-03-21,236.0
1988-03-22,239.0
1988-03-23,211.0
1988-03-24,199.0
1988-03-25,183.0
1988-03-26,188.0
1988-03-27,199.0
1988-03-28,234.0
1988-03-29,210.0
1988-03-30,199.0
1988-03-31,177.0
1988-04-01,166.0
1988-04-02,186.0
1988-04-03,204.0
1988-04-04,228.0
1988-04-05,242.0
1988-04-06,239.0
1988-04-07,270.0
1988-04-08,293.0
1988-04-09,275.0
1988-04-10,223.0
1988-04-11,230.0
1988-04-12,243.0
1988-04-13,267.0
1988-04-14,277.0
1988-04-15,280.0
1988-04-16,283.0
1988-04-17,307.0
1988-04-18,412.0
1988-04-19,420.0
1988-04-20,390.0
1988-04-21,390.0
1988-04-22,396.0
1988-04-23,373.0
1988-04-24,355.0
1988-04-25,341.0
1988-04-26,404.0
1988-04-27,537.0
1988-04-28,564.0
1988-04-29,558.0
1988-04-30,565.0
1988-05-01,580.0
1988-05-02,584.0
1988-05-03,562.0
1988-05-04,562.0
1988-05-05,564.0
1988-05-06,564.0
1988-05-07,549.0
1988-05-08,540.0
1988-05-09,538.0
1988-05-10,570.0
1988-05-11,631.0
1988-05-12,558.0
1988-05-13,604.0
1988-05-14,688.0
1988-05-15,685.0
1988-05-16,700.0
1988-05-17,687.0
1988-05-18,617.0
1988-05-19,630.0
1988-05-20,600.0
1988-05-21,451.0
1988-05-22,428.0
1988-05-23,417.0
1988-05-24,464.0
1988-05-25,525.0
1988-05-26,530.0
1988-05-27,548.0
1988-05-28,539.0
1988-05-29,543.0
1988-05-30,573.0
1988-05-31,511.0
1988-06-01,544.0
1988-06-02,535.0
1988-06-03,580.0
1988-06-04,800.0
1988-06-05,881.0
1988-06-06,842.0
1988-06-07,742.0
1988-06-08,644.0
1988-06-09,650.0
1988-06-10,860.0
1988-06-11,755.0
1988-06-12,576.0
1988-06-13,534.0
1988-06-14,494.0
1988-06-15,516.0
1988-06-16,529.0
1988-06-17,504.0
1988-06-18,515.0
1988-06-19,525.0
1988-06-20,490.0
1988-06-21,488.0
1988-06-22,584.0
1988-06-23,557.0
1988-06-24,615.0
1988-06-25,702.0
1988-06-26,830.0
1988-06-27,1080.0
1988-06-28,1180.0
1988-06-29,1540.0
1988-06-30,1700.0
1988-07-01,1720.0
1988-07-02,1730.0
1988-07-03,1600.0
1988-07-04,1540.0
1988-07-05,1290.0
1988-07-06,959.0
1988-07-07,653.0
1988-07-08,695.0
1988-07-09,784.0
1988-07-10,769.0
1988-07-11,764.0
1988-07-12,731.0
1988-07-13,712.0
1988-07-14,719.0
1988-07-15,709.0
1988-07-16,722.0
1988-07-17,716.0
1988-07-18,685.0
1988-07-19,637.0
1988-07-20,661.0
1988-07-21,640.0
1988-07-22,621.0
1988-07-23,612.0
1988-07-24,608.0
1988-07-25,640.0
1988-07-26,838.0
1988-07-27,850.0
1988-07-28,870.0
1988-07-29,896.0
1988-07-30,920.0
1988-07-31,890.0
1988-08-01,908.0
1988-08-02,866.0
1988-08-03,884.0
1988-08-04,1040.0
1988-08-05,908.0
1988-08-06,665.0
1988-08-07,553.0
1988-08-08,562.0
1988-08-09,518.0
1988-08-10,503.0
1988-08-11,515.0
1988-08-12,715.0
1988-08-13,700.0
1988-08-14,668.0
1988-08-15,685.0
1988-08-16,741.0
1988-08-17,816.0
1988-08-18,795.0
1988-08-19,715.0
1988-08-20,714.0
1988-08-21,786.0
1988-08-22,786.0
1988-08-23,731.0
1988-08-24,710.0
1988-08-25,695.0
1988-08-26,649.0
1988-08-27,640.0
1988-08-28,648.0
1988-08-29,650.0
1988-08-30,637.0
1988-08-31,625.0
1988-09-01,526.0
1988-09-02,511.0
1988-09-03,486.0
1988-09-04,474.0
1988-09-05,470.0
1988-09-06,473.0
1988-09-07,546.0
1988-09-08,542.0
1988-09-09,538.0
1988-09-10,534.0
1988-09-11,544.0
1988-09-12,558.0
1988-09-13,463.0
1988-09-14,412.0
1988-09-15,397.0
1988-09-16,376.0
1988-09-17,361.0
1988-09-18,354.0
1988-09-19,348.0
1988-09-20,351.0
1988-09-21,417.0
1988-09-22,489.0
1988-09-23,531.0
1988-09-24,387.0
1988-09-25,382.0
1988-09-26,379.0
1988-09-27,435.0
1988-09-28,534.0
1988-09-29,534.0
1988-09-30,515.0
1988-10-01,439.0
1988-10-02,436.0
1988-10-03,434.0
1988-10-04,437.0
1988-10-05,438.0
1988-10-06,425.0
1988-10-07,335.0
1988-10-08,234.0
1988-10-09,221.0
1988-10-10,229.0
1988-10-11,281.0
1988-10-12,362.0
1988-10-13,387.0
1988-10-14,379.0
1988-10-15,358.0
1988-10-16,354.0
1988-10-17,354.0
1988-10-18,353.0
1988-10-19,354.0
1988-10-20,345.0
1988-10-21,300.0
1988-10-22,295.0
1988-10-23,294.0
1988-10-24,293.0
1988-10-25,294.0
1988-10-26,292.0
1988-10-27,285.0
1988-10-28,264.0
1988-10-29,259.0
1988-10-30,267.0
1988-10-31,264.0
1988-11-01,231.0
1988-11-02,228.0
1988-11-03,239.0
1988-11-04,264.0
1988-11-05,259.0
1988-11-06,258.0
1988-11-07,261.0
1988-11-08,261.0
1988-11-09,264.0
1988-11-10,221.0
1988-11-11,180.0
1988-11-12,172.0
1988-11-13,167.0
1988-11-14,177.0
1988-11-15,183.0
1988-11-16,188.0
1988-11-17,164.0
1988-11-18,191.0
1988-11-19,197.0
1988-11-20,179.0
1988-11-21,188.0
1988-11-22,204.0
1988-11-23,228.0
1988-11-24,228.0
1988-11-25,221.0
1988-11-26,206.0
1988-11-27,194.0
1988-11-28,216.0
1988-11-29,218.0
1988-11-30,195.0
1988-12-01,190.0
1988-12-02,183.0
1988-12-03,179.0
1988-12-04,180.0
1988-12-05,172.0
1988-12-06,177.0
1988-12-07,182.0
1988-12-08,172.0
1988-12-09,182.0
1988-12-10,187.0
1988-12-11,180.0
1988-12-12,187.0
1988-12-13,213.0
1988-12-14,217.0
1988-12-15,201.0
1988-12-16,195.0
1988-12-17,198.0
1988-12-18,211.0
1988-12-19,222.0
1988-12-20,233.0
1988-12-21,236.0
1988-12-22,230.0
1988-12-23,228.0
1988-12-24,226.0
1988-12-25,236.0
1988-12-26,236.0
1988-12-27,213.0
1988-12-28,202.0
1988-12-29,211.0
1988-12-30,228.0
1988-12-31,229.0
1989-01-01,228.0
1989-01-02,222.0
1989-01-03,231.0
1989-01-04,240.0
1989-01-05,251.0
1989-01-06,245.0
1989-01-07,225.0
1989-01-08,202.0
1989-01-09,213.0
1989-01-10,239.0
1989-01-11,228.0
1989-01-12,194.0
1989-01-13,180.0
1989-01-14,207.0
1989-01-15,211.0
1989-01-16,207.0
1989-01-17,214.0
1989-01-18,214.0
1989-01-19,221.0
1989-01-20,216.0
1989-01-21,211.0
1989-01-22,212.0
1989-01-23,217.0
1989-01-24,225.0
1989-01-25,219.0
1989-01-26,206.0
1989-01-27,210.0
1989-01-28,215.0
1989-01-29,205.0
1989-01-30,218.0
1989-01-31,209.0
1989-02-01,222.0
1989-02-02,211.0
1989-02-03,170.0
1989-02-04,145.0
1989-02-05,154.0
1989-02-06,186.0
1989-02-07,190.0
1989-02-08,192.0
1989-02-09,244.0
1989-02-10,286.0
1989-02-11,273.0
1989-02-12,235.0
1989-02-13,207.0
1989-02-14,202.0
1989-02-15,201.0
1989-02-16,191.0
1989-02-17,208.0
1989-02-18,235.0
1989-02-19,242.0
1989-02-20,245.0
1989-02-21,242.0
1989-02-22,235.0
1989-02-23,248.0
1989-02-24,255.0
1989-02-25,256.0
1989-02-26,270.0
1989-02-27,262.0
1989-02-28,222.0
1989-03-01,201.0
1989-03-02,203.0
1989-03-03,185.0
1989-03-04,151.0
1989-03-05,144.0
1989-03-06,178.0
1989-03-07,198.0
1989-03-08,215.0
1989-03-09,237.0
1989-03-10,231.0
1989-03-11,264.0
1989-03-12,261.0
1989-03-13,253.0
1989-03-14,254.0
1989-03-15,229.0
1989-03-16,224.0
1989-03-17,228.0
1989-03-18,225.0
1989-03-19,228.0
1989-03-20,231.0
1989-03-21,208.0
1989-03-22,225.0
1989-03-23,227.0
1989-03-24,226.0
1989-03-25,237.0
1989-03-26,236.0
1989-03-27,236.0
1989-03-28,231.0
1989-03-29,250.0
1989-03-30,250.0
1989-03-31,234.0
1989-04-01,254.0
1989-04-02,247.0
1989-04-03,250.0
1989-04-04,245.0
1989-04-05,235.0
1989-04-06,278.0
1989-04-07,321.0
1989-04-08,341.0
1989-04-09,354.0
1989-04-10,315.0
1989-04-11,255.0
1989-04-12,246.0
1989-04-13,247.0
1989-04-14,247.0
1989-04-15,276.0
1989-04-16,272.0
1989-04-17,296.0
1989-04-18,368.0
1989-04-19,379.0
1989-04-20,408.0
1989-04-21,497.0
1989-04-22,562.0
1989-04-23,576.0
1989-04-24,601.0
1989-04-25,581.0
1989-04-26,476.0
1989-04-27,434.0
1989-04-28,399.0
1989-04-29,305.0
1989-04-30,296.0
1989-05-01,334.0
1989-05-02,390.0
1989-05-03,430.0
1989-05-04,430.0
1989-05-05,502.0
1989-05-06,633.0
1989-05-07,640.0
1989-05-08,625.0
1989-05-09,545.0
1989-05-10,435.0
1989-05-11,362.0
1989-05-12,358.0
1989-05-13,486.0
1989-05-14,520.0
1989-05-15,525.0
1989-05-16,572.0
1989-05-17,379.0
1989-05-18,373.0
1989-05-19,431.0
1989-05-20,710.0
1989-05-21,944.0
1989-05-22,976.0
1989-05-23,1020.0
1989-05-24,1040.0
1989-05-25,1060.0
1989-05-26,973.0
1989-05-27,896.0
1989-05-28,929.0
1989-05-29,963.0
1989-05-30,994.0
1989-05-31,956.0
1989-06-01,760.0
1989-06-02,846.0
1989-06-03,770.0
1989-06-04,765.0
1989-06-05,785.0
1989-06-06,787.0
1989-06-07,609.0
1989-06-08,730.0
1989-06-09,635.0
1989-06-10,427.0
1989-06-11,404.0
1989-06-12,427.0
1989-06-13,508.0
1989-06-14,497.0
1989-06-15,467.0
1989-06-16,461.0
1989-06-17,456.0
1989-06-18,422.0
1989-06-19,440.0
1989-06-20,653.0
1989-06-21,828.0
1989-06-22,777.0
1989-06-23,819.0
1989-06-24,932.0
1989-06-25,873.0
1989-06-26,876.0
1989-06-27,850.0
1989-06-28,816.0
1989-06-29,824.0
1989-06-30,836.0
1989-07-01,821.0
1989-07-02,806.0
1989-07-03,799.0
1989-07-04,795.0
1989-07-05,792.0
1989-07-06,783.0
1989-07-07,805.0
1989-07-08,986.0
1989-07-09,1120.0
1989-07-10,1210.0
1989-07-11,1220.0
1989-07-12,1210.0
1989-07-13,1270.0
1989-07-14,1230.0
1989-07-15,1210.0
1989-07-16,1110.0
1989-07-17,1050.0
1989-07-18,1030.0
1989-07-19,1010.0
1989-07-20,994.0
1989-07-21,962.0
1989-07-22,928.0
1989-07-23,830.0
1989-07-24,830.0
1989-07-25,869.0
1989-07-26,890.0
1989-07-27,938.0
1989-07-28,1020.0
1989-07-29,1200.0
1989-07-30,1330.0
1989-07-31,1170.0
1989-08-01,701.0
1989-08-02,670.0
1989-08-03,675.0
1989-08-04,962.0
1989-08-05,1020.0
1989-08-06,1020.0
1989-08-07,944.0
1989-08-08,836.0
1989-08-09,780.0
1989-08-10,685.0
1989-08-11,630.0
1989-08-12,670.0
1989-08-13,674.0
1989-08-14,575.0
1989-08-15,551.0
1989-08-16,517.0
1989-08-17,443.0
1989-08-18,309.0
1989-08-19,467.0
1989-08-20,755.0
1989-08-21,777.0
1989-08-22,812.0
1989-08-23,709.0
1989-08-24,669.0
1989-08-25,662.0
1989-08-26,658.0
1989-08-27,661.0
1989-08-28,640.0
1989-08-29,540.0
1989-08-30,454.0
1989-08-31,482.0
1989-09-01,555.0
1989-09-02,599.0
1989-09-03,675.0
1989-09-04,670.0
1989-09-05,601.0
1989-09-06,600.0
1989-09-07,600.0
1989-09-08,663.0
1989-09-09,525.0
1989-09-10,323.0
1989-09-11,272.0
1989-09-12,269.0
1989-09-13,284.0
1989-09-14,296.0
1989-09-15,233.0
1989-09-16,177.0
1989-09-17,156.0
1989-09-18,147.0
1989-09-19,248.0
1989-09-20,379.0
1989-09-21,401.0
1989-09-22,392.0
1989-09-23,386.0
1989-09-24,384.0
1989-09-25,382.0
1989-09-26,443.0
1989-09-27,447.0
1989-09-28,372.0
1989-09-29,396.0
1989-09-30,476.0
1989-10-01,469.0
1989-10-02,441.0
1989-10-03,370.0
1989-10-04,332.0
1989-10-05,314.0
1989-10-06,332.0
1989-10-07,335.0
1989-10-08,330.0
1989-10-09,345.0
1989-10-10,427.0
1989-10-11,323.0
1989-10-12,252.0
1989-10-13,251.0
1989-10-14,252.0
1989-10-15,253.0
1989-10-16,265.0
1989-10-17,225.0
1989-10-18,221.0
1989-10-19,210.0
1989-10-20,210.0
1989-10-21,204.0
1989-10-22,198.0
1989-10-23,197.0
1989-10-24,194.0
1989-10-25,189.0
1989-10-26,184.0
1989-10-27,186.0
1989-10-28,184.0
1989-10-29,180.0
1989-10-30,104.0
1989-10-31,103.0
1989-11-01,122.0
1989-11-02,114.0
1989-11-03,175.0
1989-11-04,191.0
1989-11-05,188.0
1989-11-06,185.0
1989-11-07,211.0
1989-11-08,208.0
1989-11-09,218.0
1989-11-10,219.0
1989-11-11,216.0
1989-11-12,213.0
1989-11-13,217.0
1989-11-14,214.0
1989-11-15,201.0
1989-11-16,190.0
1989-11-17,243.0
1989-11-18,235.0
1989-11-19,248.0
1989-11-20,246.0
1989-11-21,247.0
1989-11-22,242.0
1989-11-23,278.0
1989-11-24,289.0
1989-11-25,292.0
1989-11-26,283.0
1989-11-27,284.0
1989-11-28,268.0
1989-11-29,253.0
1989-11-30,250.0
1989-12-01,240.0
1989-12-02,235.0
1989-12-03,240.0
1989-12-04,255.0
1989-12-05,260.0
1989-12-06,255.0
1989-12-07,250.0
1989-12-08,245.0
1989-12-09,250.0
1989-12-10,250.0
1989-12-11,230.0
1989-12-12,245.0
1989-12-13,265.0
1989-12-14,285.0
1989-12-15,300.0
1989-12-16,290.0
1989-12-17,285.0
1989-12-18,270.0
1989-12-19,275.0
1989-12-20,310.0
1989-12-21,295.0
1989-12-22,285.0
1989-12-23,310.0
1989-12-24,315.0
1989-12-25,305.0
1989-12-26,305.0
1989-12-27,310.0
1989-12-28,310.0
1989-12-29,290.0
1989-12-30,260.0
1989-12-31,240.0
1990-01-01,245.0
1990-01-02,250.0
1990-01-03,245.0
1990-01-04,225.0
1990-01-05,235.0
1990-01-06,240.0
1990-01-07,250.0
1990-01-08,310.0
1990-01-09,330.0
1990-01-10,325.0
1990-01-11,315.0
1990-01-12,310.0
1990-01-13,315.0
1990-01-14,315.0
1990-01-15,310.0
1990-01-16,295.0
1990-01-17,295.0
1990-01-18,305.0
1990-01-19,305.0
1990-01-20,300.0
1990-01-21,295.0
1990-01-22,295.0
1990-01-23,285.0
1990-01-24,265.0
1990-01-25,245.0
1990-01-26,255.0
1990-01-27,235.0
1990-01-28,260.0
1990-01-29,250.0
1990-01-30,285.0
1990-01-31,295.0
1990-02-01,285.0
1990-02-02,270.0
1990-02-03,245.0
1990-02-04,245.0
1990-02-05,255.0
1990-02-06,255.0
1990-02-07,275.0
1990-02-08,265.0
1990-02-09,250.0
1990-02-10,235.0
1990-02-11,235.0
1990-02-12,240.0
1990-02-13,235.0
1990-02-14,220.0
1990-02-15,200.0
1990-02-16,245.0
1990-02-17,265.0
1990-02-18,265.0
1990-02-19,285.0
1990-02-20,265.0
1990-02-21,280.0
1990-02-22,265.0
1990-02-23,215.0
1990-02-24,235.0
1990-02-25,260.0
1990-02-26,245.0
1990-02-27,208.0
1990-02-28,206.0
1990-03-01,205.0
1990-03-02,205.0
1990-03-03,225.0
1990-03-04,228.0
1990-03-05,226.0
1990-03-06,254.0
1990-03-07,185.0
1990-03-08,155.0
1990-03-09,190.0
1990-03-10,228.0
1990-03-11,236.0
1990-03-12,236.0
1990-03-13,253.0
1990-03-14,225.0
1990-03-15,240.0
1990-03-16,228.0
1990-03-17,284.0
1990-03-18,253.0
1990-03-19,247.0
1990-03-20,247.0
1990-03-21,265.0
1990-03-22,274.0
1990-03-23,284.0
1990-03-24,280.0
1990-03-25,280.0
1990-03-26,280.0
1990-03-27,299.0
1990-03-28,318.0
1990-03-29,300.0
1990-03-30,281.0
1990-03-31,240.0
1990-04-01,252.0
1990-04-02,255.0
1990-04-03,262.0
1990-04-04,237.0
1990-04-05,218.0
1990-04-06,166.0
1990-04-07,172.0
1990-04-08,179.0
1990-04-09,183.0
1990-04-10,194.0
1990-04-11,214.0
1990-04-12,218.0
1990-04-13,227.0
1990-04-14,251.0
1990-04-15,296.0
1990-04-16,315.0
1990-04-17,264.0
1990-04-18,235.0
1990-04-19,241.0
1990-04-20,250.0
1990-04-21,247.0
1990-04-22,253.0
1990-04-23,247.0
1990-04-24,255.0
1990-04-25,253.0
1990-04-26,245.0
1990-04-27,227.0
1990-04-28,216.0
1990-04-29,234.0
1990-04-30,251.0
1990-05-01,405.0
1990-05-02,379.0
1990-05-03,358.0
1990-05-04,358.0
1990-05-05,400.0
1990-05-06,414.0
1990-05-07,440.0
1990-05-08,518.0
1990-05-09,492.0
1990-05-10,432.0
1990-05-11,479.0
1990-05-12,534.0
1990-05-13,515.0
1990-05-14,511.0
1990-05-15,508.0
1990-05-16,511.0
1990-05-17,447.0
1990-05-18,348.0
1990-05-19,351.0
1990-05-20,348.0
1990-05-21,374.0
1990-05-22,615.0
1990-05-23,745.0
1990-05-24,795.0
1990-05-25,884.0
1990-05-26,860.0
1990-05-27,830.0
1990-05-28,842.0
1990-05-29,992.0
1990-05-30,634.0
1990-05-31,539.0
1990-06-01,520.0
1990-06-02,484.0
1990-06-03,472.0
1990-06-04,525.0
1990-06-05,605.0
1990-06-06,735.0
1990-06-07,884.0
1990-06-08,902.0
1990-06-09,974.0
1990-06-10,986.0
1990-06-11,830.0
1990-06-12,675.0
1990-06-13,630.0
1990-06-14,670.0
1990-06-15,761.0
1990-06-16,856.0
1990-06-17,912.0
1990-06-18,900.0
1990-06-19,884.0
1990-06-20,896.0
1990-06-21,818.0
1990-06-22,808.0
1990-06-23,790.0
1990-06-24,770.0
1990-06-25,763.0
1990-06-26,725.0
1990-06-27,725.0
1990-06-28,886.0
1990-06-29,1050.0
1990-06-30,1070.0
1990-07-01,1070.0
1990-07-02,1060.0
1990-07-03,1050.0
1990-07-04,1060.0
1990-07-05,1060.0
1990-07-06,1000.0
1990-07-07,938.0
1990-07-08,1010.0
1990-07-09,1040.0
1990-07-10,938.0
1990-07-11,771.0
1990-07-12,740.0
1990-07-13,675.0
1990-07-14,650.0
1990-07-15,655.0
1990-07-16,655.0
1990-07-17,660.0
1990-07-18,620.0
1990-07-19,515.0
1990-07-20,534.0
1990-07-21,686.0
1990-07-22,838.0
1990-07-23,812.0
1990-07-24,740.0
1990-07-25,650.0
1990-07-26,586.0
1990-07-27,567.0
1990-07-28,548.0
1990-07-29,558.0
1990-07-30,582.0
1990-07-31,600.0
1990-08-01,605.0
1990-08-02,625.0
1990-08-03,630.0
1990-08-04,497.0
1990-08-05,506.0
1990-08-06,480.0
1990-08-07,451.0
1990-08-08,427.0
1990-08-09,520.0
1990-08-10,591.0
1990-08-11,620.0
1990-08-12,585.0
1990-08-13,467.0
1990-08-14,463.0
1990-08-15,489.0
1990-08-16,750.0
1990-08-17,675.0
1990-08-18,625.0
1990-08-19,602.0
1990-08-20,553.0
1990-08-21,484.0
1990-08-22,515.0
1990-08-23,520.0
1990-08-24,489.0
1990-08-25,484.0
1990-08-26,534.0
1990-08-27,605.0
1990-08-28,662.0
1990-08-29,675.0
1990-08-30,755.0
1990-08-31,750.0
1990-09-01,716.0
1990-09-02,585.0
1990-09-03,544.0
1990-09-04,558.0
1990-09-05,675.0
1990-09-06,645.0
1990-09-07,493.0
1990-09-08,534.0
1990-09-09,522.0
1990-09-10,571.0
1990-09-11,610.0
1990-09-12,630.0
1990-09-13,577.0
1990-09-14,595.0
1990-09-15,685.0
1990-09-16,690.0
1990-09-17,645.0
1990-09-18,531.0
1990-09-19,435.0
1990-09-20,404.0
1990-09-21,338.0
1990-09-22,396.0
1990-09-23,393.0
1990-09-24,393.0
1990-09-25,431.0
1990-09-26,463.0
1990-09-27,476.0
1990-09-28,401.0
1990-09-29,399.0
1990-09-30,365.0
1990-10-01,372.0
1990-10-02,378.0
1990-10-03,453.0
1990-10-04,424.0
1990-10-05,412.0
1990-10-06,406.0
1990-10-07,407.0
1990-10-08,410.0
1990-10-09,365.0
1990-10-10,307.0
1990-10-11,192.0
1990-10-12,171.0
1990-10-13,166.0
1990-10-14,168.0
1990-10-15,162.0
1990-10-16,203.0
1990-10-17,264.0
1990-10-18,265.0
1990-10-19,267.0
1990-10-20,245.0
1990-10-21,224.0
1990-10-22,231.0
1990-10-23,214.0
1990-10-24,177.0
1990-10-25,173.0
1990-10-26,203.0
1990-10-27,246.0
1990-10-28,241.0
1990-10-29,252.0
1990-10-30,315.0
1990-10-31,372.0
1990-11-01,390.0
1990-11-02,359.0
1990-11-03,184.0
1990-11-04,156.0
1990-11-05,305.0
1990-11-06,173.0
1990-11-07,136.0
1990-11-08,164.0
1990-11-09,172.0
1990-11-10,233.0
1990-11-11,305.0
1990-11-12,303.0
1990-11-13,302.0
1990-11-14,302.0
1990-11-15,283.0
1990-11-16,282.0
1990-11-17,275.0
1990-11-18,277.0
1990-11-19,270.0
1990-11-20,245.0
1990-11-21,239.0
1990-11-22,240.0
1990-11-23,239.0
1990-11-24,246.0
1990-11-25,243.0
1990-11-26,240.0
1990-11-27,245.0
1990-11-28,212.0
1990-11-29,219.0
1990-11-30,303.0
1990-12-01,279.0
1990-12-02,258.0
1990-12-03,248.0
1990-12-04,267.0
1990-12-05,282.0
1990-12-06,266.0
1990-12-07,259.0
1990-12-08,260.0
1990-12-09,262.0
1990-12-10,262.0
1990-12-11,264.0
1990-12-12,267.0
1990-12-13,267.0
1990-12-14,262.0
1990-12-15,254.0
1990-12-16,274.0
1990-12-17,267.0
1990-12-18,255.0
1990-12-19,249.0
1990-12-20,207.0
1990-12-21,247.0
1990-12-22,249.0
1990-12-23,272.0
1990-12-24,275.0
1990-12-25,270.0
1990-12-26,275.0
1990-12-27,290.0
1990-12-28,386.0
1990-12-29,332.0
1990-12-30,279.0
1990-12-31,342.0
1991-01-01,287.0
1991-01-02,264.0
1991-01-03,253.0
1991-01-04,219.0
1991-01-05,306.0
1991-01-06,283.0
1991-01-07,350.0
1991-01-08,355.0
1991-01-09,343.0
1991-01-10,309.0
1991-01-11,293.0
1991-01-12,294.0
1991-01-13,313.0
1991-01-14,290.0
1991-01-15,267.0
1991-01-16,255.0
1991-01-17,250.0
1991-01-18,256.0
1991-01-19,263.0
1991-01-20,252.0
1991-01-21,245.0
1991-01-22,249.0
1991-01-23,252.0
1991-01-24,283.0
1991-01-25,290.0
1991-01-26,285.0
1991-01-27,287.0
1991-01-28,280.0
1991-01-29,240.0
1991-01-30,261.0
1991-01-31,266.0
1991-02-01,293.0
1991-02-02,270.0
1991-02-03,245.0
1991-02-04,243.0
1991-02-05,230.0
1991-02-06,231.0
1991-02-07,247.0
1991-02-08,232.0
1991-02-09,207.0
1991-02-10,224.0
1991-02-11,221.0
1991-02-12,222.0
1991-02-13,215.0
1991-02-14,196.0
1991-02-15,204.0
1991-02-16,204.0
1991-02-17,187.0
1991-02-18,173.0
1991-02-19,193.0
1991-02-20,203.0
1991-02-21,190.0
1991-02-22,199.0
1991-02-23,205.0
1991-02-24,208.0
1991-02-25,232.0
1991-02-26,245.0
1991-02-27,245.0
1991-02-28,238.0
1991-03-01,238.0
1991-03-02,249.0
1991-03-03,244.0
1991-03-04,254.0
1991-03-05,256.0
1991-03-06,227.0
1991-03-07,199.0
1991-03-08,196.0
1991-03-09,197.0
1991-03-10,205.0
1991-03-11,208.0
1991-03-12,208.0
1991-03-13,220.0
1991-03-14,222.0
1991-03-15,220.0
1991-03-16,205.0
1991-03-17,204.0
1991-03-18,205.0
1991-03-19,210.0
1991-03-20,251.0
1991-03-21,248.0
1991-03-22,252.0
1991-03-23,249.0
1991-03-24,250.0
1991-03-25,252.0
1991-03-26,270.0
1991-03-27,290.0
1991-03-28,253.0
1991-03-29,241.0
1991-03-30,212.0
1991-03-31,210.0
1991-04-01,217.0
1991-04-02,232.0
1991-04-03,232.0
1991-04-04,220.0
1991-04-05,234.0
1991-04-06,337.0
1991-04-07,357.0
1991-04-08,347.0
1991-04-09,261.0
1991-04-10,255.0
1991-04-11,253.0
1991-04-12,258.0
1991-04-13,244.0
1991-04-14,253.0
1991-04-15,255.0
1991-04-16,264.0
1991-04-17,270.0
1991-04-18,278.0
1991-04-19,272.0
1991-04-20,270.0
1991-04-21,270.0
1991-04-22,274.0
1991-04-23,315.0
1991-04-24,312.0
1991-04-25,302.0
1991-04-26,305.0
1991-04-27,293.0
1991-04-28,285.0
1991-04-29,293.0
1991-04-30,351.0
1991-05-01,310.0
1991-05-02,272.0
1991-05-03,288.0
1991-05-04,351.0
1991-05-05,357.0
1991-05-06,357.0
1991-05-07,327.0
1991-05-08,317.0
1991-05-09,362.0
1991-05-10,409.0
1991-05-11,394.0
1991-05-12,399.0
1991-05-13,346.0
1991-05-14,426.0
1991-05-15,624.0
1991-05-16,554.0
1991-05-17,381.0
1991-05-18,373.0
1991-05-19,513.0
1991-05-20,495.0
1991-05-21,446.0
1991-05-22,379.0
1991-05-23,415.0
1991-05-24,464.0
1991-05-25,431.0
1991-05-26,482.0
1991-05-27,523.0
1991-05-28,488.0
1991-05-29,451.0
1991-05-30,517.0
1991-05-31,505.0
1991-06-01,577.0
1991-06-02,669.0
1991-06-03,628.0
1991-06-04,602.0
1991-06-05,644.0
1991-06-06,794.0
1991-06-07,907.0
1991-06-08,624.0
1991-06-09,570.0
1991-06-10,552.0
1991-06-11,577.0
1991-06-12,578.0
1991-06-13,554.0
1991-06-14,594.0
1991-06-15,566.0
1991-06-16,579.0
1991-06-17,536.0
1991-06-18,502.0
1991-06-19,474.0
1991-06-20,658.0
1991-06-21,668.0
1991-06-22,679.0
1991-06-23,672.0
1991-06-24,636.0
1991-06-25,669.0
1991-06-26,753.0
1991-06-27,836.0
1991-06-28,828.0
1991-06-29,772.0
1991-06-30,788.0
1991-07-01,746.0
1991-07-02,654.0
1991-07-03,756.0
1991-07-04,753.0
1991-07-05,737.0
1991-07-06,726.0
1991-07-07,729.0
1991-07-08,767.0
1991-07-09,768.0
1991-07-10,698.0
1991-07-11,630.0
1991-07-12,647.0
1991-07-13,630.0
1991-07-14,616.0
1991-07-15,581.0
1991-07-16,564.0
1991-07-17,639.0
1991-07-18,636.0
1991-07-19,658.0
1991-07-20,664.0
1991-07-21,662.0
1991-07-22,687.0
1991-07-23,664.0
1991-07-24,631.0
1991-07-25,678.0
1991-07-26,901.0
1991-07-27,898.0
1991-07-28,807.0
1991-07-29,712.0
1991-07-30,668.0
1991-07-31,638.0
1991-08-01,629.0
1991-08-02,631.0
1991-08-03,713.0
1991-08-04,891.0
1991-08-05,868.0
1991-08-06,858.0
1991-08-07,912.0
1991-08-08,833.0
1991-08-09,639.0
1991-08-10,631.0
1991-08-11,630.0
1991-08-12,632.0
1991-08-13,595.0
1991-08-14,582.0
1991-08-15,616.0
1991-08-16,604.0
1991-08-17,648.0
1991-08-18,658.0
1991-08-19,690.0
1991-08-20,681.0
1991-08-21,589.0
1991-08-22,544.0
1991-08-23,542.0
1991-08-24,627.0
1991-08-25,661.0
1991-08-26,664.0
1991-08-27,632.0
1991-08-28,653.0
1991-08-29,650.0
1991-08-30,598.0
1991-08-31,572.0
1991-09-01,564.0
1991-09-02,560.0
1991-09-03,579.0
1991-09-04,592.0
1991-09-05,605.0
1991-09-06,674.0
1991-09-07,671.0
1991-09-08,668.0
1991-09-09,655.0
1991-09-10,653.0
1991-09-11,674.0
1991-09-12,762.0
1991-09-13,761.0
1991-09-14,694.0
1991-09-15,648.0
1991-09-16,655.0
1991-09-17,682.0
1991-09-18,669.0
1991-09-19,595.0
1991-09-20,499.0
1991-09-21,533.0
1991-09-22,527.0
1991-09-23,514.0
1991-09-24,428.0
1991-09-25,502.0
1991-09-26,511.0
1991-09-27,511.0
1991-09-28,468.0
1991-09-29,443.0
1991-09-30,458.0
1991-10-01,451.0
1991-10-02,272.0
1991-10-03,250.0
1991-10-04,244.0
1991-10-05,244.0
1991-10-06,244.0
1991-10-07,247.0
1991-10-08,354.0
1991-10-09,372.0
1991-10-10,372.0
1991-10-11,365.0
1991-10-12,365.0
1991-10-13,358.0
1991-10-14,338.0
1991-10-15,281.0
1991-10-16,287.0
1991-10-17,321.0
1991-10-18,331.0
1991-10-19,348.0
1991-10-20,348.0
1991-10-21,348.0
1991-10-22,328.0
1991-10-23,275.0
1991-10-24,281.0
1991-10-25,258.0
1991-10-26,201.0
1991-10-27,192.0
1991-10-28,192.0
1991-10-29,160.0
1991-10-30,151.0
1991-10-31,149.0
1991-11-01,231.0
1991-11-02,255.0
1991-11-03,253.0
1991-11-04,290.0
1991-11-05,290.0
1991-11-06,275.0
1991-11-07,278.0
1991-11-08,270.0
1991-11-09,309.0
1991-11-10,315.0
1991-11-11,315.0
1991-11-12,302.0
1991-11-13,302.0
1991-11-14,296.0
1991-11-15,312.0
1991-11-16,306.0
1991-11-17,306.0
1991-11-18,299.0
1991-11-19,302.0
1991-11-20,239.0
1991-11-21,272.0
1991-11-22,264.0
1991-11-23,228.0
1991-11-24,242.0
1991-11-25,284.0
1991-11-26,318.0
1991-11-27,299.0
1991-11-28,258.0
1991-11-29,258.0
1991-11-30,247.0
1991-12-01,236.0
1991-12-02,239.0
1991-12-03,255.0
1991-12-04,272.0
1991-12-05,287.0
1991-12-06,299.0
1991-12-07,321.0
1991-12-08,287.0
1991-12-09,281.0
1991-12-10,278.0
1991-12-11,281.0
1991-12-12,244.0
1991-12-13,226.0
1991-12-14,214.0
1991-12-15,239.0
1991-12-16,244.0
1991-12-17,250.0
1991-12-18,242.0
1991-12-19,242.0
1991-12-20,244.0
1991-12-21,239.0
1991-12-22,242.0
1991-12-23,239.0
1991-12-24,231.0
1991-12-25,234.0
1991-12-26,236.0
1991-12-27,234.0
1991-12-28,231.0
1991-12-29,236.0
1991-12-30,244.0
1991-12-31,236.0
1992-01-01,244.0
1992-01-02,239.0
1992-01-03,244.0
1992-01-04,321.0
1992-01-05,348.0
1992-01-06,331.0
1992-01-07,321.0
1992-01-08,253.0
1992-01-09,244.0
1992-01-10,247.0
1992-01-11,255.0
1992-01-12,258.0
1992-01-13,250.0
1992-01-14,261.0
1992-01-15,315.0
1992-01-16,305.0
1992-01-17,269.0
1992-01-18,259.0
1992-01-19,259.0
1992-01-20,262.0
1992-01-21,259.0
1992-01-22,256.0
1992-01-23,226.0
1992-01-24,291.0
1992-01-25,257.0
1992-01-26,276.0
1992-01-27,275.0
1992-01-28,275.0
1992-01-29,244.0
1992-01-30,247.0
1992-01-31,247.0
1992-02-01,247.0
1992-02-02,247.0
1992-02-03,253.0
1992-02-04,250.0
1992-02-05,250.0
1992-02-06,242.0
1992-02-07,250.0
1992-02-08,236.0
1992-02-09,236.0
1992-02-10,236.0
1992-02-11,242.0
1992-02-12,236.0
1992-02-13,239.0
1992-02-14,242.0
1992-02-15,239.0
1992-02-16,239.0
1992-02-17,239.0
1992-02-18,231.0
1992-02-19,231.0
1992-02-20,247.0
1992-02-21,255.0
1992-02-22,255.0
1992-02-23,255.0
1992-02-24,255.0
1992-02-25,255.0
1992-02-26,253.0
1992-02-27,258.0
1992-02-28,258.0
1992-02-29,247.0
1992-03-01,247.0
1992-03-02,247.0
1992-03-03,253.0
1992-03-04,278.0
1992-03-05,231.0
1992-03-06,228.0
1992-03-07,228.0
1992-03-08,231.0
1992-03-09,234.0
1992-03-10,218.0
1992-03-11,231.0
1992-03-12,239.0
1992-03-13,239.0
1992-03-14,247.0
1992-03-15,244.0
1992-03-16,255.0
1992-03-17,261.0
1992-03-18,258.0
1992-03-19,250.0
1992-03-20,244.0
1992-03-21,247.0
1992-03-22,250.0
1992-03-23,253.0
1992-03-24,261.0
1992-03-25,253.0
1992-03-26,247.0
1992-03-27,253.0
1992-03-28,278.0
1992-03-29,287.0
1992-03-30,281.0
1992-03-31,275.0
1992-04-01,234.0
1992-04-02,234.0
1992-04-03,231.0
1992-04-04,255.0
1992-04-05,270.0
1992-04-06,275.0
1992-04-07,302.0
1992-04-08,309.0
1992-04-09,325.0
1992-04-10,427.0
1992-04-11,515.0
1992-04-12,515.0
1992-04-13,476.0
1992-04-14,511.0
1992-04-15,520.0
1992-04-16,459.0
1992-04-17,451.0
1992-04-18,431.0
1992-04-19,408.0
1992-04-20,376.0
1992-04-21,393.0
1992-04-22,451.0
1992-04-23,548.0
1992-04-24,567.0
1992-04-25,544.0
1992-04-26,539.0
1992-04-27,605.0
1992-04-28,645.0
1992-04-29,670.0
1992-04-30,725.0
1992-05-01,760.0
1992-05-02,760.0
1992-05-03,745.0
1992-05-04,740.0
1992-05-05,740.0
1992-05-06,740.0
1992-05-07,765.0
1992-05-08,800.0
1992-05-09,760.0
1992-05-10,690.0
1992-05-11,530.0
1992-05-12,615.0
1992-05-13,664.0
1992-05-14,650.0
1992-05-15,645.0
1992-05-16,640.0
1992-05-17,640.0
1992-05-18,650.0
1992-05-19,700.0
1992-05-20,725.0
1992-05-21,800.0
1992-05-22,730.0
1992-05-23,675.0
1992-05-24,625.0
1992-05-25,615.0
1992-05-26,615.0
1992-05-27,670.0
1992-05-28,620.0
1992-05-29,539.0
1992-05-30,558.0
1992-05-31,581.0
1992-06-01,591.0
1992-06-02,591.0
1992-06-03,572.0
1992-06-04,620.0
1992-06-05,620.0
1992-06-06,615.0
1992-06-07,376.0
1992-06-08,338.0
1992-06-09,348.0
1992-06-10,525.0
1992-06-11,595.0
1992-06-12,665.0
1992-06-13,645.0
1992-06-14,630.0
1992-06-15,615.0
1992-06-16,645.0
1992-06-17,720.0
1992-06-18,720.0
1992-06-19,730.0
1992-06-20,725.0
1992-06-21,640.0
1992-06-22,635.0
1992-06-23,630.0
1992-06-24,685.0
1992-06-25,765.0
1992-06-26,685.0
1992-06-27,680.0
1992-06-28,620.0
1992-06-29,610.0
1992-06-30,581.0
1992-07-01,625.0
1992-07-02,695.0
1992-07-03,630.0
1992-07-04,610.0
1992-07-05,600.0
1992-07-06,591.0
1992-07-07,600.0
1992-07-08,610.0
1992-07-09,610.0
1992-07-10,586.0
1992-07-11,591.0
1992-07-12,600.0
1992-07-13,635.0
1992-07-14,595.0
1992-07-15,591.0
1992-07-16,640.0
1992-07-17,685.0
1992-07-18,680.0
1992-07-19,670.0
1992-07-20,675.0
1992-07-21,670.0
1992-07-22,586.0
1992-07-23,576.0
1992-07-24,534.0
1992-07-25,530.0
1992-07-26,539.0
1992-07-27,443.0
1992-07-28,459.0
1992-07-29,586.0
1992-07-30,581.0
1992-07-31,544.0
1992-08-01,558.0
1992-08-02,630.0
1992-08-03,675.0
1992-08-04,670.0
1992-08-05,562.0
1992-08-06,562.0
1992-08-07,567.0
1992-08-08,630.0
1992-08-09,635.0
1992-08-10,640.0
1992-08-11,685.0
1992-08-12,690.0
1992-08-13,586.0
1992-08-14,480.0
1992-08-15,463.0
1992-08-16,463.0
1992-08-17,591.0
1992-08-18,586.0
1992-08-19,497.0
1992-08-20,476.0
1992-08-21,476.0
1992-08-22,562.0
1992-08-23,562.0
1992-08-24,680.0
1992-08-25,610.0
1992-08-26,365.0
1992-08-27,515.0
1992-08-28,515.0
1992-08-29,439.0
1992-08-30,397.0
1992-08-31,365.0
1992-09-01,435.0
1992-09-02,572.0
1992-09-03,630.0
1992-09-04,695.0
1992-09-05,695.0
1992-09-06,770.0
1992-09-07,745.0
1992-09-08,740.0
1992-09-09,655.0
1992-09-10,581.0
1992-09-11,480.0
1992-09-12,472.0
1992-09-13,447.0
1992-09-14,459.0
1992-09-15,459.0
1992-09-16,467.0
1992-09-17,427.0
1992-09-18,325.0
1992-09-19,358.0
1992-09-20,600.0
1992-09-21,404.0
1992-09-22,472.0
1992-09-23,467.0
1992-09-24,463.0
1992-09-25,463.0
1992-09-26,463.0
1992-09-27,463.0
1992-09-28,459.0
1992-09-29,427.0
1992-09-30,423.0
1992-10-01,426.0
1992-10-02,479.0
1992-10-03,480.0
1992-10-04,480.0
1992-10-05,479.0
1992-10-06,455.0
1992-10-07,358.0
1992-10-08,295.0
1992-10-09,283.0
1992-10-10,284.0
1992-10-11,279.0
1992-10-12,300.0
1992-10-13,413.0
1992-10-14,416.0
1992-10-15,415.0
1992-10-16,428.0
1992-10-17,497.0
1992-10-18,501.0
1992-10-19,492.0
1992-10-20,424.0
1992-10-21,351.0
1992-10-22,362.0
1992-10-23,409.0
1992-10-24,495.0
1992-10-25,500.0
1992-10-26,514.0
1992-10-27,419.0
1992-10-28,349.0
1992-10-29,382.0
1992-10-30,362.0
1992-10-31,355.0
1992-11-01,342.0
1992-11-02,336.0
1992-11-03,330.0
1992-11-04,320.0
1992-11-05,320.0
1992-11-06,331.0
1992-11-07,333.0
1992-11-08,338.0
1992-11-09,334.0
1992-11-10,334.0
1992-11-11,333.0
1992-11-12,325.0
1992-11-13,326.0
1992-11-14,277.0
1992-11-15,272.0
1992-11-16,274.0
1992-11-17,268.0
1992-11-18,273.0
1992-11-19,272.0
1992-11-20,282.0
1992-11-21,279.0
1992-11-22,250.0
1992-11-23,274.0
1992-11-24,274.0
1992-11-25,264.0
1992-11-26,255.0
1992-11-27,265.0
1992-11-28,274.0
1992-11-29,296.0
1992-11-30,290.0
1992-12-01,293.0
1992-12-02,270.0
1992-12-03,250.0
1992-12-04,220.0
1992-12-05,200.0
1992-12-06,220.0
1992-12-07,220.0
1992-12-08,240.0
1992-12-09,280.0
1992-12-10,270.0
1992-12-11,260.0
1992-12-12,240.0
1992-12-13,220.0
1992-12-14,210.0
1992-12-15,240.0
1992-12-16,220.0
1992-12-17,210.0
1992-12-18,240.0
1992-12-19,220.0
1992-12-20,230.0
1992-12-21,230.0
1992-12-22,230.0
1992-12-23,250.0
1992-12-24,240.0
1992-12-25,230.0
1992-12-26,240.0
1992-12-27,250.0
1992-12-28,280.0
1992-12-29,270.0
1992-12-30,250.0
1992-12-31,230.0
1993-01-01,220.0
1993-01-02,230.0
1993-01-03,210.0
1993-01-04,190.0
1993-01-05,240.0
1993-01-06,210.0
1993-01-07,190.0
1993-01-08,180.0
1993-01-09,190.0
1993-01-10,240.0
1993-01-11,260.0
1993-01-12,240.0
1993-01-13,260.0
1993-01-14,270.0
1993-01-15,260.0
1993-01-16,260.0
1993-01-17,270.0
1993-01-18,270.0
1993-01-19,320.0
1993-01-20,230.0
1993-01-21,270.0
1993-01-22,270.0
1993-01-23,250.0
1993-01-24,240.0
1993-01-25,270.0
1993-01-26,270.0
1993-01-27,270.0
1993-01-28,270.0
1993-01-29,250.0
1993-01-30,270.0
1993-01-31,270.0
1993-02-01,260.0
1993-02-02,260.0
1993-02-03,260.0
1993-02-04,280.0
1993-02-05,280.0
1993-02-06,260.0
1993-02-07,260.0
1993-02-08,280.0
1993-02-09,270.0
1993-02-10,260.0
1993-02-11,240.0
1993-02-12,202.0
1993-02-13,202.0
1993-02-14,202.0
1993-02-15,209.0
1993-02-16,188.0
1993-02-17,269.0
1993-02-18,284.0
1993-02-19,310.0
1993-02-20,274.0
1993-02-21,234.0
1993-02-22,229.0
1993-02-23,232.0
1993-02-24,238.0
1993-02-25,235.0
1993-02-26,231.0
1993-02-27,233.0
1993-02-28,235.0
1993-03-01,238.0
1993-03-02,235.0
1993-03-03,233.0
1993-03-04,233.0
1993-03-05,232.0
1993-03-06,239.0
1993-03-07,238.0
1993-03-08,240.0
1993-03-09,245.0
1993-03-10,247.0
1993-03-11,244.0
1993-03-12,237.0
1993-03-13,229.0
1993-03-14,249.0
1993-03-15,250.0
1993-03-16,247.0
1993-03-17,250.0
1993-03-18,252.0
1993-03-19,239.0
1993-03-20,236.0
1993-03-21,243.0
1993-03-22,241.0
1993-03-23,240.0
1993-03-24,241.0
1993-03-25,245.0
1993-03-26,237.0
1993-03-27,255.0
1993-03-28,258.0
1993-03-29,260.0
1993-03-30,268.0
1993-03-31,243.0
1993-04-01,236.0
1993-04-02,243.0
1993-04-03,256.0
1993-04-04,238.0
1993-04-05,251.0
1993-04-06,261.0
1993-04-07,258.0
1993-04-08,242.0
1993-04-09,252.0
1993-04-10,264.0
1993-04-11,264.0
1993-04-12,273.0
1993-04-13,282.0
1993-04-14,270.0
1993-04-15,267.0
1993-04-16,263.0
1993-04-17,256.0
1993-04-18,258.0
1993-04-19,258.0
1993-04-20,184.0
1993-04-21,210.0
1993-04-22,289.0
1993-04-23,401.0
1993-04-24,543.0
1993-04-25,554.0
1993-04-26,508.0
1993-04-27,424.0
1993-04-28,416.0
1993-04-29,378.0
1993-04-30,354.0
1993-05-01,357.0
1993-05-02,348.0
1993-05-03,367.0
1993-05-04,442.0
1993-05-05,453.0
1993-05-06,547.0
1993-05-07,590.0
1993-05-08,620.0
1993-05-09,614.0
1993-05-10,614.0
1993-05-11,611.0
1993-05-12,644.0
1993-05-13,721.0
1993-05-14,754.0
1993-05-15,679.0
1993-05-16,702.0
1993-05-17,677.0
1993-05-18,566.0
1993-05-19,492.0
1993-05-20,490.0
1993-05-21,599.0
1993-05-22,752.0
1993-05-23,736.0
1993-05-24,794.0
1993-05-25,741.0
1993-05-26,538.0
1993-05-27,559.0
1993-05-28,595.0
1993-05-29,688.0
1993-05-30,693.0
1993-05-31,700.0
1993-06-01,720.0
1993-06-02,754.0
1993-06-03,865.0
1993-06-04,719.0
1993-06-05,705.0
1993-06-06,687.0
1993-06-07,690.0
1993-06-08,720.0
1993-06-09,799.0
1993-06-10,832.0
1993-06-11,940.0
1993-06-12,934.0
1993-06-13,940.0
1993-06-14,904.0
1993-06-15,873.0
1993-06-16,859.0
1993-06-17,982.0
1993-06-18,1050.0
1993-06-19,929.0
1993-06-20,896.0
1993-06-21,881.0
1993-06-22,890.0
1993-06-23,880.0
1993-06-24,856.0
1993-06-25,839.0
1993-06-26,850.0
1993-06-27,844.0
1993-06-28,856.0
1993-06-29,882.0
1993-06-30,1060.0
1993-07-01,1090.0
1993-07-02,1160.0
1993-07-03,1160.0
1993-07-04,1150.0
1993-07-05,1070.0
1993-07-06,1050.0
1993-07-07,1030.0
1993-07-08,1060.0
1993-07-09,1010.0
1993-07-10,995.0
1993-07-11,1010.0
1993-07-12,954.0
1993-07-13,898.0
1993-07-14,842.0
1993-07-15,809.0
1993-07-16,783.0
1993-07-17,783.0
1993-07-18,829.0
1993-07-19,806.0
1993-07-20,798.0
1993-07-21,799.0
1993-07-22,786.0
1993-07-23,785.0
1993-07-24,783.0
1993-07-25,771.0
1993-07-26,761.0
1993-07-27,758.0
1993-07-28,759.0
1993-07-29,767.0
1993-07-30,771.0
1993-07-31,788.0
1993-08-01,777.0
1993-08-02,775.0
1993-08-03,763.0
1993-08-04,612.0
1993-08-05,539.0
1993-08-06,532.0
1993-08-07,511.0
1993-08-08,512.0
1993-08-09,561.0
1993-08-10,592.0
1993-08-11,651.0
1993-08-12,632.0
1993-08-13,631.0
1993-08-14,627.0
1993-08-15,622.0
1993-08-16,607.0
1993-08-17,599.0
1993-08-18,607.0
1993-08-19,666.0
1993-08-20,698.0
1993-08-21,714.0
1993-08-22,678.0
1993-08-23,658.0
1993-08-24,778.0
1993-08-25,1070.0
1993-08-26,724.0
1993-08-27,691.0
1993-08-28,682.0
1993-08-29,672.0
1993-08-30,683.0
1993-08-31,679.0
1993-09-01,545.0
1993-09-02,486.0
1993-09-03,470.0
1993-09-04,386.0
1993-09-05,383.0
1993-09-06,417.0
1993-09-07,430.0
1993-09-08,491.0
1993-09-09,463.0
1993-09-10,420.0
1993-09-11,415.0
1993-09-12,410.0
1993-09-13,431.0
1993-09-14,437.0
1993-09-15,400.0
1993-09-16,416.0
1993-09-17,489.0
1993-09-18,490.0
1993-09-19,466.0
1993-09-20,452.0
1993-09-21,450.0
1993-09-22,406.0
1993-09-23,398.0
1993-09-24,396.0
1993-09-25,409.0
1993-09-26,407.0
1993-09-27,370.0
1993-09-28,367.0
1993-09-29,421.0
1993-09-30,424.0
1993-10-01,432.0
1993-10-02,456.0
1993-10-03,463.0
1993-10-04,463.0
1993-10-05,460.0
1993-10-06,478.0
1993-10-07,500.0
1993-10-08,394.0
1993-10-09,288.0
1993-10-10,277.0
1993-10-11,272.0
1993-10-12,270.0
1993-10-13,297.0
1993-10-14,300.0
1993-10-15,299.0
1993-10-16,245.0
1993-10-17,240.0
1993-10-18,269.0
1993-10-19,212.0
1993-10-20,189.0
1993-10-21,230.0
1993-10-22,226.0
1993-10-23,226.0
1993-10-24,223.0
1993-10-25,220.0
1993-10-26,260.0
1993-10-27,259.0
1993-10-28,264.0
1993-10-29,272.0
1993-10-30,240.0
1993-10-31,248.0
1993-11-01,279.0
1993-11-02,261.0
1993-11-03,253.0
1993-11-04,258.0
1993-11-05,251.0
1993-11-06,204.0
1993-11-07,194.0
1993-11-08,198.0
1993-11-09,192.0
1993-11-10,230.0
1993-11-11,262.0
1993-11-12,241.0
1993-11-13,232.0
1993-11-14,232.0
1993-11-15,216.0
1993-11-16,215.0
1993-11-17,220.0
1993-11-18,224.0
1993-11-19,223.0
1993-11-20,213.0
1993-11-21,218.0
1993-11-22,223.0
1993-11-23,225.0
1993-11-24,210.0
1993-11-25,193.0
1993-11-26,212.0
1993-11-27,208.0
1993-11-28,225.0
1993-11-29,225.0
1993-11-30,230.0
1993-12-01,220.0
1993-12-02,205.0
1993-12-03,194.0
1993-12-04,192.0
1993-12-05,201.0
1993-12-06,192.0
1993-12-07,195.0
1993-12-08,202.0
1993-12-09,198.0
1993-12-10,194.0
1993-12-11,207.0
1993-12-12,213.0
1993-12-13,206.0
1993-12-14,198.0
1993-12-15,233.0
1993-12-16,225.0
1993-12-17,209.0
1993-12-18,210.0
1993-12-19,215.0
1993-12-20,201.0
1993-12-21,210.0
1993-12-22,204.0
1993-12-23,208.0
1993-12-24,217.0
1993-12-25,231.0
1993-12-26,241.0
1993-12-27,227.0
1993-12-28,212.0
1993-12-29,192.0
1993-12-30,213.0
1993-12-31,231.0
1994-01-01,284.0
1994-01-02,281.0
1994-01-03,258.0
1994-01-04,219.0
1994-01-05,224.0
1994-01-06,185.0
1994-01-07,179.0
1994-01-08,195.0
1994-01-09,185.0
1994-01-10,182.0
1994-01-11,177.0
1994-01-12,182.0
1994-01-13,178.0
1994-01-14,187.0
1994-01-15,218.0
1994-01-16,223.0
1994-01-17,219.0
1994-01-18,242.0
1994-01-19,227.0
1994-01-20,220.0
1994-01-21,218.0
1994-01-22,213.0
1994-01-23,219.0
1994-01-24,224.0
1994-01-25,225.0
1994-01-26,223.0
1994-01-27,224.0
1994-01-28,230.0
1994-01-29,198.0
1994-01-30,199.0
1994-01-31,183.0
1994-02-01,201.0
1994-02-02,215.0
1994-02-03,224.0
1994-02-04,232.0
1994-02-05,221.0
1994-02-06,223.0
1994-02-07,238.0
1994-02-08,210.0
1994-02-09,224.0
1994-02-10,224.0
1994-02-11,229.0
1994-02-12,228.0
1994-02-13,222.0
1994-02-14,230.0
1994-02-15,226.0
1994-02-16,227.0
1994-02-17,232.0
1994-02-18,233.0
1994-02-19,242.0
1994-02-20,242.0
1994-02-21,250.0
1994-02-22,255.0
1994-02-23,242.0
1994-02-24,255.0
1994-02-25,255.0
1994-02-26,258.0
1994-02-27,264.0
1994-02-28,267.0
1994-03-01,244.0
1994-03-02,222.0
1994-03-03,224.0
1994-03-04,231.0
1994-03-05,232.0
1994-03-06,229.0
1994-03-07,227.0
1994-03-08,226.0
1994-03-09,210.0
1994-03-10,217.0
1994-03-11,247.0
1994-03-12,261.0
1994-03-13,255.0
1994-03-14,261.0
1994-03-15,268.0
1994-03-16,272.0
1994-03-17,275.0
1994-03-18,278.0
1994-03-19,256.0
1994-03-20,263.0
1994-03-21,244.0
1994-03-22,241.0
1994-03-23,240.0
1994-03-24,234.0
1994-03-25,230.0
1994-03-26,250.0
1994-03-27,240.0
1994-03-28,231.0
1994-03-29,252.0
1994-03-30,234.0
1994-03-31,246.0
1994-04-01,251.0
1994-04-02,241.0
1994-04-03,229.0
1994-04-04,238.0
1994-04-05,243.0
1994-04-06,224.0
1994-04-07,242.0
1994-04-08,242.0
1994-04-09,242.0
1994-04-10,240.0
1994-04-11,241.0
1994-04-12,231.0
1994-04-13,250.0
1994-04-14,267.0
1994-04-15,279.0
1994-04-16,281.0
1994-04-17,300.0
1994-04-18,306.0
1994-04-19,350.0
1994-04-20,369.0
1994-04-21,383.0
1994-04-22,391.0
1994-04-23,403.0
1994-04-24,426.0
1994-04-25,420.0
1994-04-26,349.0
1994-04-27,336.0
1994-04-28,313.0
1994-04-29,336.0
1994-04-30,342.0
1994-05-01,356.0
1994-05-02,307.0
1994-05-03,293.0
1994-05-04,288.0
1994-05-05,338.0
1994-05-06,394.0
1994-05-07,557.0
1994-05-08,639.0
1994-05-09,661.0
1994-05-10,671.0
1994-05-11,571.0
1994-05-12,621.0
1994-05-13,829.0
1994-05-14,893.0
1994-05-15,880.0
1994-05-16,757.0
1994-05-17,789.0
1994-05-18,831.0
1994-05-19,820.0
1994-05-20,840.0
1994-05-21,810.0
1994-05-22,776.0
1994-05-23,779.0
1994-05-24,960.0
1994-05-25,1030.0
1994-05-26,1240.0
1994-05-27,1040.0
1994-05-28,1010.0
1994-05-29,993.0
1994-05-30,992.0
1994-05-31,974.0
1994-06-01,969.0
1994-06-02,850.0
1994-06-03,822.0
1994-06-04,881.0
1994-06-05,834.0
1994-06-06,801.0
1994-06-07,860.0
1994-06-08,860.0
1994-06-09,947.0
1994-06-10,932.0
1994-06-11,793.0
1994-06-12,783.0
1994-06-13,770.0
1994-06-14,770.0
1994-06-15,817.0
1994-06-16,808.0
1994-06-17,802.0
1994-06-18,806.0
1994-06-19,816.0
1994-06-20,849.0
1994-06-21,954.0
1994-06-22,1060.0
1994-06-23,1080.0
1994-06-24,951.0
1994-06-25,829.0
1994-06-26,791.0
1994-06-27,703.0
1994-06-28,682.0
1994-06-29,601.0
1994-06-30,590.0
1994-07-01,586.0
1994-07-02,602.0
1994-07-03,615.0
1994-07-04,600.0
1994-07-05,589.0
1994-07-06,601.0
1994-07-07,631.0
1994-07-08,587.0
1994-07-09,626.0
1994-07-10,624.0
1994-07-11,640.0
1994-07-12,677.0
1994-07-13,686.0
1994-07-14,686.0
1994-07-15,669.0
1994-07-16,550.0
1994-07-17,536.0
1994-07-18,526.0
1994-07-19,536.0
1994-07-20,533.0
1994-07-21,553.0
1994-07-22,539.0
1994-07-23,534.0
1994-07-24,541.0
1994-07-25,541.0
1994-07-26,533.0
1994-07-27,527.0
1994-07-28,522.0
1994-07-29,521.0
1994-07-30,544.0
1994-07-31,542.0
1994-08-01,553.0
1994-08-02,581.0
1994-08-03,579.0
1994-08-04,494.0
1994-08-05,491.0
1994-08-06,570.0
1994-08-07,564.0
1994-08-08,560.0
1994-08-09,554.0
1994-08-10,551.0
1994-08-11,569.0
1994-08-12,572.0
1994-08-13,543.0
1994-08-14,477.0
1994-08-15,430.0
1994-08-16,485.0
1994-08-17,573.0
1994-08-18,622.0
1994-08-19,636.0
1994-08-20,616.0
1994-08-21,486.0
1994-08-22,528.0
1994-08-23,558.0
1994-08-24,549.0
1994-08-25,547.0
1994-08-26,542.0
1994-08-27,543.0
1994-08-28,552.0
1994-08-29,552.0
1994-08-30,553.0
1994-08-31,564.0
1994-09-01,578.0
1994-09-02,560.0
1994-09-03,539.0
1994-09-04,527.0
1994-09-05,516.0
1994-09-06,511.0
1994-09-07,514.0
1994-09-08,574.0
1994-09-09,571.0
1994-09-10,574.0
1994-09-11,573.0
1994-09-12,577.0
1994-09-13,571.0
1994-09-14,575.0
1994-09-15,574.0
1994-09-16,569.0
1994-09-17,570.0
1994-09-18,563.0
1994-09-19,563.0
1994-09-20,498.0
1994-09-21,483.0
1994-09-22,462.0
1994-09-23,396.0
1994-09-24,300.0
1994-09-25,285.0
1994-09-26,281.0
1994-09-27,358.0
1994-09-28,430.0
1994-09-29,439.0
1994-09-30,436.0
1994-10-01,410.0
1994-10-02,388.0
1994-10-03,382.0
1994-10-04,370.0
1994-10-05,297.0
1994-10-06,261.0
1994-10-07,261.0
1994-10-08,273.0
1994-10-09,270.0
1994-10-10,271.0
1994-10-11,315.0
1994-10-12,313.0
1994-10-13,353.0
1994-10-14,381.0
1994-10-15,310.0
1994-10-16,310.0
1994-10-17,320.0
1994-10-18,318.0
1994-10-19,310.0
1994-10-20,243.0
1994-10-21,234.0
1994-10-22,234.0
1994-10-23,231.0
1994-10-24,228.0
1994-10-25,227.0
1994-10-26,353.0
1994-10-27,297.0
1994-10-28,235.0
1994-10-29,227.0
1994-10-30,226.0
1994-10-31,231.0
1994-11-01,225.0
1994-11-02,230.0
1994-11-03,231.0
1994-11-04,233.0
1994-11-05,177.0
1994-11-06,172.0
1994-11-07,160.0
1994-11-08,142.0
1994-11-09,129.0
1994-11-10,123.0
1994-11-11,125.0
1994-11-12,123.0
1994-11-13,124.0
1994-11-14,120.0
1994-11-15,98.0
1994-11-16,149.0
1994-11-17,200.0
1994-11-18,183.0
1994-11-19,191.0
1994-11-20,201.0
1994-11-21,198.0
1994-11-22,198.0
1994-11-23,179.0
1994-11-24,185.0
1994-11-25,246.0
1994-11-26,257.0
1994-11-27,231.0
1994-11-28,208.0
1994-11-29,187.0
1994-11-30,211.0
1994-12-01,229.0
1994-12-02,328.0
1994-12-03,342.0
1994-12-04,313.0
1994-12-05,279.0
1994-12-06,276.0
1994-12-07,274.0
1994-12-08,277.0
1994-12-09,200.0
1994-12-10,184.0
1994-12-11,202.0
1994-12-12,205.0
1994-12-13,209.0
1994-12-14,206.0
1994-12-15,229.0
1994-12-16,216.0
1994-12-17,294.0
1994-12-18,283.0
1994-12-19,267.0
1994-12-20,253.0
1994-12-21,158.0
1994-12-22,235.0
1994-12-23,242.0
1994-12-24,254.0
1994-12-25,245.0
1994-12-26,242.0
1994-12-27,231.0
1994-12-28,235.0
1994-12-29,244.0
1994-12-30,242.0
1994-12-31,216.0
1995-01-01,211.0
1995-01-02,240.0
1995-01-03,219.0
1995-01-04,225.0
1995-01-05,255.0
1995-01-06,254.0
1995-01-07,264.0
1995-01-08,258.0
1995-01-09,267.0
1995-01-10,260.0
1995-01-11,258.0
1995-01-12,248.0
1995-01-13,248.0
1995-01-14,236.0
1995-01-15,242.0
1995-01-16,225.0
1995-01-17,221.0
1995-01-18,220.0
1995-01-19,220.0
1995-01-20,221.0
1995-01-21,212.0
1995-01-22,198.0
1995-01-23,201.0
1995-01-24,231.0
1995-01-25,228.0
1995-01-26,228.0
1995-01-27,230.0
1995-01-28,241.0
1995-01-29,243.0
1995-01-30,243.0
1995-01-31,249.0
1995-02-01,245.0
1995-02-02,246.0
1995-02-03,250.0
1995-02-04,262.0
1995-02-05,261.0
1995-02-06,263.0
1995-02-07,263.0
1995-02-08,262.0
1995-02-09,265.0
1995-02-10,261.0
1995-02-11,265.0
1995-02-12,265.0
1995-02-13,275.0
1995-02-14,284.0
1995-02-15,258.0
1995-02-16,247.0
1995-02-17,260.0
1995-02-18,260.0
1995-02-19,260.0
1995-02-20,260.0
1995-02-21,261.0
1995-02-22,268.0
1995-02-23,264.0
1995-02-24,233.0
1995-02-25,231.0
1995-02-26,232.0
1995-02-27,236.0
1995-02-28,242.0
1995-03-01,231.0
1995-03-02,220.0
1995-03-03,224.0
1995-03-04,219.0
1995-03-05,216.0
1995-03-06,226.0
1995-03-07,222.0
1995-03-08,198.0
1995-03-09,202.0
1995-03-10,207.0
1995-03-11,196.0
1995-03-12,194.0
1995-03-13,188.0
1995-03-14,187.0
1995-03-15,190.0
1995-03-16,198.0
1995-03-17,242.0
1995-03-18,257.0
1995-03-19,256.0
1995-03-20,249.0
1995-03-21,247.0
1995-03-22,255.0
1995-03-23,246.0
1995-03-24,253.0
1995-03-25,289.0
1995-03-26,300.0
1995-03-27,291.0
1995-03-28,217.0
1995-03-29,305.0
1995-03-30,342.0
1995-03-31,335.0
1995-04-01,343.0
1995-04-02,347.0
1995-04-03,347.0
1995-04-04,351.0
1995-04-05,357.0
1995-04-06,359.0
1995-04-07,405.0
1995-04-08,409.0
1995-04-09,435.0
1995-04-10,417.0
1995-04-11,371.0
1995-04-12,425.0
1995-04-13,454.0
1995-04-14,474.0
1995-04-15,462.0
1995-04-16,454.0
1995-04-17,461.0
1995-04-18,461.0
1995-04-19,483.0
1995-04-20,512.0
1995-04-21,518.0
1995-04-22,511.0
1995-04-23,503.0
1995-04-24,506.0
1995-04-25,481.0
1995-04-26,537.0
1995-04-27,527.0
1995-04-28,529.0
1995-04-29,559.0
1995-04-30,579.0
1995-05-01,590.0
1995-05-02,598.0
1995-05-03,614.0
1995-05-04,577.0
1995-05-05,487.0
1995-05-06,436.0
1995-05-07,416.0
1995-05-08,409.0
1995-05-09,391.0
1995-05-10,383.0
1995-05-11,389.0
1995-05-12,398.0
1995-05-13,395.0
1995-05-14,390.0
1995-05-15,417.0
1995-05-16,517.0
1995-05-17,714.0
1995-05-18,612.0
1995-05-19,742.0
1995-05-20,839.0
1995-05-21,872.0
1995-05-22,867.0
1995-05-23,857.0
1995-05-24,851.0
1995-05-25,890.0
1995-05-26,936.0
1995-05-27,947.0
1995-05-28,968.0
1995-05-29,1020.0
1995-05-30,1100.0
1995-05-31,1180.0
1995-06-01,1330.0
1995-06-02,1400.0
1995-06-03,1510.0
1995-06-04,1510.0
1995-06-05,1570.0
1995-06-06,1670.0
1995-06-07,1700.0
1995-06-08,1690.0
1995-06-09,1800.0
1995-06-10,1660.0
1995-06-11,1600.0
1995-06-12,1610.0
1995-06-13,1710.0
1995-06-14,1800.0
1995-06-15,2050.0
1995-06-16,2230.0
1995-06-17,2610.0
1995-06-18,3430.0
1995-06-19,3280.0
1995-06-20,3460.0
1995-06-21,3360.0
1995-06-22,3220.0
1995-06-23,3080.0
1995-06-24,2870.0
1995-06-25,2780.0
1995-06-26,2670.0
1995-06-27,2610.0
1995-06-28,2700.0
1995-06-29,2990.0
1995-06-30,3220.0
1995-07-01,3490.0
1995-07-02,3600.0
1995-07-03,3380.0
1995-07-04,3160.0
1995-07-05,2980.0
1995-07-06,2820.0
1995-07-07,2660.0
1995-07-08,2510.0
1995-07-09,2410.0
1995-07-10,2410.0
1995-07-11,2370.0
1995-07-12,2350.0
1995-07-13,2350.0
1995-07-14,2530.0
1995-07-15,2670.0
1995-07-16,2540.0
1995-07-17,2770.0
1995-07-18,2730.0
1995-07-19,2700.0
1995-07-20,2460.0
1995-07-21,2330.0
1995-07-22,2130.0
1995-07-23,1990.0
1995-07-24,1860.0
1995-07-25,1760.0
1995-07-26,1650.0
1995-07-27,1490.0
1995-07-28,1350.0
1995-07-29,1220.0
1995-07-30,1130.0
1995-07-31,1130.0
1995-08-01,1020.0
1995-08-02,988.0
1995-08-03,1100.0
1995-08-04,1070.0
1995-08-05,1030.0
1995-08-06,1060.0
1995-08-07,1110.0
1995-08-08,840.0
1995-08-09,739.0
1995-08-10,736.0
1995-08-11,718.0
1995-08-12,731.0
1995-08-13,730.0
1995-08-14,704.0
1995-08-15,720.0
1995-08-16,742.0
1995-08-17,766.0
1995-08-18,767.0
1995-08-19,788.0
1995-08-20,762.0
1995-08-21,733.0
1995-08-22,836.0
1995-08-23,957.0
1995-08-24,974.0
1995-08-25,1020.0
1995-08-26,1050.0
1995-08-27,1010.0
1995-08-28,1020.0
1995-08-29,1140.0
1995-08-30,1270.0
1995-08-31,1250.0
1995-09-01,1230.0
1995-09-02,1040.0
1995-09-03,892.0
1995-09-04,786.0
1995-09-05,785.0
1995-09-06,792.0
1995-09-07,789.0
1995-09-08,607.0
1995-09-09,527.0
1995-09-10,557.0
1995-09-11,526.0
1995-09-12,514.0
1995-09-13,494.0
1995-09-14,485.0
1995-09-15,605.0
1995-09-16,666.0
1995-09-17,664.0
1995-09-18,643.0
1995-09-19,586.0
1995-09-20,419.0
1995-09-21,403.0
1995-09-22,295.0
1995-09-23,293.0
1995-09-24,285.0
1995-09-25,280.0
1995-09-26,272.0
1995-09-27,267.0
1995-09-28,269.0
1995-09-29,300.0
1995-09-30,305.0
1995-10-01,317.0
1995-10-02,311.0
1995-10-03,307.0
1995-10-04,309.0
1995-10-05,310.0
1995-10-06,302.0
1995-10-07,307.0
1995-10-08,308.0
1995-10-09,312.0
1995-10-10,342.0
1995-10-11,349.0
1995-10-12,362.0
1995-10-13,366.0
1995-10-14,360.0
1995-10-15,358.0
1995-10-16,354.0
1995-10-17,351.0
1995-10-18,347.0
1995-10-19,349.0
1995-10-20,381.0
1995-10-21,381.0
1995-10-22,389.0
1995-10-23,368.0
1995-10-24,293.0
1995-10-25,311.0
1995-10-26,303.0
1995-10-27,299.0
1995-10-28,295.0
1995-10-29,296.0
1995-10-30,274.0
1995-10-31,227.0
1995-11-01,220.0
1995-11-02,206.0
1995-11-03,183.0
1995-11-04,175.0
1995-11-05,188.0
1995-11-06,225.0
1995-11-07,284.0
1995-11-08,282.0
1995-11-09,276.0
1995-11-10,233.0
1995-11-11,216.0
1995-11-12,203.0
1995-11-13,203.0
1995-11-14,202.0
1995-11-15,209.0
1995-11-16,217.0
1995-11-17,225.0
1995-11-18,224.0
1995-11-19,222.0
1995-11-20,221.0
1995-11-21,220.0
1995-11-22,196.0
1995-11-23,265.0
1995-11-24,274.0
1995-11-25,282.0
1995-11-26,279.0
1995-11-27,282.0
1995-11-28,246.0
1995-11-29,220.0
1995-11-30,235.0
1995-12-01,230.0
1995-12-02,222.0
1995-12-03,215.0
1995-12-04,215.0
1995-12-05,254.0
1995-12-06,248.0
1995-12-07,238.0
1995-12-08,235.0
1995-12-09,228.0
1995-12-10,230.0
1995-12-11,265.0
1995-12-12,285.0
1995-12-13,288.0
1995-12-14,268.0
1995-12-15,259.0
1995-12-16,274.0
1995-12-17,294.0
1995-12-18,297.0
1995-12-19,254.0
1995-12-20,262.0
1995-12-21,279.0
1995-12-22,319.0
1995-12-23,303.0
1995-12-24,294.0
1995-12-25,313.0
1995-12-26,306.0
1995-12-27,294.0
1995-12-28,288.0
1995-12-29,282.0
1995-12-30,279.0
1995-12-31,282.0
1996-01-01,291.0
1996-01-02,297.0
1996-01-03,294.0
1996-01-04,240.0
1996-01-05,215.0
1996-01-06,209.0
1996-01-07,218.0
1996-01-08,228.0
1996-01-09,231.0
1996-01-10,224.0
1996-01-11,223.0
1996-01-12,217.0
1996-01-13,231.0
1996-01-14,230.0
1996-01-15,227.0
1996-01-16,231.0
1996-01-17,220.0
1996-01-18,201.0
1996-01-19,222.0
1996-01-20,225.0
1996-01-21,225.0
1996-01-22,254.0
1996-01-23,220.0
1996-01-24,229.0
1996-01-25,212.0
1996-01-26,218.0
1996-01-27,231.0
1996-01-28,251.0
1996-01-29,218.0
1996-01-30,230.0
1996-01-31,224.0
1996-02-01,230.0
1996-02-02,197.0
1996-02-03,133.0
1996-02-04,166.0
1996-02-05,177.0
1996-02-06,197.0
1996-02-07,188.0
1996-02-08,181.0
1996-02-09,178.0
1996-02-10,172.0
1996-02-11,169.0
1996-02-12,163.0
1996-02-13,161.0
1996-02-14,167.0
1996-02-15,178.0
1996-02-16,178.0
1996-02-17,183.0
1996-02-18,187.0
1996-02-19,187.0
1996-02-20,183.0
1996-02-21,189.0
1996-02-22,198.0
1996-02-23,192.0
1996-02-24,180.0
1996-02-25,183.0
1996-02-26,183.0
1996-02-27,163.0
1996-02-28,178.0
1996-02-29,243.0
1996-03-01,300.0
1996-03-02,313.0
1996-03-03,325.0
1996-03-04,335.0
1996-03-05,294.0
1996-03-06,282.0
1996-03-07,225.0
1996-03-08,230.0
1996-03-09,235.0
1996-03-10,243.0
1996-03-11,246.0
1996-03-12,272.0
1996-03-13,279.0
1996-03-14,286.0
1996-03-15,279.0
1996-03-16,276.0
1996-03-17,280.0
1996-03-18,274.0
1996-03-19,230.0
1996-03-20,236.0
1996-03-21,254.0
1996-03-22,242.0
1996-03-23,240.0
1996-03-24,245.0
1996-03-25,227.0
1996-03-26,191.0
1996-03-27,193.0
1996-03-28,193.0
1996-03-29,248.0
1996-03-30,265.0
1996-03-31,220.0
1996-04-01,209.0
1996-04-02,212.0
1996-04-03,220.0
1996-04-04,229.0
1996-04-05,228.0
1996-04-06,219.0
1996-04-07,225.0
1996-04-08,229.0
1996-04-09,242.0
1996-04-10,262.0
1996-04-11,366.0
1996-04-12,345.0
1996-04-13,310.0
1996-04-14,306.0
1996-04-15,289.0
1996-04-16,302.0
1996-04-17,316.0
1996-04-18,398.0
1996-04-19,540.0
1996-04-20,562.0
1996-04-21,568.0
1996-04-22,572.0
1996-04-23,575.0
1996-04-24,582.0
1996-04-25,554.0
1996-04-26,514.0
1996-04-27,392.0
1996-04-28,398.0
1996-04-29,378.0
1996-04-30,384.0
1996-05-01,378.0
1996-05-02,401.0
1996-05-03,509.0
1996-05-04,585.0
1996-05-05,605.0
1996-05-06,645.0
1996-05-07,755.0
1996-05-08,870.0
1996-05-09,888.0
1996-05-10,796.0
1996-05-11,725.0
1996-05-12,751.0
1996-05-13,796.0
1996-05-14,808.0
1996-05-15,813.0
1996-05-16,846.0
1996-05-17,900.0
1996-05-18,752.0
1996-05-19,783.0
1996-05-20,896.0
1996-05-21,841.0
1996-05-22,957.0
1996-05-23,1060.0
1996-05-24,1030.0
1996-05-25,1080.0
1996-05-26,1110.0
1996-05-27,876.0
1996-05-28,854.0
1996-05-29,832.0
1996-05-30,832.0
1996-05-31,795.0
1996-06-01,781.0
1996-06-02,870.0
1996-06-03,885.0
1996-06-04,888.0
1996-06-05,859.0
1996-06-06,891.0
1996-06-07,837.0
1996-06-08,890.0
1996-06-09,881.0
1996-06-10,843.0
1996-06-11,976.0
1996-06-12,1090.0
1996-06-13,961.0
1996-06-14,968.0
1996-06-15,922.0
1996-06-16,1040.0
1996-06-17,1030.0
1996-06-18,1140.0
1996-06-19,1090.0
1996-06-20,978.0
1996-06-21,936.0
1996-06-22,990.0
1996-06-23,984.0
1996-06-24,900.0
1996-06-25,882.0
1996-06-26,846.0
1996-06-27,834.0
1996-06-28,800.0
1996-06-29,772.0
1996-06-30,758.0
1996-07-01,694.0
1996-07-02,787.0
1996-07-03,684.0
1996-07-04,690.0
1996-07-05,724.0
1996-07-06,733.0
1996-07-07,752.0
1996-07-08,739.0
1996-07-09,746.0
1996-07-10,780.0
1996-07-11,725.0
1996-07-12,906.0
1996-07-13,779.0
1996-07-14,685.0
1996-07-15,645.0
1996-07-16,625.0
1996-07-17,690.0
1996-07-18,864.0
1996-07-19,900.0
1996-07-20,854.0
1996-07-21,776.0
1996-07-22,766.0
1996-07-23,674.0
1996-07-24,751.0
1996-07-25,756.0
1996-07-26,617.0
1996-07-27,616.0
1996-07-28,663.0
1996-07-29,705.0
1996-07-30,700.0
1996-07-31,675.0
1996-08-01,655.0
1996-08-02,635.0
1996-08-03,600.0
1996-08-04,514.0
1996-08-05,478.0
1996-08-06,488.0
1996-08-07,532.0
1996-08-08,710.0
1996-08-09,722.0
1996-08-10,716.0
1996-08-11,705.0
1996-08-12,683.0
1996-08-13,590.0
1996-08-14,594.0
1996-08-15,727.0
1996-08-16,733.0
1996-08-17,708.0
1996-08-18,637.0
1996-08-19,632.0
1996-08-20,567.0
1996-08-21,564.0
1996-08-22,565.0
1996-08-23,640.0
1996-08-24,414.0
1996-08-25,539.0
1996-08-26,754.0
1996-08-27,736.0
1996-08-28,411.0
1996-08-29,385.0
1996-08-30,481.0
1996-08-31,481.0
1996-09-01,555.0
1996-09-02,699.0
1996-09-03,817.0
1996-09-04,833.0
1996-09-05,947.0
1996-09-06,721.0
1996-09-07,565.0
1996-09-08,309.0
1996-09-09,568.0
1996-09-10,884.0
1996-09-11,795.0
1996-09-12,498.0
1996-09-13,239.0
1996-09-14,282.0
1996-09-15,339.0
1996-09-16,657.0
1996-09-17,253.0
1996-09-18,214.0
1996-09-19,214.0
1996-09-20,321.0
1996-09-21,382.0
1996-09-22,326.0
1996-09-23,333.0
1996-09-24,405.0
1996-09-25,485.0
1996-09-26,495.0
1996-09-27,565.0
1996-09-28,565.0
1996-09-29,568.0
1996-09-30,539.0
1996-10-01,442.0
1996-10-02,627.0
1996-10-03,642.0
1996-10-04,315.0
1996-10-05,387.0
1996-10-06,389.0
1996-10-07,392.0
1996-10-08,327.0
1996-10-09,294.0
1996-10-10,290.0
1996-10-11,360.0
1996-10-12,412.0
1996-10-13,488.0
1996-10-14,497.0
1996-10-15,525.0
1996-10-16,442.0
1996-10-17,327.0
1996-10-18,225.0
1996-10-19,176.0
1996-10-20,156.0
1996-10-21,156.0
1996-10-22,200.0
1996-10-23,364.0
1996-10-24,362.0
1996-10-25,331.0
1996-10-26,410.0
1996-10-27,226.0
1996-10-28,163.0
1996-10-29,155.0
1996-10-30,175.0
1996-10-31,194.0
1996-11-01,199.0
1996-11-02,229.0
1996-11-03,203.0
1996-11-04,200.0
1996-11-05,175.0
1996-11-06,217.0
1996-11-07,205.0
1996-11-08,226.0
1996-11-09,271.0
1996-11-10,269.0
1996-11-11,264.0
1996-11-12,250.0
1996-11-13,243.0
1996-11-14,242.0
1996-11-15,231.0
1996-11-16,245.0
1996-11-17,225.0
1996-11-18,253.0
1996-11-19,259.0
1996-11-20,235.0
1996-11-21,172.0
1996-11-22,140.0
1996-11-23,140.0
1996-11-24,209.0
1996-11-25,220.0
1996-11-26,199.0
1996-11-27,196.0
1996-11-28,186.0
1996-11-29,198.0
1996-11-30,206.0
1996-12-01,196.0
1996-12-02,203.0
1996-12-03,217.0
1996-12-04,258.0
1996-12-05,268.0
1996-12-06,260.0
1996-12-07,244.0
1996-12-08,248.0
1996-12-09,250.0
1996-12-10,252.0
1996-12-11,250.0
1996-12-12,251.0
1996-12-13,249.0
1996-12-14,246.0
1996-12-15,233.0
1996-12-16,245.0
1996-12-17,197.0
1996-12-18,202.0
1996-12-19,238.0
1996-12-20,280.0
1996-12-21,292.0
1996-12-22,287.0
1996-12-23,269.0
1996-12-24,270.0
1996-12-25,279.0
1996-12-26,289.0
1996-12-27,293.0
1996-12-28,273.0
1996-12-29,270.0
1996-12-30,271.0
1996-12-31,270.0
1997-01-01,252.0
1997-01-02,253.0
1997-01-03,255.0
1997-01-04,249.0
1997-01-05,230.0
1997-01-06,226.0
1997-01-07,232.0
1997-01-08,277.0
1997-01-09,256.0
1997-01-10,256.0
1997-01-11,228.0
1997-01-12,223.0
1997-01-13,287.0
1997-01-14,267.0
1997-01-15,270.0
1997-01-16,252.0
1997-01-17,264.0
1997-01-18,281.0
1997-01-19,281.0
1997-01-20,278.0
1997-01-21,261.0
1997-01-22,244.0
1997-01-23,252.0
1997-01-24,232.0
1997-01-25,252.0
1997-01-26,255.0
1997-01-27,251.0
1997-01-28,251.0
1997-01-29,253.0
1997-01-30,249.0
1997-01-31,253.0
1997-02-01,255.0
1997-02-02,250.0
1997-02-03,248.0
1997-02-04,241.0
1997-02-05,248.0
1997-02-06,248.0
1997-02-07,225.0
1997-02-08,225.0
1997-02-09,226.0
1997-02-10,223.0
1997-02-11,226.0
1997-02-12,225.0
1997-02-13,228.0
1997-02-14,221.0
1997-02-15,225.0
1997-02-16,225.0
1997-02-17,192.0
1997-02-18,172.0
1997-02-19,184.0
1997-02-20,228.0
1997-02-21,297.0
1997-02-22,233.0
1997-02-23,232.0
1997-02-24,229.0
1997-02-25,214.0
1997-02-26,242.0
1997-02-27,224.0
1997-02-28,229.0
1997-03-01,233.0
1997-03-02,230.0
1997-03-03,236.0
1997-03-04,232.0
1997-03-05,223.0
1997-03-06,230.0
1997-03-07,254.0
1997-03-08,252.0
1997-03-09,250.0
1997-03-10,250.0
1997-03-11,254.0
1997-03-12,263.0
1997-03-13,261.0
1997-03-14,239.0
1997-03-15,234.0
1997-03-16,236.0
1997-03-17,245.0
1997-03-18,244.0
1997-03-19,243.0
1997-03-20,276.0
1997-03-21,297.0
1997-03-22,259.0
1997-03-23,263.0
1997-03-24,272.0
1997-03-25,261.0
1997-03-26,255.0
1997-03-27,261.0
1997-03-28,262.0
1997-03-29,265.0
1997-03-30,254.0
1997-03-31,253.0
1997-04-01,259.0
1997-04-02,268.0
1997-04-03,253.0
1997-04-04,310.0
1997-04-05,375.0
1997-04-06,340.0
1997-04-07,337.0
1997-04-08,344.0
1997-04-09,365.0
1997-04-10,446.0
1997-04-11,359.0
1997-04-12,344.0
1997-04-13,353.0
1997-04-14,363.0
1997-04-15,439.0
1997-04-16,445.0
1997-04-17,464.0
1997-04-18,489.0
1997-04-19,607.0
1997-04-20,636.0
1997-04-21,656.0
1997-04-22,593.0
1997-04-23,470.0
1997-04-24,575.0
1997-04-25,566.0
1997-04-26,510.0
1997-04-27,484.0
1997-04-28,433.0
1997-04-29,537.0
1997-04-30,554.0
1997-05-01,513.0
1997-05-02,314.0
1997-05-03,291.0
1997-05-04,284.0
1997-05-05,308.0
1997-05-06,480.0
1997-05-07,520.0
1997-05-08,538.0
1997-05-09,544.0
1997-05-10,491.0
1997-05-11,523.0
1997-05-12,537.0
1997-05-13,525.0
1997-05-14,556.0
1997-05-15,559.0
1997-05-16,633.0
1997-05-17,788.0
1997-05-18,870.0
1997-05-19,852.0
1997-05-20,866.0
1997-05-21,772.0
1997-05-22,859.0
1997-05-23,734.0
1997-05-24,744.0
1997-05-25,703.0
1997-05-26,676.0
1997-05-27,624.0
1997-05-28,597.0
1997-05-29,656.0
1997-05-30,749.0
1997-05-31,767.0
1997-06-01,896.0
1997-06-02,973.0
1997-06-03,978.0
1997-06-04,1000.0
1997-06-05,1050.0
1997-06-06,1060.0
1997-06-07,1530.0
1997-06-08,1350.0
1997-06-09,1310.0
1997-06-10,1230.0
1997-06-11,1170.0
1997-06-12,1140.0
1997-06-13,1150.0
1997-06-14,1160.0
1997-06-15,1130.0
1997-06-16,1130.0
1997-06-17,1270.0
1997-06-18,1240.0
1997-06-19,1240.0
1997-06-20,1230.0
1997-06-21,1150.0
1997-06-22,1160.0
1997-06-23,1160.0
1997-06-24,1210.0
1997-06-25,1250.0
1997-06-26,1200.0
1997-06-27,1180.0
1997-06-28,1160.0
1997-06-29,1150.0
1997-06-30,1100.0
1997-07-01,1050.0
1997-07-02,992.0
1997-07-03,934.0
1997-07-04,898.0
1997-07-05,894.0
1997-07-06,860.0
1997-07-07,822.0
1997-07-08,811.0
1997-07-09,799.0
1997-07-10,798.0
1997-07-11,869.0
1997-07-12,924.0
1997-07-13,944.0
1997-07-14,954.0
1997-07-15,1040.0
1997-07-16,1040.0
1997-07-17,990.0
1997-07-18,1040.0
1997-07-19,1060.0
1997-07-20,1060.0
1997-07-21,1060.0
1997-07-22,1090.0
1997-07-23,1070.0
1997-07-24,1000.0
1997-07-25,1110.0
1997-07-26,1090.0
1997-07-27,1090.0
1997-07-28,1160.0
1997-07-29,973.0
1997-07-30,729.0
1997-07-31,781.0
1997-08-01,768.0
1997-08-02,732.0
1997-08-03,687.0
1997-08-04,692.0
1997-08-05,825.0
1997-08-06,891.0
1997-08-07,882.0
1997-08-08,832.0
1997-08-09,788.0
1997-08-10,898.0
1997-08-11,874.0
1997-08-12,828.0
1997-08-13,801.0
1997-08-14,734.0
1997-08-15,675.0
1997-08-16,652.0
1997-08-17,696.0
1997-08-18,661.0
1997-08-19,558.0
1997-08-20,539.0
1997-08-21,534.0
1997-08-22,523.0
1997-08-23,538.0
1997-08-24,567.0
1997-08-25,612.0
1997-08-26,723.0
1997-08-27,650.0
1997-08-28,536.0
1997-08-29,527.0
1997-08-30,552.0
1997-08-31,680.0
1997-09-01,582.0
1997-09-02,595.0
1997-09-03,426.0
1997-09-04,524.0
1997-09-05,607.0
1997-09-06,560.0
1997-09-07,539.0
1997-09-08,521.0
1997-09-09,524.0
1997-09-10,552.0
1997-09-11,542.0
1997-09-12,548.0
1997-09-13,536.0
1997-09-14,527.0
1997-09-15,513.0
1997-09-16,455.0
1997-09-17,552.0
1997-09-18,630.0
1997-09-19,647.0
1997-09-20,588.0
1997-09-21,586.0
1997-09-22,529.0
1997-09-23,505.0
1997-09-24,444.0
1997-09-25,375.0
1997-09-26,381.0
1997-09-27,423.0
1997-09-28,466.0
1997-09-29,472.0
1997-09-30,512.0
1997-10-01,540.0
1997-10-02,695.0
1997-10-03,784.0
1997-10-04,833.0
1997-10-05,827.0
1997-10-06,825.0
1997-10-07,801.0
1997-10-08,758.0
1997-10-09,631.0
1997-10-10,560.0
1997-10-11,527.0
1997-10-12,540.0
1997-10-13,480.0
1997-10-14,478.0
1997-10-15,426.0
1997-10-16,341.0
1997-10-17,329.0
1997-10-18,326.0
1997-10-19,322.0
1997-10-20,324.0
1997-10-21,328.0
1997-10-22,326.0
1997-10-23,316.0
1997-10-24,312.0
1997-10-25,312.0
1997-10-26,274.0
1997-10-27,321.0
1997-10-28,295.0
1997-10-29,288.0
1997-10-30,284.0
1997-10-31,258.0
1997-11-01,261.0
1997-11-02,245.0
1997-11-03,231.0
1997-11-04,210.0
1997-11-05,202.0
1997-11-06,198.0
1997-11-07,234.0
1997-11-08,233.0
1997-11-09,223.0
1997-11-10,214.0
1997-11-11,204.0
1997-11-12,202.0
1997-11-13,229.0
1997-11-14,229.0
1997-11-15,196.0
1997-11-16,174.0
1997-11-17,198.0
1997-11-18,243.0
1997-11-19,243.0
1997-11-20,279.0
1997-11-21,262.0
1997-11-22,247.0
1997-11-23,238.0
1997-11-24,258.0
1997-11-25,259.0
1997-11-26,267.0
1997-11-27,310.0
1997-11-28,317.0
1997-11-29,291.0
1997-11-30,283.0
1997-12-01,307.0
1997-12-02,308.0
1997-12-03,292.0
1997-12-04,269.0
1997-12-05,268.0
1997-12-06,271.0
1997-12-07,288.0
1997-12-08,300.0
1997-12-09,306.0
1997-12-10,294.0
1997-12-11,251.0
1997-12-12,215.0
1997-12-13,240.0
1997-12-14,284.0
1997-12-15,321.0
1997-12-16,264.0
1997-12-17,248.0
1997-12-18,253.0
1997-12-19,243.0
1997-12-20,238.0
1997-12-21,228.0
1997-12-22,232.0
1997-12-23,225.0
1997-12-24,230.0
1997-12-25,236.0
1997-12-26,233.0
1997-12-27,250.0
1997-12-28,262.0
1997-12-29,257.0
1997-12-30,232.0
1997-12-31,232.0
1998-01-01,233.0
1998-01-02,234.0
1998-01-03,234.0
1998-01-04,228.0
1998-01-05,226.0
1998-01-06,231.0
1998-01-07,210.0
1998-01-08,246.0
1998-01-09,273.0
1998-01-10,350.0
1998-01-11,339.0
1998-01-12,272.0
1998-01-13,261.0
1998-01-14,259.0
1998-01-15,257.0
1998-01-16,243.0
1998-01-17,213.0
1998-01-18,213.0
1998-01-19,196.0
1998-01-20,198.0
1998-01-21,198.0
1998-01-22,205.0
1998-01-23,222.0
1998-01-24,243.0
1998-01-25,251.0
1998-01-26,248.0
1998-01-27,246.0
1998-01-28,246.0
1998-01-29,240.0
1998-01-30,224.0
1998-01-31,225.0
1998-02-01,222.0
1998-02-02,219.0
1998-02-03,221.0
1998-02-04,230.0
1998-02-05,249.0
1998-02-06,247.0
1998-02-07,247.0
1998-02-08,246.0
1998-02-09,248.0
1998-02-10,243.0
1998-02-11,235.0
1998-02-12,237.0
1998-02-13,239.0
1998-02-14,246.0
1998-02-15,243.0
1998-02-16,251.0
1998-02-17,247.0
1998-02-18,252.0
1998-02-19,246.0
1998-02-20,238.0
1998-02-21,243.0
1998-02-22,250.0
1998-02-23,248.0
1998-02-24,224.0
1998-02-25,224.0
1998-02-26,203.0
1998-02-27,197.0
1998-02-28,196.0
1998-03-01,197.0
1998-03-02,206.0
1998-03-03,222.0
1998-03-04,220.0
1998-03-05,223.0
1998-03-06,237.0
1998-03-07,242.0
1998-03-08,228.0
1998-03-09,234.0
1998-03-10,249.0
1998-03-11,262.0
1998-03-12,255.0
1998-03-13,262.0
1998-03-14,269.0
1998-03-15,275.0
1998-03-16,282.0
1998-03-17,282.0
1998-03-18,297.0
1998-03-19,270.0
1998-03-20,282.0
1998-03-21,288.0
1998-03-22,299.0
1998-03-23,310.0
1998-03-24,310.0
1998-03-25,311.0
1998-03-26,342.0
1998-03-27,360.0
1998-03-28,344.0
1998-03-29,322.0
1998-03-30,302.0
1998-03-31,286.0
1998-04-01,275.0
1998-04-02,299.0
1998-04-03,280.0
1998-04-04,309.0
1998-04-05,322.0
1998-04-06,332.0
1998-04-07,369.0
1998-04-08,426.0
1998-04-09,445.0
1998-04-10,433.0
1998-04-11,425.0
1998-04-12,457.0
1998-04-13,466.0
1998-04-14,433.0
1998-04-15,421.0
1998-04-16,395.0
1998-04-17,359.0
1998-04-18,373.0
1998-04-19,349.0
1998-04-20,371.0
1998-04-21,367.0
1998-04-22,389.0
1998-04-23,433.0
1998-04-24,488.0
1998-04-25,570.0
1998-04-26,623.0
1998-04-27,560.0
1998-04-28,606.0
1998-04-29,610.0
1998-04-30,613.0
1998-05-01,629.0
1998-05-02,630.0
1998-05-03,652.0
1998-05-04,688.0
1998-05-05,778.0
1998-05-06,789.0
1998-05-07,824.0
1998-05-08,793.0
1998-05-09,851.0
1998-05-10,926.0
1998-05-11,962.0
1998-05-12,995.0
1998-05-13,989.0
1998-05-14,1050.0
1998-05-15,1060.0
1998-05-16,979.0
1998-05-17,964.0
1998-05-18,950.0
1998-05-19,922.0
1998-05-20,950.0
1998-05-21,1010.0
1998-05-22,1040.0
1998-05-23,1010.0
1998-05-24,1010.0
1998-05-25,1010.0
1998-05-26,1030.0
1998-05-27,1050.0
1998-05-28,1090.0
1998-05-29,1080.0
1998-05-30,1070.0
1998-05-31,1040.0
1998-06-01,1030.0
1998-06-02,1050.0
1998-06-03,1060.0
1998-06-04,1050.0
1998-06-05,1020.0
1998-06-06,1000.0
1998-06-07,967.0
1998-06-08,913.0
1998-06-09,861.0
1998-06-10,810.0
1998-06-11,758.0
1998-06-12,741.0
1998-06-13,849.0
1998-06-14,830.0
1998-06-15,858.0
1998-06-16,771.0
1998-06-17,691.0
1998-06-18,678.0
1998-06-19,710.0
1998-06-20,709.0
1998-06-21,709.0
1998-06-22,723.0
1998-06-23,712.0
1998-06-24,769.0
1998-06-25,849.0
1998-06-26,817.0
1998-06-27,942.0
1998-06-28,874.0
1998-06-29,982.0
1998-06-30,1300.0
1998-07-01,1400.0
1998-07-02,1270.0
1998-07-03,1060.0
1998-07-04,970.0
1998-07-05,1000.0
1998-07-06,981.0
1998-07-07,1040.0
1998-07-08,1150.0
1998-07-09,1280.0
1998-07-10,1410.0
1998-07-11,1460.0
1998-07-12,1230.0
1998-07-13,1160.0
1998-07-14,1340.0
1998-07-15,1510.0
1998-07-16,1420.0
1998-07-17,1300.0
1998-07-18,1190.0
1998-07-19,1110.0
1998-07-20,1050.0
1998-07-21,1030.0
1998-07-22,1060.0
1998-07-23,1120.0
1998-07-24,867.0
1998-07-25,736.0
1998-07-26,980.0
1998-07-27,876.0
1998-07-28,801.0
1998-07-29,858.0
1998-07-30,862.0
1998-07-31,1000.0
1998-08-01,884.0
1998-08-02,911.0
1998-08-03,834.0
1998-08-04,868.0
1998-08-05,895.0
1998-08-06,807.0
1998-08-07,733.0
1998-08-08,693.0
1998-08-09,683.0
1998-08-10,716.0
1998-08-11,711.0
1998-08-12,668.0
1998-08-13,681.0
1998-08-14,708.0
1998-08-15,727.0
1998-08-16,680.0
1998-08-17,682.0
1998-08-18,694.0
1998-08-19,678.0
1998-08-20,687.0
1998-08-21,706.0
1998-08-22,694.0
1998-08-23,668.0
1998-08-24,699.0
1998-08-25,782.0
1998-08-26,837.0
1998-08-27,877.0
1998-08-28,881.0
1998-08-29,954.0
1998-08-30,933.0
1998-08-31,920.0
1998-09-01,960.0
1998-09-02,759.0
1998-09-03,623.0
1998-09-04,645.0
1998-09-05,788.0
1998-09-06,859.0
1998-09-07,815.0
1998-09-08,753.0
1998-09-09,705.0
1998-09-10,621.0
1998-09-11,707.0
1998-09-12,880.0
1998-09-13,904.0
1998-09-14,841.0
1998-09-15,681.0
1998-09-16,577.0
1998-09-17,589.0
1998-09-18,614.0
1998-09-19,684.0
1998-09-20,672.0
1998-09-21,660.0
1998-09-22,573.0
1998-09-23,502.0
1998-09-24,502.0
1998-09-25,489.0
1998-09-26,481.0
1998-09-27,480.0
1998-09-28,514.0
1998-09-29,608.0
1998-09-30,612.0
1998-10-01,600.0
1998-10-02,547.0
1998-10-03,422.0
1998-10-04,417.0
1998-10-05,408.0
1998-10-06,369.0
1998-10-07,334.0
1998-10-08,334.0
1998-10-09,344.0
1998-10-10,409.0
1998-10-11,405.0
1998-10-12,400.0
1998-10-13,403.0
1998-10-14,429.0
1998-10-15,496.0
1998-10-16,494.0
1998-10-17,492.0
1998-10-18,488.0
1998-10-19,469.0
1998-10-20,426.0
1998-10-21,425.0
1998-10-22,422.0
1998-10-23,407.0
1998-10-24,357.0
1998-10-25,364.0
1998-10-26,353.0
1998-10-27,291.0
1998-10-28,316.0
1998-10-29,295.0
1998-10-30,245.0
1998-10-31,244.0
1998-11-01,256.0
1998-11-02,252.0
1998-11-03,202.0
1998-11-04,183.0
1998-11-05,168.0
1998-11-06,173.0
1998-11-07,187.0
1998-11-08,182.0
1998-11-09,184.0
1998-11-10,189.0
1998-11-11,178.0
1998-11-12,225.0
1998-11-13,278.0
1998-11-14,285.0
1998-11-15,279.0
1998-11-16,275.0
1998-11-17,263.0
1998-11-18,243.0
1998-11-19,230.0
1998-11-20,190.0
1998-11-21,202.0
1998-11-22,221.0
1998-11-23,213.0
1998-11-24,211.0
1998-11-25,233.0
1998-11-26,234.0
1998-11-27,234.0
1998-11-28,232.0
1998-11-29,234.0
1998-11-30,231.0
1998-12-01,228.0
1998-12-02,227.0
1998-12-03,227.0
1998-12-04,225.0
1998-12-05,222.0
1998-12-06,211.0
1998-12-07,181.0
1998-12-08,169.0
1998-12-09,215.0
1998-12-10,246.0
1998-12-11,245.0
1998-12-12,250.0
1998-12-13,250.0
1998-12-14,253.0
1998-12-15,257.0
1998-12-16,267.0
1998-12-17,330.0
1998-12-18,336.0
1998-12-19,324.0
1998-12-20,333.0
1998-12-21,278.0
1998-12-22,260.0
1998-12-23,287.0
1998-12-24,301.0
1998-12-25,327.0
1998-12-26,323.0
1998-12-27,308.0
1998-12-28,296.0
1998-12-29,246.0
1998-12-30,246.0
1998-12-31,248.0
1999-01-01,248.0
1999-01-02,244.0
1999-01-03,246.0
1999-01-04,234.0
1999-01-05,205.0
1999-01-06,194.0
1999-01-07,196.0
1999-01-08,211.0
1999-01-09,248.0
1999-01-10,246.0
1999-01-11,248.0
1999-01-12,254.0
1999-01-13,262.0
1999-01-14,274.0
1999-01-15,276.0
1999-01-16,262.0
1999-01-17,262.0
1999-01-18,262.0
1999-01-19,271.0
1999-01-20,274.0
1999-01-21,271.0
1999-01-22,271.0
1999-01-23,248.0
1999-01-24,262.0
1999-01-25,265.0
1999-01-26,258.0
1999-01-27,228.0
1999-01-28,219.0
1999-01-29,220.0
1999-01-30,239.0
1999-01-31,253.0
1999-02-01,249.0
1999-02-02,255.0
1999-02-03,248.0
1999-02-04,246.0
1999-02-05,284.0
1999-02-06,281.0
1999-02-07,288.0
1999-02-08,287.0
1999-02-09,289.0
1999-02-10,277.0
1999-02-11,259.0
1999-02-12,240.0
1999-02-13,268.0
1999-02-14,252.0
1999-02-15,248.0
1999-02-16,249.0
1999-02-17,263.0
1999-02-18,255.0
1999-02-19,256.0
1999-02-20,265.0
1999-02-21,266.0
1999-02-22,274.0
1999-02-23,267.0
1999-02-24,321.0
1999-02-25,340.0
1999-02-26,336.0
1999-02-27,325.0
1999-02-28,323.0
1999-03-01,330.0
1999-03-02,329.0
1999-03-03,325.0
1999-03-04,332.0
1999-03-05,333.0
1999-03-06,328.0
1999-03-07,326.0
1999-03-08,331.0
1999-03-09,301.0
1999-03-10,222.0
1999-03-11,248.0
1999-03-12,303.0
1999-03-13,288.0
1999-03-14,291.0
1999-03-15,294.0
1999-03-16,293.0
1999-03-17,294.0
1999-03-18,295.0
1999-03-19,299.0
1999-03-20,320.0
1999-03-21,322.0
1999-03-22,334.0
1999-03-23,396.0
1999-03-24,398.0
1999-03-25,399.0
1999-03-26,400.0
1999-03-27,394.0
1999-03-28,387.0
1999-03-29,381.0
1999-03-30,382.0
1999-03-31,371.0
1999-04-01,377.0
1999-04-02,379.0
1999-04-03,402.0
1999-04-04,397.0
1999-04-05,407.0
1999-04-06,402.0
1999-04-07,414.0
1999-04-08,427.0
1999-04-09,466.0
1999-04-10,462.0
1999-04-11,466.0
1999-04-12,476.0
1999-04-13,498.0
1999-04-14,561.0
1999-04-15,465.0
1999-04-16,357.0
1999-04-17,352.0
1999-04-18,363.0
1999-04-19,365.0
1999-04-20,390.0
1999-04-21,412.0
1999-04-22,476.0
1999-04-23,377.0
1999-04-24,323.0
1999-04-25,350.0
1999-04-26,272.0
1999-04-27,240.0
1999-04-28,258.0
1999-04-29,448.0
1999-04-30,587.0
1999-05-01,595.0
1999-05-02,571.0
1999-05-03,576.0
1999-05-04,568.0
1999-05-05,519.0
1999-05-06,474.0
1999-05-07,449.0
1999-05-08,448.0
1999-05-09,490.0
1999-05-10,525.0
1999-05-11,485.0
1999-05-12,459.0
1999-05-13,457.0
1999-05-14,503.0
1999-05-15,595.0
1999-05-16,609.0
1999-05-17,572.0
1999-05-18,461.0
1999-05-19,470.0
1999-05-20,585.0
1999-05-21,613.0
1999-05-22,634.0
1999-05-23,682.0
1999-05-24,765.0
1999-05-25,1310.0
1999-05-26,1370.0
1999-05-27,1540.0
1999-05-28,1820.0
1999-05-29,2020.0
1999-05-30,2010.0
1999-05-31,1970.0
1999-06-01,1870.0
1999-06-02,1790.0
1999-06-03,1730.0
1999-06-04,1690.0
1999-06-05,1610.0
1999-06-06,1430.0
1999-06-07,1370.0
1999-06-08,1340.0
1999-06-09,1230.0
1999-06-10,1200.0
1999-06-11,1250.0
1999-06-12,1330.0
1999-06-13,1480.0
1999-06-14,1570.0
1999-06-15,1780.0
1999-06-16,1890.0
1999-06-17,2040.0
1999-06-18,2150.0
1999-06-19,2120.0
1999-06-20,2060.0
1999-06-21,2060.0
1999-06-22,2020.0
1999-06-23,2020.0
1999-06-24,1990.0
1999-06-25,1950.0
1999-06-26,1900.0
1999-06-27,1870.0
1999-06-28,1790.0
1999-06-29,1710.0
1999-06-30,1650.0
1999-07-01,1580.0
1999-07-02,1480.0
1999-07-03,1380.0
1999-07-04,1320.0
1999-07-05,1270.0
1999-07-06,1250.0
1999-07-07,1280.0
1999-07-08,1270.0
1999-07-09,1280.0
1999-07-10,1220.0
1999-07-11,1140.0
1999-07-12,1100.0
1999-07-13,1030.0
1999-07-14,989.0
1999-07-15,982.0
1999-07-16,941.0
1999-07-17,1040.0
1999-07-18,983.0
1999-07-19,1000.0
1999-07-20,985.0
1999-07-21,924.0
1999-07-22,923.0
1999-07-23,1040.0
1999-07-24,1060.0
1999-07-25,1110.0
1999-07-26,1130.0
1999-07-27,1280.0
1999-07-28,1340.0
1999-07-29,1190.0
1999-07-30,1030.0
1999-07-31,1150.0
1999-08-01,1200.0
1999-08-02,1120.0
1999-08-03,951.0
1999-08-04,986.0
1999-08-05,1330.0
1999-08-06,1470.0
1999-08-07,1420.0
1999-08-08,1490.0
1999-08-09,1480.0
1999-08-10,1490.0
1999-08-11,1410.0
1999-08-12,1270.0
1999-08-13,1140.0
1999-08-14,1050.0
1999-08-15,1040.0
1999-08-16,1040.0
1999-08-17,985.0
1999-08-18,981.0
1999-08-19,878.0
1999-08-20,837.0
1999-08-21,867.0
1999-08-22,842.0
1999-08-23,795.0
1999-08-24,771.0
1999-08-25,735.0
1999-08-26,711.0
1999-08-27,714.0
1999-08-28,711.0
1999-08-29,685.0
1999-08-30,608.0
1999-08-31,618.0
1999-09-01,693.0
1999-09-02,726.0
1999-09-03,715.0
1999-09-04,694.0
1999-09-05,684.0
1999-09-06,677.0
1999-09-07,664.0
1999-09-08,641.0
1999-09-09,597.0
1999-09-10,593.0
1999-09-11,598.0
1999-09-12,600.0
1999-09-13,603.0
1999-09-14,575.0
1999-09-15,545.0
1999-09-16,581.0
1999-09-17,759.0
1999-09-18,912.0
1999-09-19,882.0
1999-09-20,738.0
1999-09-21,541.0
1999-09-22,547.0
1999-09-23,505.0
1999-09-24,534.0
1999-09-25,621.0
1999-09-26,623.0
1999-09-27,621.0
1999-09-28,631.0
1999-09-29,592.0
1999-09-30,480.0
1999-10-01,432.0
1999-10-02,355.0
1999-10-03,345.0
1999-10-04,360.0
1999-10-05,435.0
1999-10-06,445.0
1999-10-07,519.0
1999-10-08,627.0
1999-10-09,610.0
1999-10-10,554.0
1999-10-11,533.0
1999-10-12,519.0
1999-10-13,516.0
1999-10-14,507.0
1999-10-15,475.0
1999-10-16,403.0
1999-10-17,388.0
1999-10-18,388.0
1999-10-19,279.0
1999-10-20,275.0
1999-10-21,271.0
1999-10-22,268.0
1999-10-23,262.0
1999-10-24,256.0
1999-10-25,268.0
1999-10-26,360.0
1999-10-27,408.0
1999-10-28,438.0
1999-10-29,428.0
1999-10-30,330.0
1999-10-31,267.0
1999-11-01,201.0
1999-11-02,174.0
1999-11-03,179.0
1999-11-04,242.0
1999-11-05,287.0
1999-11-06,381.0
1999-11-07,450.0
1999-11-08,451.0
1999-11-09,446.0
1999-11-10,369.0
1999-11-11,368.0
1999-11-12,363.0
1999-11-13,354.0
1999-11-14,354.0
1999-11-15,357.0
1999-11-16,359.0
1999-11-17,358.0
1999-11-18,358.0
1999-11-19,338.0
1999-11-20,351.0
1999-11-21,361.0
1999-11-22,367.0
1999-11-23,343.0
1999-11-24,291.0
1999-11-25,302.0
1999-11-26,383.0
1999-11-27,382.0
1999-11-28,359.0
1999-11-29,355.0
1999-11-30,283.0
1999-12-01,245.0
1999-12-02,243.0
1999-12-03,249.0
1999-12-04,237.0
1999-12-05,204.0
1999-12-06,242.0
1999-12-07,319.0
1999-12-08,353.0
1999-12-09,338.0
1999-12-10,335.0
1999-12-11,322.0
1999-12-12,303.0
1999-12-13,313.0
1999-12-14,304.0
1999-12-15,292.0
1999-12-16,313.0
1999-12-17,304.0
1999-12-18,314.0
1999-12-19,294.0
1999-12-20,300.0
1999-12-21,277.0
1999-12-22,271.0
1999-12-23,280.0
1999-12-24,300.0
1999-12-25,288.0
1999-12-26,281.0
1999-12-27,284.0
1999-12-28,278.0
1999-12-29,271.0
1999-12-30,277.0
1999-12-31,267.0
2000-01-01,299.0
2000-01-02,289.0
2000-01-03,267.0
2000-01-04,228.0
2000-01-05,214.0
2000-01-06,180.0
2000-01-07,231.0
2000-01-08,222.0
2000-01-09,209.0
2000-01-10,206.0
2000-01-11,229.0
2000-01-12,217.0
2000-01-13,229.0
2000-01-14,249.0
2000-01-15,202.0
2000-01-16,340.0
2000-01-17,296.0
2000-01-18,276.0
2000-01-19,273.0
2000-01-20,257.0
2000-01-21,263.0
2000-01-22,262.0
2000-01-23,249.0
2000-01-24,262.0
2000-01-25,271.0
2000-01-26,271.0
2000-01-27,262.0
2000-01-28,250.0
2000-01-29,215.0
2000-01-30,230.0
2000-01-31,244.0
2000-02-01,224.0
2000-02-02,293.0
2000-02-03,304.0
2000-02-04,277.0
2000-02-05,226.0
2000-02-06,219.0
2000-02-07,240.0
2000-02-08,240.0
2000-02-09,241.0
2000-02-10,226.0
2000-02-11,225.0
2000-02-12,237.0
2000-02-13,240.0
2000-02-14,240.0
2000-02-15,245.0
2000-02-16,238.0
2000-02-17,244.0
2000-02-18,242.0
2000-02-19,232.0
2000-02-20,232.0
2000-02-21,244.0
2000-02-22,246.0
2000-02-23,245.0
2000-02-24,247.0
2000-02-25,242.0
2000-02-26,230.0
2000-02-27,243.0
2000-02-28,246.0
2000-02-29,246.0
2000-03-01,242.0
2000-03-02,251.0
2000-03-03,245.0
2000-03-04,247.0
2000-03-05,252.0
2000-03-06,251.0
2000-03-07,256.0
2000-03-08,250.0
2000-03-09,252.0
2000-03-10,245.0
2000-03-11,240.0
2000-03-12,247.0
2000-03-13,246.0
2000-03-14,246.0
2000-03-15,260.0
2000-03-16,276.0
2000-03-17,287.0
2000-03-18,294.0
2000-03-19,274.0
2000-03-20,297.0
2000-03-21,282.0
2000-03-22,278.0
2000-03-23,281.0
2000-03-24,291.0
2000-03-25,297.0
2000-03-26,299.0
2000-03-27,301.0
2000-03-28,322.0
2000-03-29,335.0
2000-03-30,329.0
2000-03-31,325.0
2000-04-01,307.0
2000-04-02,306.0
2000-04-03,322.0
2000-04-04,332.0
2000-04-05,352.0
2000-04-06,380.0
2000-04-07,387.0
2000-04-08,397.0
2000-04-09,390.0
2000-04-10,390.0
2000-04-11,363.0
2000-04-12,343.0
2000-04-13,342.0
2000-04-14,352.0
2000-04-15,367.0
2000-04-16,359.0
2000-04-17,353.0
2000-04-18,397.0
2000-04-19,408.0
2000-04-20,425.0
2000-04-21,433.0
2000-04-22,452.0
2000-04-23,505.0
2000-04-24,513.0
2000-04-25,524.0
2000-04-26,515.0
2000-04-27,529.0
2000-04-28,570.0
2000-04-29,557.0
2000-04-30,606.0
2000-05-01,548.0
2000-05-02,491.0
2000-05-03,591.0
2000-05-04,674.0
2000-05-05,698.0
2000-05-06,681.0
2000-05-07,617.0
2000-05-08,635.0
2000-05-09,624.0
2000-05-10,594.0
2000-05-11,593.0
2000-05-12,657.0
2000-05-13,685.0
2000-05-14,768.0
2000-05-15,856.0
2000-05-16,891.0
2000-05-17,925.0
2000-05-18,893.0
2000-05-19,796.0
2000-05-20,732.0
2000-05-21,716.0
2000-05-22,763.0
2000-05-23,871.0
2000-05-24,946.0
2000-05-25,998.0
2000-05-26,895.0
2000-05-27,722.0
2000-05-28,703.0
2000-05-29,825.0
2000-05-30,814.0
2000-05-31,836.0
2000-06-01,876.0
2000-06-02,912.0
2000-06-03,936.0
2000-06-04,995.0
2000-06-05,1040.0
2000-06-06,1090.0
2000-06-07,1140.0
2000-06-08,1130.0
2000-06-09,1140.0
2000-06-10,1130.0
2000-06-11,1120.0
2000-06-12,1100.0
2000-06-13,1070.0
2000-06-14,1070.0
2000-06-15,1060.0
2000-06-16,1090.0
2000-06-17,1060.0
2000-06-18,796.0
2000-06-19,577.0
2000-06-20,593.0
2000-06-21,590.0
2000-06-22,746.0
2000-06-23,767.0
2000-06-24,835.0
2000-06-25,917.0
2000-06-26,929.0
2000-06-27,788.0
2000-06-28,677.0
2000-06-29,651.0
2000-06-30,718.0
2000-07-01,794.0
2000-07-02,790.0
2000-07-03,795.0
2000-07-04,794.0
2000-07-05,790.0
2000-07-06,783.0
2000-07-07,855.0
2000-07-08,923.0
2000-07-09,906.0
2000-07-10,802.0
2000-07-11,701.0
2000-07-12,726.0
2000-07-13,807.0
2000-07-14,786.0
2000-07-15,787.0
2000-07-16,826.0
2000-07-17,887.0
2000-07-18,401.0
2000-07-19,495.0
2000-07-20,549.0
2000-07-21,587.0
2000-07-22,672.0
2000-07-23,664.0
2000-07-24,639.0
2000-07-25,589.0
2000-07-26,656.0
2000-07-27,653.0
2000-07-28,631.0
2000-07-29,553.0
2000-07-30,545.0
2000-07-31,548.0
2000-08-01,604.0
2000-08-02,663.0
2000-08-03,661.0
2000-08-04,626.0
2000-08-05,624.0
2000-08-06,607.0
2000-08-07,573.0
2000-08-08,573.0
2000-08-09,577.0
2000-08-10,635.0
2000-08-11,765.0
2000-08-12,836.0
2000-08-13,851.0
2000-08-14,900.0
2000-08-15,854.0
2000-08-16,796.0
2000-08-17,815.0
2000-08-18,755.0
2000-08-19,680.0
2000-08-20,619.0
2000-08-21,603.0
2000-08-22,610.0
2000-08-23,617.0
2000-08-24,593.0
2000-08-25,540.0
2000-08-26,570.0
2000-08-27,549.0
2000-08-28,531.0
2000-08-29,510.0
2000-08-30,462.0
2000-08-31,469.0
2000-09-01,548.0
2000-09-02,516.0
2000-09-03,504.0
2000-09-04,562.0
2000-09-05,638.0
2000-09-06,769.0
2000-09-07,800.0
2000-09-08,690.0
2000-09-09,607.0
2000-09-10,621.0
2000-09-11,771.0
2000-09-12,863.0
2000-09-13,830.0
2000-09-14,683.0
2000-09-15,688.0
2000-09-16,700.0
2000-09-17,771.0
2000-09-18,786.0
2000-09-19,617.0
2000-09-20,540.0
2000-09-21,537.0
2000-09-22,477.0
2000-09-23,375.0
2000-09-24,381.0
2000-09-25,361.0
2000-09-26,334.0
2000-09-27,386.0
2000-09-28,384.0
2000-09-29,399.0
2000-09-30,470.0
2000-10-01,467.0
2000-10-02,527.0
2000-10-03,652.0
2000-10-04,660.0
2000-10-05,557.0
2000-10-06,451.0
2000-10-07,303.0
2000-10-08,319.0
2000-10-09,314.0
2000-10-10,396.0
2000-10-11,422.0
2000-10-12,420.0
2000-10-13,428.0
2000-10-14,459.0
2000-10-15,484.0
2000-10-16,475.0
2000-10-17,458.0
2000-10-18,410.0
2000-10-19,405.0
2000-10-20,397.0
2000-10-21,364.0
2000-10-22,369.0
2000-10-23,375.0
2000-10-24,372.0
2000-10-25,375.0
2000-10-26,363.0
2000-10-27,328.0
2000-10-28,306.0
2000-10-29,309.0
2000-10-30,307.0
2000-10-31,305.0
2000-11-01,342.0
2000-11-02,374.0
2000-11-03,387.0
2000-11-04,329.0
2000-11-05,327.0
2000-11-06,257.0
2000-11-07,225.0
2000-11-08,297.0
2000-11-09,303.0
2000-11-10,310.0
2000-11-11,307.0
2000-11-12,277.0
2000-11-13,215.0
2000-11-14,223.0
2000-11-15,243.0
2000-11-16,307.0
2000-11-17,294.0
2000-11-18,271.0
2000-11-19,279.0
2000-11-20,297.0
2000-11-21,294.0
2000-11-22,282.0
2000-11-23,228.0
2000-11-24,218.0
2000-11-25,223.0
2000-11-26,223.0
2000-11-27,240.0
2000-11-28,230.0
2000-11-29,238.0
2000-11-30,234.0
2000-12-01,227.0
2000-12-02,222.0
2000-12-03,234.0
2000-12-04,260.0
2000-12-05,305.0
2000-12-06,289.0
2000-12-07,277.0
2000-12-08,248.0
2000-12-09,251.0
2000-12-10,251.0
2000-12-11,232.0
2000-12-12,232.0
2000-12-13,238.0
2000-12-14,255.0
2000-12-15,247.0
2000-12-16,251.0
2000-12-17,231.0
2000-12-18,217.0
2000-12-19,261.0
2000-12-20,279.0
2000-12-21,269.0
2000-12-22,291.0
2000-12-23,278.0
2000-12-24,281.0
2000-12-25,290.0
2000-12-26,270.0
2000-12-27,212.0
2000-12-28,233.0
2000-12-29,257.0
2000-12-30,294.0
2000-12-31,288.0
2001-01-01,285.0
2001-01-02,283.0
2001-01-03,267.0
2001-01-04,264.0
2001-01-05,287.0
2001-01-06,311.0
2001-01-07,388.0
2001-01-08,257.0
2001-01-09,243.0
2001-01-10,214.0
2001-01-11,221.0
2001-01-12,219.0
2001-01-13,221.0
2001-01-14,201.0
2001-01-15,199.0
2001-01-16,210.0
2001-01-17,217.0
2001-01-18,270.0
2001-01-19,259.0
2001-01-20,265.0
2001-01-21,261.0
2001-01-22,269.0
2001-01-23,268.0
2001-01-24,292.0
2001-01-25,282.0
2001-01-26,270.0
2001-01-27,270.0
2001-01-28,263.0
2001-01-29,262.0
2001-01-30,285.0
2001-01-31,296.0
2001-02-01,275.0
2001-02-02,271.0
2001-02-03,259.0
2001-02-04,268.0
2001-02-05,262.0
2001-02-06,249.0
2001-02-07,240.0
2001-02-08,224.0
2001-02-09,244.0
2001-02-10,278.0
2001-02-11,272.0
2001-02-12,226.0
2001-02-13,242.0
2001-02-14,280.0
2001-02-15,359.0
2001-02-16,373.0
2001-02-17,318.0
2001-02-18,312.0
2001-02-19,268.0
2001-02-20,281.0
2001-02-21,281.0
2001-02-22,203.0
2001-02-23,217.0
2001-02-24,230.0
2001-02-25,235.0
2001-02-26,262.0
2001-02-27,295.0
2001-02-28,305.0
2001-03-01,332.0
2001-03-02,331.0
2001-03-03,329.0
2001-03-04,332.0
2001-03-05,330.0
2001-03-06,334.0
2001-03-07,342.0
2001-03-08,342.0
2001-03-09,343.0
2001-03-10,349.0
2001-03-11,346.0
2001-03-12,336.0
2001-03-13,340.0
2001-03-14,342.0
2001-03-15,338.0
2001-03-16,336.0
2001-03-17,340.0
2001-03-18,334.0
2001-03-19,332.0
2001-03-20,304.0
2001-03-21,309.0
2001-03-22,317.0
2001-03-23,322.0
2001-03-24,330.0
2001-03-25,335.0
2001-03-26,331.0
2001-03-27,300.0
2001-03-28,291.0
2001-03-29,288.0
2001-03-30,285.0
2001-03-31,282.0
2001-04-01,279.0
2001-04-02,282.0
2001-04-03,286.0
2001-04-04,336.0
2001-04-05,425.0
2001-04-06,469.0
2001-04-07,462.0
2001-04-08,457.0
2001-04-09,446.0
2001-04-10,412.0
2001-04-11,417.0
2001-04-12,302.0
2001-04-13,290.0
2001-04-14,295.0
2001-04-15,299.0
2001-04-16,384.0
2001-04-17,391.0
2001-04-18,403.0
2001-04-19,461.0
2001-04-20,530.0
2001-04-21,515.0
2001-04-22,522.0
2001-04-23,376.0
2001-04-24,341.0
2001-04-25,352.0
2001-04-26,374.0
2001-04-27,506.0
2001-04-28,560.0
2001-04-29,586.0
2001-04-30,601.0
2001-05-01,543.0
2001-05-02,541.0
2001-05-03,352.0
2001-05-04,301.0
2001-05-05,317.0
2001-05-06,280.0
2001-05-07,302.0
2001-05-08,336.0
2001-05-09,357.0
2001-05-10,377.0
2001-05-11,394.0
2001-05-12,418.0
2001-05-13,537.0
2001-05-14,640.0
2001-05-15,695.0
2001-05-16,678.0
2001-05-17,554.0
2001-05-18,530.0
2001-05-19,428.0
2001-05-20,404.0
2001-05-21,402.0
2001-05-22,378.0
2001-05-23,372.0
2001-05-24,467.0
2001-05-25,610.0
2001-05-26,810.0
2001-05-27,804.0
2001-05-28,660.0
2001-05-29,665.0
2001-05-30,645.0
2001-05-31,546.0
2001-06-01,565.0
2001-06-02,722.0
2001-06-03,732.0
2001-06-04,613.0
2001-06-05,578.0
2001-06-06,583.0
2001-06-07,693.0
2001-06-08,798.0
2001-06-09,926.0
2001-06-10,892.0
2001-06-11,848.0
2001-06-12,851.0
2001-06-13,871.0
2001-06-14,763.0
2001-06-15,568.0
2001-06-16,697.0
2001-06-17,844.0
2001-06-18,884.0
2001-06-19,909.0
2001-06-20,934.0
2001-06-21,788.0
2001-06-22,674.0
2001-06-23,524.0
2001-06-24,848.0
2001-06-25,974.0
2001-06-26,837.0
2001-06-27,872.0
2001-06-28,840.0
2001-06-29,833.0
2001-06-30,824.0
2001-07-01,834.0
2001-07-02,862.0
2001-07-03,854.0
2001-07-04,843.0
2001-07-05,767.0
2001-07-06,769.0
2001-07-07,777.0
2001-07-08,804.0
2001-07-09,955.0
2001-07-10,767.0
2001-07-11,617.0
2001-07-12,666.0
2001-07-13,784.0
2001-07-14,812.0
2001-07-15,663.0
2001-07-16,601.0
2001-07-17,588.0
2001-07-18,674.0
2001-07-19,724.0
2001-07-20,820.0
2001-07-21,798.0
2001-07-22,754.0
2001-07-23,754.0
2001-07-24,768.0
2001-07-25,763.0
2001-07-26,750.0
2001-07-27,755.0
2001-07-28,801.0
2001-07-29,791.0
2001-07-30,779.0
2001-07-31,786.0
2001-08-01,793.0
2001-08-02,787.0
2001-08-03,656.0
2001-08-04,638.0
2001-08-05,657.0
2001-08-06,679.0
2001-08-07,755.0
2001-08-08,728.0
2001-08-09,721.0
2001-08-10,715.0
2001-08-11,730.0
2001-08-12,701.0
2001-08-13,721.0
2001-08-14,792.0
2001-08-15,776.0
2001-08-16,720.0
2001-08-17,686.0
2001-08-18,642.0
2001-08-19,662.0
2001-08-20,775.0
2001-08-21,875.0
2001-08-22,846.0
2001-08-23,727.0
2001-08-24,628.0
2001-08-25,618.0
2001-08-26,618.0
2001-08-27,609.0
2001-08-28,607.0
2001-08-29,605.0
2001-08-30,610.0
2001-08-31,609.0
2001-09-01,614.0
2001-09-02,608.0
2001-09-03,602.0
2001-09-04,620.0
2001-09-05,577.0
2001-09-06,565.0
2001-09-07,524.0
2001-09-08,539.0
2001-09-09,566.0
2001-09-10,505.0
2001-09-11,518.0
2001-09-12,619.0
2001-09-13,720.0
2001-09-14,737.0
2001-09-15,708.0
2001-09-16,579.0
2001-09-17,582.0
2001-09-18,558.0
2001-09-19,496.0
2001-09-20,467.0
2001-09-21,481.0
2001-09-22,510.0
2001-09-23,530.0
2001-09-24,605.0
2001-09-25,663.0
2001-09-26,665.0
2001-09-27,656.0
2001-09-28,683.0
2001-09-29,765.0
2001-09-30,744.0
2001-10-01,674.0
2001-10-02,656.0
2001-10-03,571.0
2001-10-04,452.0
2001-10-05,450.0
2001-10-06,450.0
2001-10-07,445.0
2001-10-08,445.0
2001-10-09,442.0
2001-10-10,441.0
2001-10-11,428.0
2001-10-12,352.0
2001-10-13,350.0
2001-10-14,352.0
2001-10-15,356.0
2001-10-16,362.0
2001-10-17,440.0
2001-10-18,482.0
2001-10-19,448.0
2001-10-20,403.0
2001-10-21,403.0
2001-10-22,374.0
2001-10-23,394.0
2001-10-24,392.0
2001-10-25,380.0
2001-10-26,368.0
2001-10-27,347.0
2001-10-28,347.0
2001-10-29,347.0
2001-10-30,339.0
2001-10-31,286.0
2001-11-01,276.0
2001-11-02,236.0
2001-11-03,233.0
2001-11-04,233.0
2001-11-05,240.0
2001-11-06,296.0
2001-11-07,333.0
2001-11-08,354.0
2001-11-09,333.0
2001-11-10,297.0
2001-11-11,290.0
2001-11-12,338.0
2001-11-13,351.0
2001-11-14,347.0
2001-11-15,342.0
2001-11-16,342.0
2001-11-17,325.0
2001-11-18,329.0
2001-11-19,323.0
2001-11-20,282.0
2001-11-21,283.0
2001-11-22,299.0
2001-11-23,313.0
2001-11-24,311.0
2001-11-25,313.0
2001-11-26,319.0
2001-11-27,314.0
2001-11-28,300.0
2001-11-29,302.0
2001-11-30,307.0
2001-12-01,293.0
2001-12-02,309.0
2001-12-03,312.0
2001-12-04,280.0
2001-12-05,277.0
2001-12-06,268.0
2001-12-07,224.0
2001-12-08,215.0
2001-12-09,236.0
2001-12-10,234.0
2001-12-11,239.0
2001-12-12,220.0
2001-12-13,204.0
2001-12-14,237.0
2001-12-15,242.0
2001-12-16,219.0
2001-12-17,229.0
2001-12-18,234.0
2001-12-19,216.0
2001-12-20,228.0
2001-12-21,238.0
2001-12-22,214.0
2001-12-23,212.0
2001-12-24,199.0
2001-12-25,208.0
2001-12-26,220.0
2001-12-27,215.0
2001-12-28,238.0
2001-12-29,267.0
2001-12-30,245.0
2001-12-31,258.0
2002-01-01,261.0
2002-01-02,228.0
2002-01-03,262.0
2002-01-04,265.0
2002-01-05,257.0
2002-01-06,264.0
2002-01-07,250.0
2002-01-08,264.0
2002-01-09,274.0
2002-01-10,269.0
2002-01-11,253.0
2002-01-12,243.0
2002-01-13,229.0
2002-01-14,209.0
2002-01-15,224.0
2002-01-16,233.0
2002-01-17,217.0
2002-01-18,199.0
2002-01-19,214.0
2002-01-20,224.0
2002-01-21,234.0
2002-01-22,228.0
2002-01-23,193.0
2002-01-24,206.0
2002-01-25,258.0
2002-01-26,305.0
2002-01-27,295.0
2002-01-28,290.0
2002-01-29,270.0
2002-01-30,239.0
2002-01-31,208.0
2002-02-01,256.0
2002-02-02,249.0
2002-02-03,249.0
2002-02-04,243.0
2002-02-05,216.0
2002-02-06,212.0
2002-02-07,226.0
2002-02-08,223.0
2002-02-09,197.0
2002-02-10,208.0
2002-02-11,228.0
2002-02-12,217.0
2002-02-13,211.0
2002-02-14,225.0
2002-02-15,213.0
2002-02-16,216.0
2002-02-17,232.0
2002-02-18,231.0
2002-02-19,219.0
2002-02-20,201.0
2002-02-21,195.0
2002-02-22,203.0
2002-02-23,208.0
2002-02-24,211.0
2002-02-25,190.0
2002-02-26,181.0
2002-02-27,183.0
2002-02-28,210.0
2002-03-01,167.0
2002-03-02,172.0
2002-03-03,194.0
2002-03-04,222.0
2002-03-05,216.0
2002-03-06,225.0
2002-03-07,222.0
2002-03-08,197.0
2002-03-09,211.0
2002-03-10,216.0
2002-03-11,213.0
2002-03-12,216.0
2002-03-13,221.0
2002-03-14,227.0
2002-03-15,220.0
2002-03-16,213.0
2002-03-17,209.0
2002-03-18,208.0
2002-03-19,212.0
2002-03-20,212.0
2002-03-21,214.0
2002-03-22,213.0
2002-03-23,223.0
2002-03-24,225.0
2002-03-25,223.0
2002-03-26,219.0
2002-03-27,201.0
2002-03-28,214.0
2002-03-29,227.0
2002-03-30,247.0
2002-03-31,251.0
2002-04-01,257.0
2002-04-02,260.0
2002-04-03,258.0
2002-04-04,267.0
2002-04-05,263.0
2002-04-06,273.0
2002-04-07,407.0
2002-04-08,406.0
2002-04-09,406.0
2002-04-10,398.0
2002-04-11,400.0
2002-04-12,396.0
2002-04-13,395.0
2002-04-14,439.0
2002-04-15,505.0
2002-04-16,541.0
2002-04-17,524.0
2002-04-18,427.0
2002-04-19,407.0
2002-04-20,406.0
2002-04-21,388.0
2002-04-22,340.0
2002-04-23,407.0
2002-04-24,548.0
2002-04-25,602.0
2002-04-26,600.0
2002-04-27,531.0
2002-04-28,524.0
2002-04-29,524.0
2002-04-30,537.0
2002-05-01,588.0
2002-05-02,572.0
2002-05-03,488.0
2002-05-04,503.0
2002-05-05,588.0
2002-05-06,600.0
2002-05-07,637.0
2002-05-08,639.0
2002-05-09,637.0
2002-05-10,639.0
2002-05-11,639.0
2002-05-12,642.0
2002-05-13,578.0
2002-05-14,536.0
2002-05-15,558.0
2002-05-16,658.0
2002-05-17,685.0
2002-05-18,541.0
2002-05-19,537.0
2002-05-20,542.0
2002-05-21,630.0
2002-05-22,624.0
2002-05-23,620.0
2002-05-24,652.0
2002-05-25,617.0
2002-05-26,566.0
2002-05-27,525.0
2002-05-28,532.0
2002-05-29,622.0
2002-05-30,671.0
2002-05-31,687.0
2002-06-01,748.0
2002-06-02,661.0
2002-06-03,573.0
2002-06-04,579.0
2002-06-05,537.0
2002-06-06,523.0
2002-06-07,504.0
2002-06-08,502.0
2002-06-09,536.0
2002-06-10,540.0
2002-06-11,538.0
2002-06-12,538.0
2002-06-13,579.0
2002-06-14,593.0
2002-06-15,632.0
2002-06-16,631.0
2002-06-17,624.0
2002-06-18,618.0
2002-06-19,631.0
2002-06-20,627.0
2002-06-21,635.0
2002-06-22,630.0
2002-06-23,624.0
2002-06-24,630.0
2002-06-25,681.0
2002-06-26,688.0
2002-06-27,717.0
2002-06-28,716.0
2002-06-29,672.0
2002-06-30,649.0
2002-07-01,617.0
2002-07-02,591.0
2002-07-03,663.0
2002-07-04,671.0
2002-07-05,710.0
2002-07-06,691.0
2002-07-07,498.0
2002-07-08,566.0
2002-07-09,607.0
2002-07-10,662.0
2002-07-11,730.0
2002-07-12,719.0
2002-07-13,714.0
2002-07-14,713.0
2002-07-15,711.0
2002-07-16,707.0
2002-07-17,695.0
2002-07-18,696.0
2002-07-19,696.0
2002-07-20,693.0
2002-07-21,700.0
2002-07-22,720.0
2002-07-23,669.0
2002-07-24,407.0
2002-07-25,548.0
2002-07-26,672.0
2002-07-27,674.0
2002-07-28,672.0
2002-07-29,672.0
2002-07-30,660.0
2002-07-31,642.0
2002-08-01,697.0
2002-08-02,697.0
2002-08-03,697.0
2002-08-04,674.0
2002-08-05,651.0
2002-08-06,542.0
2002-08-07,605.0
2002-08-08,592.0
2002-08-09,531.0
2002-08-10,523.0
2002-08-11,515.0
2002-08-12,516.0
2002-08-13,519.0
2002-08-14,520.0
2002-08-15,527.0
2002-08-16,566.0
2002-08-17,554.0
2002-08-18,506.0
2002-08-19,503.0
2002-08-20,506.0
2002-08-21,512.0
2002-08-22,447.0
2002-08-23,339.0
2002-08-24,336.0
2002-08-25,379.0
2002-08-26,422.0
2002-08-27,503.0
2002-08-28,570.0
2002-08-29,491.0
2002-08-30,397.0
2002-08-31,374.0
2002-09-01,318.0
2002-09-02,343.0
2002-09-03,414.0
2002-09-04,419.0
2002-09-05,444.0
2002-09-06,452.0
2002-09-07,452.0
2002-09-08,439.0
2002-09-09,405.0
2002-09-10,392.0
2002-09-11,330.0
2002-09-12,269.0
2002-09-13,285.0
2002-09-14,218.0
2002-09-15,199.0
2002-09-16,198.0
2002-09-17,273.0
2002-09-18,401.0
2002-09-19,428.0
2002-09-20,401.0
2002-09-21,256.0
2002-09-22,213.0
2002-09-23,207.0
2002-09-24,221.0
2002-09-25,234.0
2002-09-26,320.0
2002-09-27,321.0
2002-09-28,320.0
2002-09-29,319.0
2002-09-30,335.0
2002-10-01,402.0
2002-10-02,430.0
2002-10-03,363.0
2002-10-04,293.0
2002-10-05,230.0
2002-10-06,222.0
2002-10-07,221.0
2002-10-08,233.0
2002-10-09,269.0
2002-10-10,278.0
2002-10-11,303.0
2002-10-12,305.0
2002-10-13,306.0
2002-10-14,300.0
2002-10-15,262.0
2002-10-16,257.0
2002-10-17,257.0
2002-10-18,286.0
2002-10-19,286.0
2002-10-20,286.0
2002-10-21,286.0
2002-10-22,285.0
2002-10-23,288.0
2002-10-24,288.0
2002-10-25,286.0
2002-10-26,250.0
2002-10-27,253.0
2002-10-28,250.0
2002-10-29,252.0
2002-10-30,243.0
2002-10-31,244.0
2002-11-01,249.0
2002-11-02,274.0
2002-11-03,272.0
2002-11-04,232.0
2002-11-05,234.0
2002-11-06,230.0
2002-11-07,232.0
2002-11-08,318.0
2002-11-09,291.0
2002-11-10,289.0
2002-11-11,283.0
2002-11-12,238.0
2002-11-13,248.0
2002-11-14,253.0
2002-11-15,250.0
2002-11-16,240.0
2002-11-17,240.0
2002-11-18,237.0
2002-11-19,231.0
2002-11-20,233.0
2002-11-21,236.0
2002-11-22,234.0
2002-11-23,250.0
2002-11-24,249.0
2002-11-25,251.0
2002-11-26,240.0
2002-11-27,250.0
2002-11-28,262.0
2002-11-29,253.0
2002-11-30,250.0
2002-12-01,247.0
2002-12-02,252.0
2002-12-03,246.0
2002-12-04,246.0
2002-12-05,260.0
2002-12-06,257.0
2002-12-07,263.0
2002-12-08,266.0
2002-12-09,267.0
2002-12-10,285.0
2002-12-11,291.0
2002-12-12,296.0
2002-12-13,299.0
2002-12-14,306.0
2002-12-15,304.0
2002-12-16,287.0
2002-12-17,282.0
2002-12-18,276.0
2002-12-19,240.0
2002-12-20,221.0
2002-12-21,221.0
2002-12-22,237.0
2002-12-23,293.0
2002-12-24,231.0
2002-12-25,286.0
2002-12-26,272.0
2002-12-27,290.0
2002-12-28,251.0
2002-12-29,264.0
2002-12-30,251.0
2002-12-31,271.0
2003-01-01,256.0
2003-01-02,264.0
2003-01-03,275.0
2003-01-04,255.0
2003-01-05,288.0
2003-01-06,268.0
2003-01-07,263.0
2003-01-08,263.0
2003-01-09,254.0
2003-01-10,241.0
2003-01-11,290.0
2003-01-12,266.0
2003-01-13,270.0
2003-01-14,271.0
2003-01-15,255.0
2003-01-16,225.0
2003-01-17,225.0
2003-01-18,227.0
2003-01-19,247.0
2003-01-20,254.0
2003-01-21,251.0
2003-01-22,247.0
2003-01-23,251.0
2003-01-24,248.0
2003-01-25,233.0
2003-01-26,190.0
2003-01-27,170.0
2003-01-28,165.0
2003-01-29,164.0
2003-01-30,153.0
2003-01-31,238.0
2003-02-01,205.0
2003-02-02,248.0
2003-02-03,250.0
2003-02-04,256.0
2003-02-05,250.0
2003-02-06,226.0
2003-02-07,215.0
2003-02-08,240.0
2003-02-09,246.0
2003-02-10,270.0
2003-02-11,258.0
2003-02-12,248.0
2003-02-13,271.0
2003-02-14,281.0
2003-02-15,257.0
2003-02-16,247.0
2003-02-17,246.0
2003-02-18,251.0
2003-02-19,247.0
2003-02-20,248.0
2003-02-21,255.0
2003-02-22,250.0
2003-02-23,214.0
2003-02-24,257.0
2003-02-25,259.0
2003-02-26,262.0
2003-02-27,256.0
2003-02-28,232.0
2003-03-01,215.0
2003-03-02,211.0
2003-03-03,209.0
2003-03-04,198.0
2003-03-05,224.0
2003-03-06,252.0
2003-03-07,255.0
2003-03-08,257.0
2003-03-09,258.0
2003-03-10,261.0
2003-03-11,264.0
2003-03-12,266.0
2003-03-13,268.0
2003-03-14,248.0
2003-03-15,228.0
2003-03-16,229.0
2003-03-17,231.0
2003-03-18,255.0
2003-03-19,155.0
2003-03-20,159.0
2003-03-21,145.0
2003-03-22,130.0
2003-03-23,141.0
2003-03-24,161.0
2003-03-25,186.0
2003-03-26,199.0
2003-03-27,222.0
2003-03-28,197.0
2003-03-29,160.0
2003-03-30,160.0
2003-03-31,172.0
2003-04-01,192.0
2003-04-02,232.0
2003-04-03,269.0
2003-04-04,272.0
2003-04-05,254.0
2003-04-06,228.0
2003-04-07,214.0
2003-04-08,202.0
2003-04-09,202.0
2003-04-10,273.0
2003-04-11,409.0
2003-04-12,391.0
2003-04-13,378.0
2003-04-14,439.0
2003-04-15,369.0
2003-04-16,340.0
2003-04-17,335.0
2003-04-18,329.0
2003-04-19,409.0
2003-04-20,357.0
2003-04-21,298.0
2003-04-22,300.0
2003-04-23,309.0
2003-04-24,309.0
2003-04-25,306.0
2003-04-26,319.0
2003-04-27,343.0
2003-04-28,337.0
2003-04-29,341.0
2003-04-30,330.0
2003-05-01,312.0
2003-05-02,295.0
2003-05-03,285.0
2003-05-04,282.0
2003-05-05,265.0
2003-05-06,250.0
2003-05-07,273.0
2003-05-08,288.0
2003-05-09,278.0
2003-05-10,329.0
2003-05-11,323.0
2003-05-12,312.0
2003-05-13,237.0
2003-05-14,235.0
2003-05-15,263.0
2003-05-16,308.0
2003-05-17,321.0
2003-05-18,362.0
2003-05-19,346.0
2003-05-20,354.0
2003-05-21,334.0
2003-05-22,356.0
2003-05-23,526.0
2003-05-24,481.0
2003-05-25,498.0
2003-05-26,481.0
2003-05-27,508.0
2003-05-28,589.0
2003-05-29,600.0
2003-05-30,648.0
2003-05-31,670.0
2003-06-01,714.0
2003-06-02,619.0
2003-06-03,522.0
2003-06-04,478.0
2003-06-05,524.0
2003-06-06,506.0
2003-06-07,488.0
2003-06-08,459.0
2003-06-09,413.0
2003-06-10,413.0
2003-06-11,422.0
2003-06-12,417.0
2003-06-13,422.0
2003-06-14,431.0
2003-06-15,402.0
2003-06-16,395.0
2003-06-17,399.0
2003-06-18,509.0
2003-06-19,567.0
2003-06-20,478.0
2003-06-21,420.0
2003-06-22,388.0
2003-06-23,374.0
2003-06-24,351.0
2003-06-25,360.0
2003-06-26,360.0
2003-06-27,426.0
2003-06-28,492.0
2003-06-29,499.0
2003-06-30,505.0
2003-07-01,327.0
2003-07-02,300.0
2003-07-03,285.0
2003-07-04,289.0
2003-07-05,399.0
2003-07-06,393.0
2003-07-07,389.0
2003-07-08,366.0
2003-07-09,323.0
2003-07-10,317.0
2003-07-11,322.0
2003-07-12,397.0
2003-07-13,383.0
2003-07-14,318.0
2003-07-15,369.0
2003-07-16,380.0
2003-07-17,457.0
2003-07-18,508.0
2003-07-19,524.0
2003-07-20,476.0
2003-07-21,458.0
2003-07-22,483.0
2003-07-23,551.0
2003-07-24,450.0
2003-07-25,477.0
2003-07-26,512.0
2003-07-27,430.0
2003-07-28,462.0
2003-07-29,445.0
2003-07-30,411.0
2003-07-31,304.0
2003-08-01,282.0
2003-08-02,303.0
2003-08-03,407.0
2003-08-04,392.0
2003-08-05,374.0
2003-08-06,366.0
2003-08-07,402.0
2003-08-08,426.0
2003-08-09,428.0
2003-08-10,379.0
2003-08-11,376.0
2003-08-12,427.0
2003-08-13,415.0
2003-08-14,404.0
2003-08-15,399.0
2003-08-16,396.0
2003-08-17,416.0
2003-08-18,423.0
2003-08-19,451.0
2003-08-20,396.0
2003-08-21,386.0
2003-08-22,396.0
2003-08-23,440.0
2003-08-24,447.0
2003-08-25,489.0
2003-08-26,504.0
2003-08-27,529.0
2003-08-28,583.0
2003-08-29,568.0
2003-08-30,600.0
2003-08-31,652.0
2003-09-01,352.0
2003-09-02,526.0
2003-09-03,590.0
2003-09-04,712.0
2003-09-05,691.0
2003-09-06,590.0
2003-09-07,691.0
2003-09-08,750.0
2003-09-09,667.0
2003-09-10,605.0
2003-09-11,595.0
2003-09-12,578.0
2003-09-13,572.0
2003-09-14,578.0
2003-09-15,568.0
2003-09-16,551.0
2003-09-17,549.0
2003-09-18,538.0
2003-09-19,403.0
2003-09-20,399.0
2003-09-21,403.0
2003-09-22,452.0
2003-09-23,546.0
2003-09-24,512.0
2003-09-25,421.0
2003-09-26,412.0
2003-09-27,412.0
2003-09-28,409.0
2003-09-29,395.0
2003-09-30,419.0
2003-10-01,519.0
2003-10-02,430.0
2003-10-03,394.0
2003-10-04,291.0
2003-10-05,281.0
2003-10-06,291.0
2003-10-07,361.0
2003-10-08,369.0
2003-10-09,404.0
2003-10-10,401.0
2003-10-11,400.0
2003-10-12,401.0
2003-10-13,387.0
2003-10-14,331.0
2003-10-15,337.0
2003-10-16,375.0
2003-10-17,370.0
2003-10-18,372.0
2003-10-19,378.0
2003-10-20,416.0
2003-10-21,494.0
2003-10-22,471.0
2003-10-23,354.0
2003-10-24,349.0
2003-10-25,340.0
2003-10-26,270.0
2003-10-27,273.0
2003-10-28,246.0
2003-10-29,242.0
2003-10-30,240.0
2003-10-31,238.0
2003-11-01,237.0
2003-11-02,237.0
2003-11-03,240.0
2003-11-04,219.0
2003-11-05,189.0
2003-11-06,186.0
2003-11-07,193.0
2003-11-08,233.0
2003-11-09,235.0
2003-11-10,250.0
2003-11-11,220.0
2003-11-12,211.0
2003-11-13,215.0
2003-11-14,213.0
2003-11-15,210.0
2003-11-16,203.0
2003-11-17,224.0
2003-11-18,221.0
2003-11-19,223.0
2003-11-20,232.0
2003-11-21,227.0
2003-11-22,231.0
2003-11-23,213.0
2003-11-24,210.0
2003-11-25,240.0
2003-11-26,231.0
2003-11-27,225.0
2003-11-28,229.0
2003-11-29,236.0
2003-11-30,243.0
2003-12-01,232.0
2003-12-02,178.0
2003-12-03,156.0
2003-12-04,156.0
2003-12-05,168.0
2003-12-06,150.0
2003-12-07,150.0
2003-12-08,150.0
2003-12-09,154.0
2003-12-10,141.0
2003-12-11,154.0
2003-12-12,154.0
2003-12-13,145.0
2003-12-14,166.0
2003-12-15,166.0
2003-12-16,136.0
2003-12-17,156.0
2003-12-18,169.0
2003-12-19,169.0
2003-12-20,176.0
2003-12-21,176.0
2003-12-22,160.0
2003-12-23,124.0
2003-12-24,136.0
2003-12-25,144.0
2003-12-26,146.0
2003-12-27,116.0
2003-12-28,99.0
2003-12-29,104.0
2003-12-30,152.0
2003-12-31,146.0
2004-01-01,139.0
2004-01-02,158.0
2004-01-03,145.0
2004-01-04,101.0
2004-01-05,81.0
2004-01-06,123.0
2004-01-07,146.0
2004-01-08,157.0
2004-01-09,151.0
2004-01-10,139.0
2004-01-11,130.0
2004-01-12,118.0
2004-01-13,240.0
2004-01-14,227.0
2004-01-15,242.0
2004-01-16,228.0
2004-01-17,193.0
2004-01-18,171.0
2004-01-19,179.0
2004-01-20,190.0
2004-01-21,163.0
2004-01-22,128.0
2004-01-23,150.0
2004-01-24,159.0
2004-01-25,148.0
2004-01-26,135.0
2004-01-27,123.0
2004-01-28,155.0
2004-01-29,135.0
2004-01-30,117.0
2004-01-31,129.0
2004-02-01,124.0
2004-02-02,110.0
2004-02-03,120.0
2004-02-04,163.0
2004-02-05,174.0
2004-02-06,133.0
2004-02-07,140.0
2004-02-08,146.0
2004-02-09,161.0
2004-02-10,108.0
2004-02-11,108.0
2004-02-12,137.0
2004-02-13,164.0
2004-02-14,177.0
2004-02-15,192.0
2004-02-16,186.0
2004-02-17,187.0
2004-02-18,194.0
2004-02-19,190.0
2004-02-20,181.0
2004-02-21,183.0
2004-02-22,179.0
2004-02-23,172.0
2004-02-24,186.0
2004-02-25,182.0
2004-02-26,200.0
2004-02-27,213.0
2004-02-28,214.0
2004-02-29,226.0
2004-03-01,221.0
2004-03-02,248.0
2004-03-03,289.0
2004-03-04,306.0
2004-03-05,306.0
2004-03-06,260.0
2004-03-07,264.0
2004-03-08,269.0
2004-03-09,274.0
2004-03-10,293.0
2004-03-11,294.0
2004-03-12,273.0
2004-03-13,259.0
2004-03-14,254.0
2004-03-15,257.0
2004-03-16,263.0
2004-03-17,263.0
2004-03-18,270.0
2004-03-19,303.0
2004-03-20,309.0
2004-03-21,312.0
2004-03-22,315.0
2004-03-23,296.0
2004-03-24,293.0
2004-03-25,277.0
2004-03-26,266.0
2004-03-27,241.0
2004-03-28,222.0
2004-03-29,180.0
2004-03-30,182.0
2004-03-31,181.0
2004-04-01,243.0
2004-04-02,280.0
2004-04-03,296.0
2004-04-04,285.0
2004-04-05,285.0
2004-04-06,263.0
2004-04-07,270.0
2004-04-08,283.0
2004-04-09,287.0
2004-04-10,239.0
2004-04-11,222.0
2004-04-12,227.0
2004-04-13,224.0
2004-04-14,226.0
2004-04-15,260.0
2004-04-16,271.0
2004-04-17,343.0
2004-04-18,468.0
2004-04-19,456.0
2004-04-20,362.0
2004-04-21,272.0
2004-04-22,276.0
2004-04-23,286.0
2004-04-24,278.0
2004-04-25,300.0
2004-04-26,304.0
2004-04-27,313.0
2004-04-28,330.0
2004-04-29,322.0
2004-04-30,321.0
2004-05-01,296.0
2004-05-02,275.0
2004-05-03,272.0
2004-05-04,282.0
2004-05-05,304.0
2004-05-06,320.0
2004-05-07,316.0
2004-05-08,354.0
2004-05-09,334.0
2004-05-10,331.0
2004-05-11,313.0
2004-05-12,278.0
2004-05-13,281.0
2004-05-14,264.0
2004-05-15,252.0
2004-05-16,247.0
2004-05-17,240.0
2004-05-18,234.0
2004-05-19,235.0
2004-05-20,301.0
2004-05-21,420.0
2004-05-22,484.0
2004-05-23,413.0
2004-05-24,405.0
2004-05-25,399.0
2004-05-26,356.0
2004-05-27,307.0
2004-05-28,316.0
2004-05-29,385.0
2004-05-30,406.0
2004-05-31,399.0
2004-06-01,359.0
2004-06-02,356.0
2004-06-03,364.0
2004-06-04,406.0
2004-06-05,428.0
2004-06-06,428.0
2004-06-07,435.0
2004-06-08,508.0
2004-06-09,533.0
2004-06-10,628.0
2004-06-11,616.0
2004-06-12,616.0
2004-06-13,594.0
2004-06-14,523.0
2004-06-15,519.0
2004-06-16,447.0
2004-06-17,490.0
2004-06-18,496.0
2004-06-19,393.0
2004-06-20,360.0
2004-06-21,363.0
2004-06-22,474.0
2004-06-23,347.0
2004-06-24,326.0
2004-06-25,437.0
2004-06-26,591.0
2004-06-27,578.0
2004-06-28,441.0
2004-06-29,333.0
2004-06-30,304.0
2004-07-01,411.0
2004-07-02,343.0
2004-07-03,315.0
2004-07-04,413.0
2004-07-05,424.0
2004-07-06,409.0
2004-07-07,406.0
2004-07-08,408.0
2004-07-09,453.0
2004-07-10,507.0
2004-07-11,491.0
2004-07-12,420.0
2004-07-13,411.0
2004-07-14,430.0
2004-07-15,535.0
2004-07-16,557.0
2004-07-17,609.0
2004-07-18,403.0
2004-07-19,321.0
2004-07-20,452.0
2004-07-21,562.0
2004-07-22,798.0
2004-07-23,881.0
2004-07-24,1050.0
2004-07-25,981.0
2004-07-26,840.0
2004-07-27,593.0
2004-07-28,555.0
2004-07-29,575.0
2004-07-30,526.0
2004-07-31,552.0
2004-08-01,593.0
2004-08-02,620.0
2004-08-03,555.0
2004-08-04,614.0
2004-08-05,686.0
2004-08-06,786.0
2004-08-07,827.0
2004-08-08,795.0
2004-08-09,679.0
2004-08-10,567.0
2004-08-11,482.0
2004-08-12,522.0
2004-08-13,518.0
2004-08-14,492.0
2004-08-15,487.0
2004-08-16,509.0
2004-08-17,592.0
2004-08-18,609.0
2004-08-19,708.0
2004-08-20,517.0
2004-08-21,437.0
2004-08-22,427.0
2004-08-23,480.0
2004-08-24,556.0
2004-08-25,547.0
2004-08-26,522.0
2004-08-27,465.0
2004-08-28,482.0
2004-08-29,457.0
2004-08-30,448.0
2004-08-31,449.0
2004-09-01,446.0
2004-09-02,499.0
2004-09-03,550.0
2004-09-04,553.0
2004-09-05,541.0
2004-09-06,396.0
2004-09-07,385.0
2004-09-08,387.0
2004-09-09,461.0
2004-09-10,464.0
2004-09-11,500.0
2004-09-12,494.0
2004-09-13,490.0
2004-09-14,499.0
2004-09-15,535.0
2004-09-16,530.0
2004-09-17,530.0
2004-09-18,486.0
2004-09-19,481.0
2004-09-20,485.0
2004-09-21,494.0
2004-09-22,503.0
2004-09-23,398.0
2004-09-24,342.0
2004-09-25,340.0
2004-09-26,343.0
2004-09-27,351.0
2004-09-28,426.0
2004-09-29,411.0
2004-09-30,398.0
2004-10-01,352.0
2004-10-02,347.0
2004-10-03,338.0
2004-10-04,343.0
2004-10-05,360.0
2004-10-06,380.0
2004-10-07,390.0
2004-10-08,357.0
2004-10-09,280.0
2004-10-10,272.0
2004-10-11,271.0
2004-10-12,332.0
2004-10-13,359.0
2004-10-14,353.0
2004-10-15,351.0
2004-10-16,323.0
2004-10-17,316.0
2004-10-18,314.0
2004-10-19,315.0
2004-10-20,299.0
2004-10-21,292.0
2004-10-22,293.0
2004-10-23,337.0
2004-10-24,340.0
2004-10-25,345.0
2004-10-26,363.0
2004-10-27,355.0
2004-10-28,353.0
2004-10-29,331.0
2004-10-30,207.0
2004-10-31,302.0
2004-11-01,323.0
2004-11-02,287.0
2004-11-03,294.0
2004-11-04,301.0
2004-11-05,294.0
2004-11-06,243.0
2004-11-07,236.0
2004-11-08,239.0
2004-11-09,239.0
2004-11-10,258.0
2004-11-11,272.0
2004-11-12,269.0
2004-11-13,269.0
2004-11-14,264.0
2004-11-15,259.0
2004-11-16,264.0
2004-11-17,268.0
2004-11-18,267.0
2004-11-19,260.0
2004-11-20,269.0
2004-11-21,252.0
2004-11-22,254.0
2004-11-23,266.0
2004-11-24,259.0
2004-11-25,260.0
2004-11-26,268.0
2004-11-27,280.0
2004-11-28,297.0
2004-11-29,277.0
2004-11-30,260.0
2004-12-01,281.0
2004-12-02,282.0
2004-12-03,279.0
2004-12-04,263.0
2004-12-05,278.0
2004-12-06,269.0
2004-12-07,247.0
2004-12-08,247.0
2004-12-09,220.0
2004-12-10,204.0
2004-12-11,206.0
2004-12-12,206.0
2004-12-13,204.0
2004-12-14,199.0
2004-12-15,197.0
2004-12-16,167.0
2004-12-17,149.0
2004-12-18,158.0
2004-12-19,165.0
2004-12-20,164.0
2004-12-21,171.0
2004-12-22,173.0
2004-12-23,145.0
2004-12-24,168.0
2004-12-25,232.0
2004-12-26,226.0
2004-12-27,230.0
2004-12-28,191.0
2004-12-29,198.0
2004-12-30,189.0
2004-12-31,190.0
2005-01-01,187.0
2005-01-02,184.0
2005-01-03,182.0
2005-01-04,177.0
2005-01-05,145.0
2005-01-06,173.0
2005-01-07,193.0
2005-01-08,229.0
2005-01-09,223.0
2005-01-10,226.0
2005-01-11,207.0
2005-01-12,183.0
2005-01-13,158.0
2005-01-14,184.0
2005-01-15,178.0
2005-01-16,195.0
2005-01-17,195.0
2005-01-18,189.0
2005-01-19,190.0
2005-01-20,190.0
2005-01-21,197.0
2005-01-22,189.0
2005-01-23,185.0
2005-01-24,179.0
2005-01-25,184.0
2005-01-26,183.0
2005-01-27,201.0
2005-01-28,201.0
2005-01-29,203.0
2005-01-30,211.0
2005-01-31,206.0
2005-02-01,171.0
2005-02-02,178.0
2005-02-03,214.0
2005-02-04,219.0
2005-02-05,220.0
2005-02-06,217.0
2005-02-07,218.0
2005-02-08,217.0
2005-02-09,196.0
2005-02-10,197.0
2005-02-11,188.0
2005-02-12,190.0
2005-02-13,203.0
2005-02-14,200.0
2005-02-15,194.0
2005-02-16,188.0
2005-02-17,180.0
2005-02-18,185.0
2005-02-19,202.0
2005-02-20,203.0
2005-02-21,202.0
2005-02-22,204.0
2005-02-23,201.0
2005-02-24,199.0
2005-02-25,196.0
2005-02-26,199.0
2005-02-27,199.0
2005-02-28,194.0
2005-03-01,198.0
2005-03-02,203.0
2005-03-03,234.0
2005-03-04,240.0
2005-03-05,267.0
2005-03-06,271.0
2005-03-07,276.0
2005-03-08,301.0
2005-03-09,298.0
2005-03-10,297.0
2005-03-11,248.0
2005-03-12,252.0
2005-03-13,260.0
2005-03-14,252.0
2005-03-15,249.0
2005-03-16,249.0
2005-03-17,274.0
2005-03-18,331.0
2005-03-19,342.0
2005-03-20,352.0
2005-03-21,364.0
2005-03-22,343.0
2005-03-23,306.0
2005-03-24,305.0
2005-03-25,353.0
2005-03-26,352.0
2005-03-27,351.0
2005-03-28,369.0
2005-03-29,380.0
2005-03-30,356.0
2005-03-31,325.0
2005-04-01,309.0
2005-04-02,315.0
2005-04-03,319.0
2005-04-04,327.0
2005-04-05,276.0
2005-04-06,228.0
2005-04-07,226.0
2005-04-08,238.0
2005-04-09,242.0
2005-04-10,252.0
2005-04-11,233.0
2005-04-12,229.0
2005-04-13,264.0
2005-04-14,449.0
2005-04-15,529.0
2005-04-16,410.0
2005-04-17,421.0
2005-04-18,442.0
2005-04-19,455.0
2005-04-20,467.0
2005-04-21,452.0
2005-04-22,423.0
2005-04-23,453.0
2005-04-24,458.0
2005-04-25,546.0
2005-04-26,565.0
2005-04-27,639.0
2005-04-28,757.0
2005-04-29,763.0
2005-04-30,743.0
2005-05-01,709.0
2005-05-02,680.0
2005-05-03,675.0
2005-05-04,649.0
2005-05-05,631.0
2005-05-06,642.0
2005-05-07,680.0
2005-05-08,684.0
2005-05-09,674.0
2005-05-10,686.0
2005-05-11,724.0
2005-05-12,723.0
2005-05-13,678.0
2005-05-14,637.0
2005-05-15,626.0
2005-05-16,621.0
2005-05-17,628.0
2005-05-18,635.0
2005-05-19,661.0
2005-05-20,746.0
2005-05-21,815.0
2005-05-22,848.0
2005-05-23,912.0
2005-05-24,911.0
2005-05-25,880.0
2005-05-26,910.0
2005-05-27,907.0
2005-05-28,882.0
2005-05-29,861.0
2005-05-30,967.0
2005-05-31,1010.0
2005-06-01,889.0
2005-06-02,755.0
2005-06-03,729.0
2005-06-04,732.0
2005-06-05,723.0
2005-06-06,694.0
2005-06-07,659.0
2005-06-08,616.0
2005-06-09,598.0
2005-06-10,643.0
2005-06-11,708.0
2005-06-12,775.0
2005-06-13,727.0
2005-06-14,642.0
2005-06-15,585.0
2005-06-16,560.0
2005-06-17,538.0
2005-06-18,526.0
2005-06-19,514.0
2005-06-20,503.0
2005-06-21,536.0
2005-06-22,537.0
2005-06-23,561.0
2005-06-24,596.0
2005-06-25,640.0
2005-06-26,589.0
2005-06-27,547.0
2005-06-28,505.0
2005-06-29,484.0
2005-06-30,462.0
2005-07-01,476.0
2005-07-02,622.0
2005-07-03,609.0
2005-07-04,605.0
2005-07-05,722.0
2005-07-06,708.0
2005-07-07,743.0
2005-07-08,740.0
2005-07-09,876.0
2005-07-10,837.0
2005-07-11,724.0
2005-07-12,642.0
2005-07-13,558.0
2005-07-14,562.0
2005-07-15,557.0
2005-07-16,553.0
2005-07-17,537.0
2005-07-18,521.0
2005-07-19,460.0
2005-07-20,471.0
2005-07-21,552.0
2005-07-22,546.0
2005-07-23,533.0
2005-07-24,526.0
2005-07-25,539.0
2005-07-26,487.0
2005-07-27,479.0
2005-07-28,481.0
2005-07-29,519.0
2005-07-30,517.0
2005-07-31,514.0
2005-08-01,515.0
2005-08-02,496.0
2005-08-03,468.0
2005-08-04,588.0
2005-08-05,646.0
2005-08-06,452.0
2005-08-07,468.0
2005-08-08,524.0
2005-08-09,541.0
2005-08-10,553.0
2005-08-11,542.0
2005-08-12,482.0
2005-08-13,449.0
2005-08-14,464.0
2005-08-15,454.0
2005-08-16,551.0
2005-08-17,669.0
2005-08-18,626.0
2005-08-19,527.0
2005-08-20,525.0
2005-08-21,527.0
2005-08-22,412.0
2005-08-23,399.0
2005-08-24,388.0
2005-08-25,377.0
2005-08-26,380.0
2005-08-27,407.0
2005-08-28,411.0
2005-08-29,403.0
2005-08-30,398.0
2005-08-31,401.0
2005-09-01,465.0
2005-09-02,524.0
2005-09-03,559.0
2005-09-04,562.0
2005-09-05,562.0
2005-09-06,559.0
2005-09-07,476.0
2005-09-08,418.0
2005-09-09,416.0
2005-09-10,424.0
2005-09-11,387.0
2005-09-12,381.0
2005-09-13,378.0
2005-09-14,491.0
2005-09-15,509.0
2005-09-16,418.0
2005-09-17,329.0
2005-09-18,332.0
2005-09-19,328.0
2005-09-20,459.0
2005-09-21,527.0
2005-09-22,470.0
2005-09-23,445.0
2005-09-24,369.0
2005-09-25,364.0
2005-09-26,359.0
2005-09-27,495.0
2005-09-28,515.0
2005-09-29,391.0
2005-09-30,320.0
2005-10-01,312.0
2005-10-02,309.0
2005-10-03,310.0
2005-10-04,356.0
2005-10-05,362.0
2005-10-06,364.0
2005-10-07,401.0
2005-10-08,347.0
2005-10-09,347.0
2005-10-10,341.0
2005-10-11,240.0
2005-10-12,203.0
2005-10-13,196.0
2005-10-14,195.0
2005-10-15,199.0
2005-10-16,198.0
2005-10-17,198.0
2005-10-18,234.0
2005-10-19,239.0
2005-10-20,241.0
2005-10-21,237.0
2005-10-22,235.0
2005-10-23,231.0
2005-10-24,231.0
2005-10-25,230.0
2005-10-26,232.0
2005-10-27,231.0
2005-10-28,230.0
2005-10-29,229.0
2005-10-30,232.0
2005-10-31,229.0
2005-11-01,222.0
2005-11-02,225.0
2005-11-03,222.0
2005-11-04,220.0
2005-11-05,190.0
2005-11-06,183.0
2005-11-07,191.0
2005-11-08,188.0
2005-11-09,162.0
2005-11-10,156.0
2005-11-11,155.0
2005-11-12,155.0
2005-11-13,151.0
2005-11-14,154.0
2005-11-15,152.0
2005-11-16,126.0
2005-11-17,148.0
2005-11-18,151.0
2005-11-19,162.0
2005-11-20,145.0
2005-11-21,154.0
2005-11-22,143.0
2005-11-23,142.0
2005-11-24,142.0
2005-11-25,140.0
2005-11-26,150.0
2005-11-27,142.0
2005-11-28,114.0
2005-11-29,130.0
2005-11-30,158.0
2005-12-01,157.0
2005-12-02,180.0
2005-12-03,137.0
2005-12-04,129.0
2005-12-05,131.0
2005-12-06,140.0
2005-12-07,140.0
2005-12-08,148.0
2005-12-09,189.0
2005-12-10,197.0
2005-12-11,198.0
2005-12-12,198.0
2005-12-13,199.0
2005-12-14,200.0
2005-12-15,200.0
2005-12-16,238.0
2005-12-17,280.0
2005-12-18,284.0
2005-12-19,261.0
2005-12-20,236.0
2005-12-21,199.0
2005-12-22,184.0
2005-12-23,172.0
2005-12-24,167.0
2005-12-25,156.0
2005-12-26,159.0
2005-12-27,161.0
2005-12-28,165.0
2005-12-29,154.0
2005-12-30,155.0
2005-12-31,201.0
2006-01-01,193.0
2006-01-02,186.0
2006-01-03,190.0
2006-01-04,185.0
2006-01-05,185.0
2006-01-06,212.0
2006-01-07,227.0
2006-01-08,227.0
2006-01-09,228.0
2006-01-10,246.0
2006-01-11,252.0
2006-01-12,206.0
2006-01-13,195.0
2006-01-14,204.0
2006-01-15,204.0
2006-01-16,203.0
2006-01-17,194.0
2006-01-18,202.0
2006-01-19,204.0
2006-01-20,201.0
2006-01-21,185.0
2006-01-22,184.0
2006-01-23,184.0
2006-01-24,187.0
2006-01-25,184.0
2006-01-26,164.0
2006-01-27,164.0
2006-01-28,156.0
2006-01-29,158.0
2006-01-30,167.0
2006-01-31,159.0
2006-02-01,150.0
2006-02-02,149.0
2006-02-03,146.0
2006-02-04,148.0
2006-02-05,149.0
2006-02-06,142.0
2006-02-07,149.0
2006-02-08,154.0
2006-02-09,171.0
2006-02-10,205.0
2006-02-11,193.0
2006-02-12,210.0
2006-02-13,204.0
2006-02-14,226.0
2006-02-15,231.0
2006-02-16,207.0
2006-02-17,226.0
2006-02-18,238.0
2006-02-19,239.0
2006-02-20,240.0
2006-02-21,234.0
2006-02-22,231.0
2006-02-23,197.0
2006-02-24,205.0
2006-02-25,242.0
2006-02-26,252.0
2006-02-27,299.0
2006-02-28,306.0
2006-03-01,315.0
2006-03-02,311.0
2006-03-03,302.0
2006-03-04,270.0
2006-03-05,269.0
2006-03-06,267.0
2006-03-07,257.0
2006-03-08,216.0
2006-03-09,201.0
2006-03-10,163.0
2006-03-11,153.0
2006-03-12,162.0
2006-03-13,154.0
2006-03-14,155.0
2006-03-15,239.0
2006-03-16,231.0
2006-03-17,238.0
2006-03-18,236.0
2006-03-19,244.0
2006-03-20,240.0
2006-03-21,224.0
2006-03-22,195.0
2006-03-23,191.0
2006-03-24,194.0
2006-03-25,232.0
2006-03-26,237.0
2006-03-27,230.0
2006-03-28,237.0
2006-03-29,275.0
2006-03-30,297.0
2006-03-31,294.0
2006-04-01,268.0
2006-04-02,269.0
2006-04-03,268.0
2006-04-04,269.0
2006-04-05,274.0
2006-04-06,279.0
2006-04-07,280.0
2006-04-08,269.0
2006-04-09,272.0
2006-04-10,276.0
2006-04-11,307.0
2006-04-12,304.0
2006-04-13,365.0
2006-04-14,448.0
2006-04-15,487.0
2006-04-16,471.0
2006-04-17,467.0
2006-04-18,439.0
2006-04-19,426.0
2006-04-20,419.0
2006-04-21,429.0
2006-04-22,544.0
2006-04-23,553.0
2006-04-24,567.0
2006-04-25,532.0
2006-04-26,442.0
2006-04-27,433.0
2006-04-28,448.0
2006-04-29,374.0
2006-04-30,325.0
2006-05-01,322.0
2006-05-02,312.0
2006-05-03,517.0
2006-05-04,567.0
2006-05-05,552.0
2006-05-06,476.0
2006-05-07,454.0
2006-05-08,372.0
2006-05-09,432.0
2006-05-10,513.0
2006-05-11,500.0
2006-05-12,492.0
2006-05-13,562.0
2006-05-14,582.0
2006-05-15,584.0
2006-05-16,628.0
2006-05-17,673.0
2006-05-18,640.0
2006-05-19,670.0
2006-05-20,683.0
2006-05-21,639.0
2006-05-22,622.0
2006-05-23,706.0
2006-05-24,691.0
2006-05-25,766.0
2006-05-26,732.0
2006-05-27,754.0
2006-05-28,760.0
2006-05-29,753.0
2006-05-30,738.0
2006-05-31,751.0
2006-06-01,758.0
2006-06-02,768.0
2006-06-03,781.0
2006-06-04,798.0
2006-06-05,800.0
2006-06-06,798.0
2006-06-07,785.0
2006-06-08,806.0
2006-06-09,936.0
2006-06-10,1070.0
2006-06-11,1060.0
2006-06-12,1040.0
2006-06-13,1000.0
2006-06-14,982.0
2006-06-15,965.0
2006-06-16,931.0
2006-06-17,926.0
2006-06-18,920.0
2006-06-19,929.0
2006-06-20,916.0
2006-06-21,918.0
2006-06-22,927.0
2006-06-23,955.0
2006-06-24,936.0
2006-06-25,964.0
2006-06-26,928.0
2006-06-27,987.0
2006-06-28,948.0
2006-06-29,925.0
2006-06-30,804.0
2006-07-01,755.0
2006-07-02,763.0
2006-07-03,775.0
2006-07-04,746.0
2006-07-05,658.0
2006-07-06,787.0
2006-07-07,735.0
2006-07-08,1080.0
2006-07-09,1060.0
2006-07-10,1110.0
2006-07-11,778.0
2006-07-12,692.0
2006-07-13,754.0
2006-07-14,1060.0
2006-07-15,1020.0
2006-07-16,981.0
2006-07-17,962.0
2006-07-18,983.0
2006-07-19,982.0
2006-07-20,973.0
2006-07-21,1020.0
2006-07-22,862.0
2006-07-23,828.0
2006-07-24,791.0
2006-07-25,690.0
2006-07-26,817.0
2006-07-27,782.0
2006-07-28,725.0
2006-07-29,596.0
2006-07-30,575.0
2006-07-31,623.0
2006-08-01,626.0
2006-08-02,676.0
2006-08-03,640.0
2006-08-04,575.0
2006-08-05,466.0
2006-08-06,526.0
2006-08-07,591.0
2006-08-08,604.0
2006-08-09,562.0
2006-08-10,598.0
2006-08-11,680.0
2006-08-12,750.0
2006-08-13,790.0
2006-08-14,797.0
2006-08-15,704.0
2006-08-16,590.0
2006-08-17,503.0
2006-08-18,465.0
2006-08-19,676.0
2006-08-20,725.0
2006-08-21,655.0
2006-08-22,636.0
2006-08-23,530.0
2006-08-24,537.0
2006-08-25,562.0
2006-08-26,607.0
2006-08-27,602.0
2006-08-28,553.0
2006-08-29,536.0
2006-08-30,617.0
2006-08-31,603.0
2006-09-01,540.0
2006-09-02,498.0
2006-09-03,481.0
2006-09-04,455.0
2006-09-05,396.0
2006-09-06,396.0
2006-09-07,460.0
2006-09-08,503.0
2006-09-09,426.0
2006-09-10,294.0
2006-09-11,299.0
2006-09-12,336.0
2006-09-13,338.0
2006-09-14,401.0
2006-09-15,414.0
2006-09-16,463.0
2006-09-17,461.0
2006-09-18,459.0
2006-09-19,456.0
2006-09-20,458.0
2006-09-21,501.0
2006-09-22,487.0
2006-09-23,455.0
2006-09-24,446.0
2006-09-25,445.0
2006-09-26,446.0
2006-09-27,466.0
2006-09-28,514.0
2006-09-29,541.0
2006-09-30,650.0
2006-10-01,655.0
2006-10-02,638.0
2006-10-03,584.0
2006-10-04,535.0
2006-10-05,526.0
2006-10-06,514.0
2006-10-07,492.0
2006-10-08,492.0
2006-10-09,503.0
2006-10-10,498.0
2006-10-11,427.0
2006-10-12,407.0
2006-10-13,414.0
2006-10-14,368.0
2006-10-15,371.0
2006-10-16,355.0
2006-10-17,447.0
2006-10-18,477.0
2006-10-19,464.0
2006-10-20,384.0
2006-10-21,348.0
2006-10-22,361.0
2006-10-23,355.0
2006-10-24,370.0
2006-10-25,388.0
2006-10-26,409.0
2006-10-27,433.0
2006-10-28,472.0
2006-10-29,485.0
2006-10-30,428.0
2006-10-31,337.0
2006-11-01,265.0
2006-11-02,661.0
2006-11-03,700.0
2006-11-04,551.0
2006-11-05,448.0
2006-11-06,374.0
2006-11-07,353.0
2006-11-08,332.0
2006-11-09,294.0
2006-11-10,291.0
2006-11-11,344.0
2006-11-12,384.0
2006-11-13,365.0
2006-11-14,336.0
2006-11-15,292.0
2006-11-16,288.0
2006-11-17,306.0
2006-11-18,298.0
2006-11-19,290.0
2006-11-20,289.0
2006-11-21,287.0
2006-11-22,293.0
2006-11-23,291.0
2006-11-24,273.0
2006-11-25,272.0
2006-11-26,267.0
2006-11-27,253.0
2006-11-28,268.0
2006-11-29,293.0
2006-11-30,238.0
2006-12-01,262.0
2006-12-02,206.0
2006-12-03,185.0
2006-12-04,235.0
2006-12-05,214.0
2006-12-06,177.0
2006-12-07,150.0
2006-12-08,168.0
2006-12-09,238.0
2006-12-10,230.0
2006-12-11,241.0
2006-12-12,231.0
2006-12-13,221.0
2006-12-14,252.0
2006-12-15,249.0
2006-12-16,242.0
2006-12-17,235.0
2006-12-18,227.0
2006-12-19,219.0
2006-12-20,233.0
2006-12-21,224.0
2006-12-22,277.0
2006-12-23,274.0
2006-12-24,285.0
2006-12-25,290.0
2006-12-26,299.0
2006-12-27,269.0
2006-12-28,262.0
2006-12-29,220.0
2006-12-30,223.0
2006-12-31,184.0
2007-01-01,201.0
2007-01-02,202.0
2007-01-03,211.0
2007-01-04,227.0
2007-01-05,213.0
2007-01-06,167.0
2007-01-07,177.0
2007-01-08,196.0
2007-01-09,199.0
2007-01-10,201.0
2007-01-11,213.0
2007-01-12,203.0
2007-01-13,246.0
2007-01-14,233.0
2007-01-15,241.0
2007-01-16,246.0
2007-01-17,246.0
2007-01-18,234.0
2007-01-19,207.0
2007-01-20,235.0
2007-01-21,204.0
2007-01-22,219.0
2007-01-23,227.0
2007-01-24,210.0
2007-01-25,156.0
2007-01-26,155.0
2007-01-27,178.0
2007-01-28,181.0
2007-01-29,188.0
2007-01-30,180.0
2007-01-31,175.0
2007-02-01,152.0
2007-02-02,186.0
2007-02-03,253.0
2007-02-04,257.0
2007-02-05,238.0
2007-02-06,192.0
2007-02-07,202.0
2007-02-08,207.0
2007-02-09,210.0
2007-02-10,211.0
2007-02-11,219.0
2007-02-12,230.0
2007-02-13,233.0
2007-02-14,222.0
2007-02-15,222.0
2007-02-16,239.0
2007-02-17,238.0
2007-02-18,232.0
2007-02-19,242.0
2007-02-20,238.0
2007-02-21,227.0
2007-02-22,231.0
2007-02-23,221.0
2007-02-24,224.0
2007-02-25,208.0
2007-02-26,220.0
2007-02-27,225.0
2007-02-28,233.0
2007-03-01,197.0
2007-03-02,193.0
2007-03-03,204.0
2007-03-04,219.0
2007-03-05,223.0
2007-03-06,224.0
2007-03-07,266.0
2007-03-08,272.0
2007-03-09,277.0
2007-03-10,339.0
2007-03-11,346.0
2007-03-12,358.0
2007-03-13,389.0
2007-03-14,431.0
2007-03-15,462.0
2007-03-16,486.0
2007-03-17,520.0
2007-03-18,585.0
2007-03-19,605.0
2007-03-20,651.0
2007-03-21,740.0
2007-03-22,778.0
2007-03-23,785.0
2007-03-24,842.0
2007-03-25,861.0
2007-03-26,874.0
2007-03-27,843.0
2007-03-28,839.0
2007-03-29,810.0
2007-03-30,760.0
2007-03-31,749.0
2007-04-01,727.0
2007-04-02,680.0
2007-04-03,598.0
2007-04-04,564.0
2007-04-05,559.0
2007-04-06,558.0
2007-04-07,549.0
2007-04-08,541.0
2007-04-09,537.0
2007-04-10,529.0
2007-04-11,490.0
2007-04-12,443.0
2007-04-13,445.0
2007-04-14,400.0
2007-04-15,421.0
2007-04-16,419.0
2007-04-17,455.0
2007-04-18,459.0
2007-04-19,469.0
2007-04-20,521.0
2007-04-21,548.0
2007-04-22,551.0
2007-04-23,550.0
2007-04-24,658.0
2007-04-25,715.0
2007-04-26,759.0
2007-04-27,854.0
2007-04-28,1030.0
2007-04-29,1270.0
2007-04-30,1420.0
2007-05-01,1490.0
2007-05-02,1520.0
2007-05-03,1430.0
2007-05-04,1390.0
2007-05-05,1370.0
2007-05-06,1390.0
2007-05-07,1410.0
2007-05-08,1420.0
2007-05-09,1460.0
2007-05-10,1500.0
2007-05-11,1570.0
2007-05-12,1570.0
2007-05-13,1550.0
2007-05-14,1570.0
2007-05-15,1620.0
2007-05-16,1580.0
2007-05-17,1660.0
2007-05-18,1640.0
2007-05-19,1730.0
2007-05-20,1830.0
2007-05-21,1830.0
2007-05-22,1850.0
2007-05-23,1740.0
2007-05-24,1730.0
2007-05-25,1640.0
2007-05-26,1580.0
2007-05-27,1510.0
2007-05-28,1490.0
2007-05-29,1500.0
2007-05-30,1450.0
2007-05-31,1370.0
2007-06-01,1370.0
2007-06-02,1360.0
2007-06-03,1410.0
2007-06-04,1370.0
2007-06-05,1420.0
2007-06-06,1470.0
2007-06-07,1410.0
2007-06-08,1360.0
2007-06-09,1360.0
2007-06-10,1340.0
2007-06-11,1330.0
2007-06-12,1390.0
2007-06-13,1470.0
2007-06-14,1380.0
2007-06-15,1380.0
2007-06-16,1380.0
2007-06-17,1400.0
2007-06-18,1400.0
2007-06-19,1340.0
2007-06-20,1320.0
2007-06-21,1300.0
2007-06-22,1320.0
2007-06-23,1410.0
2007-06-24,1420.0
2007-06-25,1430.0
2007-06-26,1440.0
2007-06-27,1380.0
2007-06-28,1360.0
2007-06-29,1500.0
2007-06-30,1520.0
2007-07-01,1460.0
2007-07-02,1430.0
2007-07-03,1410.0
2007-07-04,1360.0
2007-07-05,1310.0
2007-07-06,1220.0
2007-07-07,1160.0
2007-07-08,1150.0
2007-07-09,1120.0
2007-07-10,1090.0
2007-07-11,1110.0
2007-07-12,1190.0
2007-07-13,1290.0
2007-07-14,1230.0
2007-07-15,1200.0
2007-07-16,1120.0
2007-07-17,917.0
2007-07-18,915.0
2007-07-19,856.0
2007-07-20,936.0
2007-07-21,1020.0
2007-07-22,1130.0
2007-07-23,1060.0
2007-07-24,963.0
2007-07-25,950.0
2007-07-26,1040.0
2007-07-27,1040.0
2007-07-28,1030.0
2007-07-29,942.0
2007-07-30,920.0
2007-07-31,897.0
2007-08-01,873.0
2007-08-02,847.0
2007-08-03,943.0
2007-08-04,962.0
2007-08-05,1040.0
2007-08-06,1080.0
2007-08-07,1260.0
2007-08-08,1350.0
2007-08-09,1340.0
2007-08-10,1300.0
2007-08-11,1280.0
2007-08-12,1230.0
2007-08-13,1050.0
2007-08-14,846.0
2007-08-15,848.0
2007-08-16,889.0
2007-08-17,795.0
2007-08-18,830.0
2007-08-19,900.0
2007-08-20,901.0
2007-08-21,850.0
2007-08-22,813.0
2007-08-23,822.0
2007-08-24,833.0
2007-08-25,809.0
2007-08-26,765.0
2007-08-27,693.0
2007-08-28,548.0
2007-08-29,561.0
2007-08-30,603.0
2007-08-31,680.0
2007-09-01,721.0
2007-09-02,675.0
2007-09-03,578.0
2007-09-04,560.0
2007-09-05,566.0
2007-09-06,589.0
2007-09-07,550.0
2007-09-08,548.0
2007-09-09,451.0
2007-09-10,439.0
2007-09-11,432.0
2007-09-12,421.0
2007-09-13,441.0
2007-09-14,534.0
2007-09-15,590.0
2007-09-16,583.0
2007-09-17,563.0
2007-09-18,491.0
2007-09-19,448.0
2007-09-20,477.0
2007-09-21,595.0
2007-09-22,689.0
2007-09-23,768.0
2007-09-24,750.0
2007-09-25,613.0
2007-09-26,523.0
2007-09-27,483.0
2007-09-28,485.0
2007-09-29,498.0
2007-09-30,497.0
2007-10-01,497.0
2007-10-02,496.0
2007-10-03,495.0
2007-10-04,490.0
2007-10-05,499.0
2007-10-06,536.0
2007-10-07,536.0
2007-10-08,519.0
2007-10-09,472.0
2007-10-10,472.0
2007-10-11,469.0
2007-10-12,468.0
2007-10-13,470.0
2007-10-14,486.0
2007-10-15,464.0
2007-10-16,312.0
2007-10-17,230.0
2007-10-18,213.0
2007-10-19,344.0
2007-10-20,432.0
2007-10-21,450.0
2007-10-22,409.0
2007-10-23,290.0
2007-10-24,265.0
2007-10-25,260.0
2007-10-26,285.0
2007-10-27,327.0
2007-10-28,358.0
2007-10-29,346.0
2007-10-30,318.0
2007-10-31,302.0
2007-11-01,256.0
2007-11-02,226.0
2007-11-03,205.0
2007-11-04,204.0
2007-11-05,337.0
2007-11-06,252.0
2007-11-07,231.0
2007-11-08,230.0
2007-11-09,242.0
2007-11-10,292.0
2007-11-11,292.0
2007-11-12,291.0
2007-11-13,286.0
2007-11-14,255.0
2007-11-15,243.0
2007-11-16,249.0
2007-11-17,274.0
2007-11-18,273.0
2007-11-19,262.0
2007-11-20,226.0
2007-11-21,312.0
2007-11-22,273.0
2007-11-23,268.0
2007-11-24,305.0
2007-11-25,320.0
2007-11-26,340.0
2007-11-27,325.0
2007-11-28,252.0
2007-11-29,199.0
2007-11-30,208.0
2007-12-01,334.0
2007-12-02,344.0
2007-12-03,342.0
2007-12-04,353.0
2007-12-05,286.0
2007-12-06,266.0
2007-12-07,240.0
2007-12-08,231.0
2007-12-09,210.0
2007-12-10,216.0
2007-12-11,232.0
2007-12-12,217.0
2007-12-13,219.0
2007-12-14,218.0
2007-12-15,191.0
2007-12-16,202.0
2007-12-17,218.0
2007-12-18,225.0
2007-12-19,223.0
2007-12-20,233.0
2007-12-21,229.0
2007-12-22,206.0
2007-12-23,209.0
2007-12-24,211.0
2007-12-25,225.0
2007-12-26,210.0
2007-12-27,226.0
2007-12-28,186.0
2007-12-29,216.0
2007-12-30,241.0
2007-12-31,219.0
2008-01-01,183.0
2008-01-02,231.0
2008-01-03,234.0
2008-01-04,253.0
2008-01-05,242.0
2008-01-06,241.0
2008-01-07,225.0
2008-01-08,218.0
2008-01-09,228.0
2008-01-10,198.0
2008-01-11,210.0
2008-01-12,190.0
2008-01-13,191.0
2008-01-14,204.0
2008-01-15,219.0
2008-01-16,194.0
2008-01-17,178.0
2008-01-18,206.0
2008-01-19,214.0
2008-01-20,230.0
2008-01-21,245.0
2008-01-22,193.0
2008-01-23,201.0
2008-01-24,175.0
2008-01-25,211.0
2008-01-26,211.0
2008-01-27,215.0
2008-01-28,222.0
2008-01-29,198.0
2008-01-30,205.0
2008-01-31,194.0
2008-02-01,213.0
2008-02-02,200.0
2008-02-03,203.0
2008-02-04,213.0
2008-02-05,196.0
2008-02-06,178.0
2008-02-07,194.0
2008-02-08,212.0
2008-02-09,202.0
2008-02-10,203.0
2008-02-11,216.0
2008-02-12,211.0
2008-02-13,211.0
2008-02-14,209.0
2008-02-15,197.0
2008-02-16,202.0
2008-02-17,185.0
2008-02-18,188.0
2008-02-19,204.0
2008-02-20,208.0
2008-02-21,214.0
2008-02-22,195.0
2008-02-23,192.0
2008-02-24,187.0
2008-02-25,196.0
2008-02-26,187.0
2008-02-27,196.0
2008-02-28,213.0
2008-02-29,188.0
2008-03-01,191.0
2008-03-02,198.0
2008-03-03,176.0
2008-03-04,188.0
2008-03-05,184.0
2008-03-06,172.0
2008-03-07,176.0
2008-03-08,187.0
2008-03-09,187.0
2008-03-10,185.0
2008-03-11,185.0
2008-03-12,193.0
2008-03-13,192.0
2008-03-14,193.0
2008-03-15,182.0
2008-03-16,187.0
2008-03-17,191.0
2008-03-18,168.0
2008-03-19,163.0
2008-03-20,200.0
2008-03-21,207.0
2008-03-22,202.0
2008-03-23,197.0
2008-03-24,197.0
2008-03-25,210.0
2008-03-26,238.0
2008-03-27,245.0
2008-03-28,228.0
2008-03-29,228.0
2008-03-30,233.0
2008-03-31,235.0
2008-04-01,218.0
2008-04-02,202.0
2008-04-03,208.0
2008-04-04,200.0
2008-04-05,220.0
2008-04-06,224.0
2008-04-07,230.0
2008-04-08,225.0
2008-04-09,226.0
2008-04-10,239.0
2008-04-11,230.0
2008-04-12,213.0
2008-04-13,231.0
2008-04-14,236.0
2008-04-15,246.0
2008-04-16,268.0
2008-04-17,285.0
2008-04-18,371.0
2008-04-19,424.0
2008-04-20,433.0
2008-04-21,450.0
2008-04-22,475.0
2008-04-23,319.0
2008-04-24,323.0
2008-04-25,353.0
2008-04-26,717.0
2008-04-27,734.0
2008-04-28,721.0
2008-04-29,978.0
2008-04-30,1120.0
2008-05-01,1160.0
2008-05-02,1150.0
2008-05-03,1120.0
2008-05-04,1120.0
2008-05-05,1070.0
2008-05-06,922.0
2008-05-07,968.0
2008-05-08,879.0
2008-05-09,886.0
2008-05-10,861.0
2008-05-11,838.0
2008-05-12,840.0
2008-05-13,855.0
2008-05-14,766.0
2008-05-15,780.0
2008-05-16,631.0
2008-05-17,625.0
2008-05-18,639.0
2008-05-19,658.0
2008-05-20,760.0
2008-05-21,899.0
2008-05-22,826.0
2008-05-23,838.0
2008-05-24,803.0
2008-05-25,782.0
2008-05-26,814.0
2008-05-27,808.0
2008-05-28,721.0
2008-05-29,758.0
2008-05-30,773.0
2008-05-31,776.0
2008-06-01,825.0
2008-06-02,877.0
2008-06-03,960.0
2008-06-04,964.0
2008-06-05,971.0
2008-06-06,953.0
2008-06-07,1000.0
2008-06-08,994.0
2008-06-09,927.0
2008-06-10,900.0
2008-06-11,932.0
2008-06-12,902.0
2008-06-13,902.0
2008-06-14,899.0
2008-06-15,898.0
2008-06-16,914.0
2008-06-17,909.0
2008-06-18,844.0
2008-06-19,889.0
2008-06-20,832.0
2008-06-21,822.0
2008-06-22,815.0
2008-06-23,817.0
2008-06-24,812.0
2008-06-25,907.0
2008-06-26,976.0
2008-06-27,968.0
2008-06-28,1060.0
2008-06-29,1150.0
2008-06-30,1170.0
2008-07-01,1190.0
2008-07-02,1230.0
2008-07-03,1260.0
2008-07-04,1280.0
2008-07-05,1240.0
2008-07-06,1240.0
2008-07-07,1270.0
2008-07-08,1140.0
2008-07-09,1150.0
2008-07-10,1090.0
2008-07-11,1030.0
2008-07-12,986.0
2008-07-13,940.0
2008-07-14,888.0
2008-07-15,862.0
2008-07-16,858.0
2008-07-17,938.0
2008-07-18,976.0
2008-07-19,949.0
2008-07-20,826.0
2008-07-21,804.0
2008-07-22,809.0
2008-07-23,880.0
2008-07-24,967.0
2008-07-25,1150.0
2008-07-26,1140.0
2008-07-27,1120.0
2008-07-28,1070.0
2008-07-29,884.0
2008-07-30,847.0
2008-07-31,796.0
2008-08-01,669.0
2008-08-02,641.0
2008-08-03,642.0
2008-08-04,655.0
2008-08-05,663.0
2008-08-06,659.0
2008-08-07,674.0
2008-08-08,664.0
2008-08-09,594.0
2008-08-10,639.0
2008-08-11,654.0
2008-08-12,626.0
2008-08-13,689.0
2008-08-14,683.0
2008-08-15,722.0
2008-08-16,892.0
2008-08-17,1020.0
2008-08-18,951.0
2008-08-19,931.0
2008-08-20,1020.0
2008-08-21,955.0
2008-08-22,766.0
2008-08-23,765.0
2008-08-24,744.0
2008-08-25,653.0
2008-08-26,575.0
2008-08-27,560.0
2008-08-28,541.0
2008-08-29,534.0
2008-08-30,534.0
2008-08-31,535.0
2008-09-01,539.0
2008-09-02,526.0
2008-09-03,495.0
2008-09-04,523.0
2008-09-05,534.0
2008-09-06,528.0
2008-09-07,512.0
2008-09-08,512.0
2008-09-09,512.0
2008-09-10,504.0
2008-09-11,506.0
2008-09-12,613.0
2008-09-13,578.0
2008-09-14,468.0
2008-09-15,448.0
2008-09-16,430.0
2008-09-17,389.0
2008-09-18,335.0
2008-09-19,356.0
2008-09-20,441.0
2008-09-21,443.0
2008-09-22,452.0
2008-09-23,487.0
2008-09-24,483.0
2008-09-25,481.0
2008-09-26,493.0
2008-09-27,528.0
2008-09-28,534.0
2008-09-29,495.0
2008-09-30,491.0
2008-10-01,488.0
2008-10-02,461.0
2008-10-03,441.0
2008-10-04,443.0
2008-10-05,443.0
2008-10-06,440.0
2008-10-07,403.0
2008-10-08,361.0
2008-10-09,358.0
2008-10-10,357.0
2008-10-11,358.0
2008-10-12,390.0
2008-10-13,345.0
2008-10-14,251.0
2008-10-15,243.0
2008-10-16,242.0
2008-10-17,244.0
2008-10-18,326.0
2008-10-19,332.0
2008-10-20,328.0
2008-10-21,260.0
2008-10-22,262.0
2008-10-23,240.0
2008-10-24,269.0
2008-10-25,275.0
2008-10-26,280.0
2008-10-27,275.0
2008-10-28,220.0
2008-10-29,229.0
2008-10-30,239.0
2008-10-31,233.0
2008-11-01,234.0
2008-11-02,233.0
2008-11-03,231.0
2008-11-04,227.0
2008-11-05,250.0
2008-11-06,232.0
2008-11-07,266.0
2008-11-08,299.0
2008-11-09,296.0
2008-11-10,299.0
2008-11-11,295.0
2008-11-12,295.0
2008-11-13,296.0
2008-11-14,292.0
2008-11-15,261.0
2008-11-16,285.0
2008-11-17,287.0
2008-11-18,279.0
2008-11-19,282.0
2008-11-20,279.0
2008-11-21,269.0
2008-11-22,271.0
2008-11-23,270.0
2008-11-24,261.0
2008-11-25,259.0
2008-11-26,267.0
2008-11-27,280.0
2008-11-28,275.0
2008-11-29,274.0
2008-11-30,275.0
2008-12-01,241.0
2008-12-02,243.0
2008-12-03,215.0
2008-12-04,200.0
2008-12-05,205.0
2008-12-06,240.0
2008-12-07,237.0
2008-12-08,220.0
2008-12-09,172.0
2008-12-10,170.0
2008-12-11,189.0
2008-12-12,181.0
2008-12-13,190.0
2008-12-14,150.0
2008-12-15,164.0
2008-12-16,113.0
2008-12-17,180.0
2008-12-18,233.0
2008-12-19,241.0
2008-12-20,283.0
2008-12-21,139.0
2008-12-22,171.0
2008-12-23,169.0
2008-12-24,190.0
2008-12-25,232.0
2008-12-26,216.0
2008-12-27,173.0
2008-12-28,229.0
2008-12-29,227.0
2008-12-30,212.0
2008-12-31,181.0
2009-01-01,193.0
2009-01-02,203.0
2009-01-03,181.0
2009-01-04,158.0
2009-01-05,144.0
2009-01-06,191.0
2009-01-07,233.0
2009-01-08,243.0
2009-01-09,246.0
2009-01-10,259.0
2009-01-11,276.0
2009-01-12,262.0
2009-01-13,254.0
2009-01-14,261.0
2009-01-15,245.0
2009-01-16,232.0
2009-01-17,232.0
2009-01-18,226.0
2009-01-19,232.0
2009-01-20,226.0
2009-01-21,232.0
2009-01-22,243.0
2009-01-23,257.0
2009-01-24,242.0
2009-01-25,217.0
2009-01-26,166.0
2009-01-27,140.0
2009-01-28,161.0
2009-01-29,171.0
2009-01-30,187.0
2009-01-31,248.0
2009-02-01,233.0
2009-02-02,207.0
2009-02-03,170.0
2009-02-04,165.0
2009-02-05,163.0
2009-02-06,168.0
2009-02-07,192.0
2009-02-08,218.0
2009-02-09,221.0
2009-02-10,214.0
2009-02-11,212.0
2009-02-12,209.0
2009-02-13,218.0
2009-02-14,215.0
2009-02-15,212.0
2009-02-16,213.0
2009-02-17,212.0
2009-02-18,198.0
2009-02-19,196.0
2009-02-20,195.0
2009-02-21,196.0
2009-02-22,196.0
2009-02-23,203.0
2009-02-24,190.0
2009-02-25,183.0
2009-02-26,185.0
2009-02-27,179.0
2009-02-28,169.0
2009-03-01,179.0
2009-03-02,187.0
2009-03-03,190.0
2009-03-04,188.0
2009-03-05,186.0
2009-03-06,180.0
2009-03-07,184.0
2009-03-08,174.0
2009-03-09,181.0
2009-03-10,197.0
2009-03-11,183.0
2009-03-12,207.0
2009-03-13,213.0
2009-03-14,202.0
2009-03-15,208.0
2009-03-16,211.0
2009-03-17,213.0
2009-03-18,217.0
2009-03-19,216.0
2009-03-20,228.0
2009-03-21,293.0
2009-03-22,294.0
2009-03-23,289.0
2009-03-24,254.0
2009-03-25,248.0
2009-03-26,257.0
2009-03-27,242.0
2009-03-28,253.0
2009-03-29,266.0
2009-03-30,269.0
2009-03-31,242.0
2009-04-01,230.0
2009-04-02,223.0
2009-04-03,238.0
2009-04-04,243.0
2009-04-05,235.0
2009-04-06,228.0
2009-04-07,240.0
2009-04-08,242.0
2009-04-09,249.0
2009-04-10,247.0
2009-04-11,246.0
2009-04-12,250.0
2009-04-13,251.0
2009-04-14,253.0
2009-04-15,252.0
2009-04-16,235.0
2009-04-17,244.0
2009-04-18,220.0
2009-04-19,244.0
2009-04-20,259.0
2009-04-21,295.0
2009-04-22,508.0
2009-04-23,497.0
2009-04-24,439.0
2009-04-25,441.0
2009-04-26,423.0
2009-04-27,451.0
2009-04-28,450.0
2009-04-29,461.0
2009-04-30,597.0
2009-05-01,765.0
2009-05-02,762.0
2009-05-03,743.0
2009-05-04,602.0
2009-05-05,431.0
2009-05-06,297.0
2009-05-07,392.0
2009-05-08,502.0
2009-05-09,553.0
2009-05-10,547.0
2009-05-11,545.0
2009-05-12,509.0
2009-05-13,531.0
2009-05-14,509.0
2009-05-15,521.0
2009-05-16,579.0
2009-05-17,581.0
2009-05-18,592.0
2009-05-19,633.0
2009-05-20,715.0
2009-05-21,703.0
2009-05-22,859.0
2009-05-23,879.0
2009-05-24,929.0
2009-05-25,930.0
2009-05-26,834.0
2009-05-27,994.0
2009-05-28,1030.0
2009-05-29,982.0
2009-05-30,958.0
2009-05-31,1030.0
2009-06-01,1170.0
2009-06-02,1460.0
2009-06-03,1560.0
2009-06-04,1530.0
2009-06-05,1450.0
2009-06-06,1400.0
2009-06-07,1360.0
2009-06-08,1310.0
2009-06-09,1260.0
2009-06-10,1210.0
2009-06-11,1170.0
2009-06-12,1130.0
2009-06-13,1060.0
2009-06-14,1020.0
2009-06-15,1010.0
2009-06-16,959.0
2009-06-17,917.0
2009-06-18,876.0
2009-06-19,843.0
2009-06-20,831.0
2009-06-21,896.0
2009-06-22,873.0
2009-06-23,912.0
2009-06-24,922.0
2009-06-25,909.0
2009-06-26,1120.0
2009-06-27,1090.0
2009-06-28,1040.0
2009-06-29,1010.0
2009-06-30,993.0
2009-07-01,1010.0
2009-07-02,1000.0
2009-07-03,1130.0
2009-07-04,1100.0
2009-07-05,1080.0
2009-07-06,1040.0
2009-07-07,949.0
2009-07-08,871.0
2009-07-09,768.0
2009-07-10,664.0
2009-07-11,623.0
2009-07-12,648.0
2009-07-13,716.0
2009-07-14,671.0
2009-07-15,557.0
2009-07-16,577.0
2009-07-17,712.0
2009-07-18,723.0
2009-07-19,670.0
2009-07-20,650.0
2009-07-21,608.0
2009-07-22,726.0
2009-07-23,493.0
2009-07-24,527.0
2009-07-25,561.0
2009-07-26,648.0
2009-07-27,674.0
2009-07-28,555.0
2009-07-29,524.0
2009-07-30,656.0
2009-07-31,624.0
2009-08-01,523.0
2009-08-02,484.0
2009-08-03,461.0
2009-08-04,672.0
2009-08-05,696.0
2009-08-06,694.0
2009-08-07,659.0
2009-08-08,529.0
2009-08-09,534.0
2009-08-10,581.0
2009-08-11,601.0
2009-08-12,589.0
2009-08-13,592.0
2009-08-14,602.0
2009-08-15,653.0
2009-08-16,656.0
2009-08-17,671.0
2009-08-18,674.0
2009-08-19,708.0
2009-08-20,656.0
2009-08-21,420.0
2009-08-22,404.0
2009-08-23,395.0
2009-08-24,407.0
2009-08-25,493.0
2009-08-26,504.0
2009-08-27,483.0
2009-08-28,475.0
2009-08-29,518.0
2009-08-30,522.0
2009-08-31,524.0
2009-09-01,518.0
2009-09-02,517.0
2009-09-03,514.0
2009-09-04,513.0
2009-09-05,535.0
2009-09-06,540.0
2009-09-07,538.0
2009-09-08,509.0
2009-09-09,486.0
2009-09-10,497.0
2009-09-11,471.0
2009-09-12,477.0
2009-09-13,520.0
2009-09-14,385.0
2009-09-15,379.0
2009-09-16,482.0
2009-09-17,581.0
2009-09-18,575.0
2009-09-19,571.0
2009-09-20,571.0
2009-09-21,559.0
2009-09-22,446.0
2009-09-23,448.0
2009-09-24,390.0
2009-09-25,323.0
2009-09-26,351.0
2009-09-27,337.0
2009-09-28,331.0
2009-09-29,436.0
2009-09-30,523.0
2009-10-01,534.0
2009-10-02,535.0
2009-10-03,543.0
2009-10-04,547.0
2009-10-05,533.0
2009-10-06,350.0
2009-10-07,274.0
2009-10-08,253.0
2009-10-09,252.0
2009-10-10,224.0
2009-10-11,216.0
2009-10-12,177.0
2009-10-13,166.0
2009-10-14,166.0
2009-10-15,240.0
2009-10-16,251.0
2009-10-17,248.0
2009-10-18,245.0
2009-10-19,243.0
2009-10-20,243.0
2009-10-21,230.0
2009-10-22,231.0
2009-10-23,225.0
2009-10-24,207.0
2009-10-25,209.0
2009-10-26,203.0
2009-10-27,196.0
2009-10-28,211.0
2009-10-29,166.0
2009-10-30,139.0
2009-10-31,159.0
2009-11-01,173.0
2009-11-02,171.0
2009-11-03,168.0
2009-11-04,210.0
2009-11-05,216.0
2009-11-06,256.0
2009-11-07,244.0
2009-11-08,242.0
2009-11-09,245.0
2009-11-10,204.0
2009-11-11,199.0
2009-11-12,201.0
2009-11-13,201.0
2009-11-14,200.0
2009-11-15,193.0
2009-11-16,165.0
2009-11-17,178.0
2009-11-18,184.0
2009-11-19,177.0
2009-11-20,182.0
2009-11-21,183.0
2009-11-22,188.0
2009-11-23,182.0
2009-11-24,205.0
2009-11-25,213.0
2009-11-26,218.0
2009-11-27,215.0
2009-11-28,238.0
2009-11-29,229.0
2009-11-30,204.0
2009-12-01,212.0
2009-12-02,248.0
2009-12-03,222.0
2009-12-04,212.0
2009-12-05,244.0
2009-12-06,302.0
2009-12-07,300.0
2009-12-08,262.0
2009-12-09,224.0
2009-12-10,248.0
2009-12-11,229.0
2009-12-12,195.0
2009-12-13,206.0
2009-12-14,207.0
2009-12-15,209.0
2009-12-16,221.0
2009-12-17,227.0
2009-12-18,250.0
2009-12-19,248.0
2009-12-20,247.0
2009-12-21,248.0
2009-12-22,248.0
2009-12-23,234.0
2009-12-24,200.0
2009-12-25,208.0
2009-12-26,220.0
2009-12-27,204.0
2009-12-28,200.0
2009-12-29,208.0
2009-12-30,200.0
2009-12-31,195.0
2010-01-01,201.0
2010-01-02,200.0
2010-01-03,201.0
2010-01-04,197.0
2010-01-05,222.0
2010-01-06,210.0
2010-01-07,221.0
2010-01-08,254.0
2010-01-09,263.0
2010-01-10,265.0
2010-01-11,255.0
2010-01-12,254.0
2010-01-13,253.0
2010-01-14,252.0
2010-01-15,253.0
2010-01-16,253.0
2010-01-17,251.0
2010-01-18,253.0
2010-01-19,254.0
2010-01-20,248.0
2010-01-21,225.0
2010-01-22,224.0
2010-01-23,225.0
2010-01-24,222.0
2010-01-25,221.0
2010-01-26,221.0
2010-01-27,223.0
2010-01-28,224.0
2010-01-29,223.0
2010-01-30,223.0
2010-01-31,224.0
2010-02-01,223.0
2010-02-02,222.0
2010-02-03,222.0
2010-02-04,222.0
2010-02-05,222.0
2010-02-06,222.0
2010-02-07,222.0
2010-02-08,222.0
2010-02-09,219.0
2010-02-10,196.0
2010-02-11,197.0
2010-02-12,199.0
2010-02-13,215.0
2010-02-14,215.0
2010-02-15,211.0
2010-02-16,214.0
2010-02-17,213.0
2010-02-18,213.0
2010-02-19,213.0
2010-02-20,213.0
2010-02-21,214.0
2010-02-22,214.0
2010-02-23,212.0
2010-02-24,212.0
2010-02-25,216.0
2010-02-26,215.0
2010-02-27,214.0
2010-02-28,216.0
2010-03-01,217.0
2010-03-02,220.0
2010-03-03,240.0
2010-03-04,241.0
2010-03-05,242.0
2010-03-06,244.0
2010-03-07,248.0
2010-03-08,242.0
2010-03-09,194.0
2010-03-10,193.0
2010-03-11,192.0
2010-03-12,187.0
2010-03-13,193.0
2010-03-14,197.0
2010-03-15,194.0
2010-03-16,195.0
2010-03-17,201.0
2010-03-18,211.0
2010-03-19,221.0
2010-03-20,203.0
2010-03-21,207.0
2010-03-22,226.0
2010-03-23,235.0
2010-03-24,221.0
2010-03-25,178.0
2010-03-26,229.0
2010-03-27,231.0
2010-03-28,224.0
2010-03-29,238.0
2010-03-30,228.0
2010-03-31,266.0
2010-04-01,282.0
2010-04-02,294.0
2010-04-03,358.0
2010-04-04,351.0
2010-04-05,355.0
2010-04-06,383.0
2010-04-07,368.0
2010-04-08,324.0
2010-04-09,332.0
2010-04-10,367.0
2010-04-11,384.0
2010-04-12,410.0
2010-04-13,424.0
2010-04-14,374.0
2010-04-15,348.0
2010-04-16,367.0
2010-04-17,400.0
2010-04-18,398.0
2010-04-19,415.0
2010-04-20,423.0
2010-04-21,434.0
2010-04-22,503.0
2010-04-23,428.0
2010-04-24,381.0
2010-04-25,374.0
2010-04-26,389.0
2010-04-27,396.0
2010-04-28,421.0
2010-04-29,463.0
2010-04-30,452.0
2010-05-01,456.0
2010-05-02,436.0
2010-05-03,416.0
2010-05-04,399.0
2010-05-05,392.0
2010-05-06,396.0
2010-05-07,387.0
2010-05-08,369.0
2010-05-09,360.0
2010-05-10,349.0
2010-05-11,350.0
2010-05-12,349.0
2010-05-13,343.0
2010-05-14,356.0
2010-05-15,428.0
2010-05-16,470.0
2010-05-17,520.0
2010-05-18,625.0
2010-05-19,708.0
2010-05-20,709.0
2010-05-21,718.0
2010-05-22,702.0
2010-05-23,737.0
2010-05-24,761.0
2010-05-25,659.0
2010-05-26,602.0
2010-05-27,631.0
2010-05-28,737.0
2010-05-29,750.0
2010-05-30,701.0
2010-05-31,660.0
2010-06-01,645.0
2010-06-02,623.0
2010-06-03,601.0
2010-06-04,587.0
2010-06-05,632.0
2010-06-06,729.0
2010-06-07,937.0
2010-06-08,1100.0
2010-06-09,1120.0
2010-06-10,1130.0
2010-06-11,1090.0
2010-06-12,1010.0
2010-06-13,1110.0
2010-06-14,1270.0
2010-06-15,1190.0
2010-06-16,1170.0
2010-06-17,1190.0
2010-06-18,1100.0
2010-06-19,913.0
2010-06-20,849.0
2010-06-21,794.0
2010-06-22,734.0
2010-06-23,722.0
2010-06-24,711.0
2010-06-25,728.0
2010-06-26,692.0
2010-06-27,701.0
2010-06-28,691.0
2010-06-29,661.0
2010-06-30,679.0
2010-07-01,741.0
2010-07-02,811.0
2010-07-03,819.0
2010-07-04,764.0
2010-07-05,823.0
2010-07-06,790.0
2010-07-07,734.0
2010-07-08,574.0
2010-07-09,511.0
2010-07-10,474.0
2010-07-11,458.0
2010-07-12,498.0
2010-07-13,528.0
2010-07-14,574.0
2010-07-15,628.0
2010-07-16,648.0
2010-07-17,595.0
2010-07-18,603.0
2010-07-19,649.0
2010-07-20,677.0
2010-07-21,774.0
2010-07-22,595.0
2010-07-23,528.0
2010-07-24,551.0
2010-07-25,607.0
2010-07-26,632.0
2010-07-27,577.0
2010-07-28,698.0
2010-07-29,706.0
2010-07-30,648.0
2010-07-31,557.0
2010-08-01,552.0
2010-08-02,581.0
2010-08-03,720.0
2010-08-04,902.0
2010-08-05,898.0
2010-08-06,907.0
2010-08-07,982.0
2010-08-08,1040.0
2010-08-09,1050.0
2010-08-10,1050.0
2010-08-11,961.0
2010-08-12,934.0
2010-08-13,988.0
2010-08-14,986.0
2010-08-15,1010.0
2010-08-16,994.0
2010-08-17,891.0
2010-08-18,712.0
2010-08-19,620.0
2010-08-20,562.0
2010-08-21,527.0
2010-08-22,596.0
2010-08-23,597.0
2010-08-24,584.0
2010-08-25,563.0
2010-08-26,471.0
2010-08-27,468.0
2010-08-28,560.0
2010-08-29,556.0
2010-08-30,558.0
2010-08-31,555.0
2010-09-01,552.0
2010-09-02,550.0
2010-09-03,550.0
2010-09-04,506.0
2010-09-05,532.0
2010-09-06,573.0
2010-09-07,571.0
2010-09-08,566.0
2010-09-09,574.0
2010-09-10,577.0
2010-09-11,520.0
2010-09-12,516.0
2010-09-13,469.0
2010-09-14,394.0
2010-09-15,511.0
2010-09-16,550.0
2010-09-17,548.0
2010-09-18,499.0
2010-09-19,499.0
2010-09-20,496.0
2010-09-21,506.0
2010-09-22,495.0
2010-09-23,512.0
2010-09-24,431.0
2010-09-25,429.0
2010-09-26,428.0
2010-09-27,438.0
2010-09-28,525.0
2010-09-29,579.0
2010-09-30,555.0
2010-10-01,555.0
2010-10-02,541.0
2010-10-03,540.0
2010-10-04,540.0
2010-10-05,541.0
2010-10-06,541.0
2010-10-07,559.0
2010-10-08,549.0
2010-10-09,499.0
2010-10-10,492.0
2010-10-11,499.0
2010-10-12,551.0
2010-10-13,604.0
2010-10-14,472.0
2010-10-15,417.0
2010-10-16,421.0
2010-10-17,419.0
2010-10-18,420.0
2010-10-19,434.0
2010-10-20,393.0
2010-10-21,371.0
2010-10-22,378.0
2010-10-23,384.0
2010-10-24,375.0
2010-10-25,380.0
2010-10-26,373.0
2010-10-27,317.0
2010-10-28,310.0
2010-10-29,315.0
2010-10-30,309.0
2010-10-31,315.0
2010-11-01,300.0
2010-11-02,291.0
2010-11-03,356.0
2010-11-04,395.0
2010-11-05,323.0
2010-11-06,319.0
2010-11-07,344.0
2010-11-08,320.0
2010-11-09,312.0
2010-11-10,220.0
2010-11-11,269.0
2010-11-12,258.0
2010-11-13,252.0
2010-11-14,251.0
2010-11-15,260.0
2010-11-16,233.0
2010-11-17,235.0
2010-11-18,230.0
2010-11-19,236.0
2010-11-20,231.0
2010-11-21,234.0
2010-11-22,228.0
2010-11-23,221.0
2010-11-24,278.0
2010-11-25,254.0
2010-11-26,258.0
2010-11-27,273.0
2010-11-28,283.0
2010-11-29,283.0
2010-11-30,250.0
2010-12-01,198.0
2010-12-02,200.0
2010-12-03,202.0
2010-12-04,202.0
2010-12-05,198.0
2010-12-06,194.0
2010-12-07,197.0
2010-12-08,162.0
2010-12-09,172.0
2010-12-10,169.0
2010-12-11,163.0
2010-12-12,154.0
2010-12-13,178.0
2010-12-14,169.0
2010-12-15,171.0
2010-12-16,200.0
2010-12-17,194.0
2010-12-18,129.0
2010-12-19,156.0
2010-12-20,159.0
2010-12-21,168.0
2010-12-22,163.0
2010-12-23,200.0
2010-12-24,200.0
2010-12-25,174.0
2010-12-26,168.0
2010-12-27,178.0
2010-12-28,184.0
2010-12-29,174.0
2010-12-30,276.0
2010-12-31,264.0
2011-01-01,269.0
2011-01-02,290.0
2011-01-03,265.0
2011-01-04,229.0
2011-01-05,234.0
2011-01-06,248.0
2011-01-07,222.0
2011-01-08,193.0
2011-01-09,203.0
2011-01-10,200.0
2011-01-11,213.0
2011-01-12,341.0
2011-01-13,288.0
2011-01-14,210.0
2011-01-15,212.0
2011-01-16,210.0
2011-01-17,209.0
2011-01-18,210.0
2011-01-19,199.0
2011-01-20,211.0
2011-01-21,293.0
2011-01-22,295.0
2011-01-23,293.0
2011-01-24,262.0
2011-01-25,221.0
2011-01-26,225.0
2011-01-27,225.0
2011-01-28,227.0
2011-01-29,228.0
2011-01-30,227.0
2011-01-31,200.0
2011-02-01,201.0
2011-02-02,264.0
2011-02-03,249.0
2011-02-04,216.0
2011-02-05,201.0
2011-02-06,193.0
2011-02-07,195.0
2011-02-08,172.0
2011-02-09,195.0
2011-02-10,209.0
2011-02-11,217.0
2011-02-12,216.0
2011-02-13,198.0
2011-02-14,164.0
2011-02-15,162.0
2011-02-16,176.0
2011-02-17,218.0
2011-02-18,201.0
2011-02-19,187.0
2011-02-20,187.0
2011-02-21,176.0
2011-02-22,176.0
2011-02-23,177.0
2011-02-24,173.0
2011-02-25,190.0
2011-02-26,211.0
2011-02-27,207.0
2011-02-28,206.0
2011-03-01,206.0
2011-03-02,213.0
2011-03-03,212.0
2011-03-04,204.0
2011-03-05,199.0
2011-03-06,205.0
2011-03-07,210.0
2011-03-08,203.0
2011-03-09,205.0
2011-03-10,211.0
2011-03-11,216.0
2011-03-12,209.0
2011-03-13,212.0
2011-03-14,211.0
2011-03-15,214.0
2011-03-16,217.0
2011-03-17,218.0
2011-03-18,209.0
2011-03-19,201.0
2011-03-20,199.0
2011-03-21,194.0
2011-03-22,190.0
2011-03-23,193.0
2011-03-24,223.0
2011-03-25,218.0
2011-03-26,217.0
2011-03-27,218.0
2011-03-28,221.0
2011-03-29,220.0
2011-03-30,227.0
2011-03-31,260.0
2011-04-01,275.0
2011-04-02,279.0
2011-04-03,287.0
2011-04-04,291.0
2011-04-05,278.0
2011-04-06,278.0
2011-04-07,280.0
2011-04-08,277.0
2011-04-09,276.0
2011-04-10,276.0
2011-04-11,279.0
2011-04-12,299.0
2011-04-13,344.0
2011-04-14,455.0
2011-04-15,449.0
2011-04-16,342.0
2011-04-17,331.0
2011-04-18,353.0
2011-04-19,473.0
2011-04-20,477.0
2011-04-21,429.0
2011-04-22,433.0
2011-04-23,492.0
2011-04-24,571.0
2011-04-25,507.0
2011-04-26,424.0
2011-04-27,404.0
2011-04-28,362.0
2011-04-29,363.0
2011-04-30,362.0
2011-05-01,417.0
2011-05-02,410.0
2011-05-03,429.0
2011-05-04,537.0
2011-05-05,551.0
2011-05-06,445.0
2011-05-07,508.0
2011-05-08,572.0
2011-05-09,580.0
2011-05-10,582.0
2011-05-11,579.0
2011-05-12,407.0
2011-05-13,407.0
2011-05-14,475.0
2011-05-15,491.0
2011-05-16,503.0
2011-05-17,512.0
2011-05-18,493.0
2011-05-19,498.0
2011-05-20,431.0
2011-05-21,377.0
2011-05-22,386.0
2011-05-23,518.0
2011-05-24,548.0
2011-05-25,505.0
2011-05-26,408.0
2011-05-27,439.0
2011-05-28,369.0
2011-05-29,410.0
2011-05-30,519.0
2011-05-31,405.0
2011-06-01,418.0
2011-06-02,475.0
2011-06-03,547.0
2011-06-04,473.0
2011-06-05,507.0
2011-06-06,543.0
2011-06-07,565.0
2011-06-08,582.0
2011-06-09,702.0
2011-06-10,727.0
2011-06-11,735.0
2011-06-12,718.0
2011-06-13,726.0
2011-06-14,775.0
2011-06-15,823.0
2011-06-16,837.0
2011-06-17,867.0
2011-06-18,862.0
2011-06-19,843.0
2011-06-20,920.0
2011-06-21,750.0
2011-06-22,569.0
2011-06-23,603.0
2011-06-24,620.0
2011-06-25,668.0
2011-06-26,663.0
2011-06-27,669.0
2011-06-28,719.0
2011-06-29,822.0
2011-06-30,955.0
2011-07-01,1190.0
2011-07-02,1240.0
2011-07-03,1290.0
2011-07-04,1280.0
2011-07-05,1300.0
2011-07-06,1340.0
2011-07-07,1350.0
2011-07-08,1280.0
2011-07-09,1180.0
2011-07-10,1190.0
2011-07-11,1190.0
2011-07-12,1240.0
2011-07-13,1270.0
2011-07-14,1220.0
2011-07-15,1160.0
2011-07-16,1110.0
2011-07-17,1080.0
2011-07-18,1000.0
2011-07-19,850.0
2011-07-20,856.0
2011-07-21,828.0
2011-07-22,802.0
2011-07-23,776.0
2011-07-24,758.0
2011-07-25,746.0
2011-07-26,726.0
2011-07-27,663.0
2011-07-28,592.0
2011-07-29,554.0
2011-07-30,575.0
2011-07-31,549.0
2011-08-01,578.0
2011-08-02,619.0
2011-08-03,689.0
2011-08-04,750.0
2011-08-05,764.0
2011-08-06,718.0
2011-08-07,685.0
2011-08-08,653.0
2011-08-09,668.0
2011-08-10,749.0
2011-08-11,791.0
2011-08-12,801.0
2011-08-13,770.0
2011-08-14,772.0
2011-08-15,755.0
2011-08-16,659.0
2011-08-17,649.0
2011-08-18,571.0
2011-08-19,579.0
2011-08-20,646.0
2011-08-21,641.0
2011-08-22,634.0
2011-08-23,628.0
2011-08-24,625.0
2011-08-25,662.0
2011-08-26,663.0
2011-08-27,673.0
2011-08-28,677.0
2011-08-29,661.0
2011-08-30,616.0
2011-08-31,601.0
2011-09-01,552.0
2011-09-02,538.0
2011-09-03,533.0
2011-09-04,531.0
2011-09-05,528.0
2011-09-06,531.0
2011-09-07,551.0
2011-09-08,484.0
2011-09-09,403.0
2011-09-10,461.0
2011-09-11,517.0
2011-09-12,514.0
2011-09-13,597.0
2011-09-14,668.0
2011-09-15,577.0
2011-09-16,507.0
2011-09-17,493.0
2011-09-18,484.0
2011-09-19,478.0
2011-09-20,484.0
2011-09-21,469.0
2011-09-22,463.0
2011-09-23,457.0
2011-09-24,462.0
2011-09-25,494.0
2011-09-26,490.0
2011-09-27,491.0
2011-09-28,512.0
2011-09-29,510.0
2011-09-30,499.0
2011-10-01,463.0
2011-10-02,473.0
2011-10-03,469.0
2011-10-04,409.0
2011-10-05,417.0
2011-10-06,412.0
2011-10-07,411.0
2011-10-08,419.0
2011-10-09,327.0
2011-10-10,325.0
2011-10-11,304.0
2011-10-12,302.0
2011-10-13,301.0
2011-10-14,331.0
2011-10-15,324.0
2011-10-16,292.0
2011-10-17,291.0
2011-10-18,292.0
2011-10-19,266.0
2011-10-20,217.0
2011-10-21,213.0
2011-10-22,277.0
2011-10-23,277.0
2011-10-24,270.0
2011-10-25,240.0
2011-10-26,258.0
2011-10-27,233.0
2011-10-28,239.0
2011-10-29,200.0
2011-10-30,212.0
2011-10-31,210.0
2011-11-01,193.0
2011-11-02,214.0
2011-11-03,185.0
2011-11-04,205.0
2011-11-05,211.0
2011-11-06,198.0
2011-11-07,194.0
2011-11-08,196.0
2011-11-09,184.0
2011-11-10,183.0
2011-11-11,270.0
2011-11-12,276.0
2011-11-13,241.0
2011-11-14,235.0
2011-11-15,214.0
2011-11-16,208.0
2011-11-17,200.0
2011-11-18,212.0
2011-11-19,212.0
2011-11-20,209.0
2011-11-21,209.0
2011-11-22,207.0
2011-11-23,207.0
2011-11-24,206.0
2011-11-25,210.0
2011-11-26,204.0
2011-11-27,195.0
2011-11-28,205.0
2011-11-29,185.0
2011-11-30,164.0
2011-12-01,174.0
2011-12-02,193.0
2011-12-03,200.0
2011-12-04,205.0
2011-12-05,205.0
2011-12-06,205.0
2011-12-07,215.0
2011-12-08,215.0
2011-12-09,220.0
2011-12-10,215.0
2011-12-11,215.0
2011-12-12,200.0
2011-12-13,189.0
2011-12-14,191.0
2011-12-15,185.0
2011-12-16,180.0
2011-12-17,180.0
2011-12-18,180.0
2011-12-19,182.0
2011-12-20,180.0
2011-12-21,170.0
2011-12-22,165.0
2011-12-23,155.0
2011-12-24,155.0
2011-12-25,160.0
2011-12-26,160.0
2011-12-27,160.0
2011-12-28,160.0
2011-12-29,170.0
2011-12-30,175.0
2011-12-31,175.0
2012-01-01,175.0
2012-01-02,180.0
2012-01-03,180.0
2012-01-04,175.0
2012-01-05,175.0
2012-01-06,175.0
2012-01-07,175.0
2012-01-08,174.0
2012-01-09,175.0
2012-01-10,180.0
2012-01-11,175.0
2012-01-12,160.0
2012-01-13,160.0
2012-01-14,165.0
2012-01-15,170.0
2012-01-16,180.0
2012-01-17,185.0
2012-01-18,185.0
2012-01-19,185.0
2012-01-20,175.0
2012-01-21,160.0
2012-01-22,160.0
2012-01-23,160.0
2012-01-24,160.0
2012-01-25,155.0
2012-01-26,155.0
2012-01-27,155.0
2012-01-28,170.0
2012-01-29,175.0
2012-01-30,175.0
2012-01-31,175.0
2012-02-01,165.0
2012-02-02,130.0
2012-02-03,120.0
2012-02-04,120.0
2012-02-05,180.0
2012-02-06,220.0
2012-02-07,210.0
2012-02-08,160.0
2012-02-09,200.0
2012-02-10,205.0
2012-02-11,205.0
2012-02-12,210.0
2012-02-13,215.0
2012-02-14,220.0
2012-02-15,225.0
2012-02-16,255.0
2012-02-17,240.0
2012-02-18,210.0
2012-02-19,210.0
2012-02-20,205.0
2012-02-21,210.0
2012-02-22,215.0
2012-02-23,200.0
2012-02-24,200.0
2012-02-25,205.0
2012-02-26,210.0
2012-02-27,210.0
2012-02-28,205.0
2012-02-29,220.0
2012-03-01,240.0
2012-03-02,245.0
2012-03-03,270.0
2012-03-04,300.0
2012-03-05,290.0
2012-03-06,245.0
2012-03-07,241.0
2012-03-08,221.0
2012-03-09,227.0
2012-03-10,272.0
2012-03-11,279.0
2012-03-12,276.0
2012-03-13,275.0
2012-03-14,253.0
2012-03-15,254.0
2012-03-16,258.0
2012-03-17,262.0
2012-03-18,267.0
2012-03-19,258.0
2012-03-20,257.0
2012-03-21,260.0
2012-03-22,238.0
2012-03-23,263.0
2012-03-24,298.0
2012-03-25,302.0
2012-03-26,300.0
2012-03-27,303.0
2012-03-28,287.0
2012-03-29,290.0
2012-03-30,324.0
2012-03-31,352.0
2012-04-01,422.0
2012-04-02,437.0
2012-04-03,430.0
2012-04-04,416.0
2012-04-05,351.0
2012-04-06,349.0
2012-04-07,364.0
2012-04-08,383.0
2012-04-09,469.0
2012-04-10,477.0
2012-04-11,488.0
2012-04-12,505.0
2012-04-13,480.0
2012-04-14,384.0
2012-04-15,387.0
2012-04-16,303.0
2012-04-17,297.0
2012-04-18,345.0
2012-04-19,357.0
2012-04-20,415.0
2012-04-21,417.0
2012-04-22,414.0
2012-04-23,419.0
2012-04-24,433.0
2012-04-25,479.0
2012-04-26,476.0
2012-04-27,486.0
2012-04-28,425.0
2012-04-29,297.0
2012-04-30,289.0
2012-05-01,412.0
2012-05-02,425.0
2012-05-03,472.0
2012-05-04,517.0
2012-05-05,521.0
2012-05-06,514.0
2012-05-07,476.0
2012-05-08,366.0
2012-05-09,331.0
2012-05-10,342.0
2012-05-11,380.0
2012-05-12,389.0
2012-05-13,423.0
2012-05-14,400.0
2012-05-15,405.0
2012-05-16,506.0
2012-05-17,548.0
2012-05-18,615.0
2012-05-19,590.0
2012-05-20,521.0
2012-05-21,441.0
2012-05-22,445.0
2012-05-23,487.0
2012-05-24,481.0
2012-05-25,414.0
2012-05-26,413.0
2012-05-27,443.0
2012-05-28,447.0
2012-05-29,514.0
2012-05-30,564.0
2012-05-31,568.0
2012-06-01,569.0
2012-06-02,572.0
2012-06-03,579.0
2012-06-04,564.0
2012-06-05,522.0
2012-06-06,525.0
2012-06-07,566.0
2012-06-08,543.0
2012-06-09,433.0
2012-06-10,544.0
2012-06-11,552.0
2012-06-12,595.0
2012-06-13,595.0
2012-06-14,598.0
2012-06-15,596.0
2012-06-16,601.0
2012-06-17,598.0
2012-06-18,587.0
2012-06-19,583.0
2012-06-20,612.0
2012-06-21,612.0
2012-06-22,610.0
2012-06-23,606.0
2012-06-24,604.0
2012-06-25,604.0
2012-06-26,603.0
2012-06-27,601.0
2012-06-28,613.0
2012-06-29,648.0
2012-06-30,645.0
2012-07-01,664.0
2012-07-02,689.0
2012-07-03,692.0
2012-07-04,693.0
2012-07-05,698.0
2012-07-06,744.0
2012-07-07,780.0
2012-07-08,542.0
2012-07-09,428.0
2012-07-10,412.0
2012-07-11,541.0
2012-07-12,612.0
2012-07-13,694.0
2012-07-14,689.0
2012-07-15,687.0
2012-07-16,709.0
2012-07-17,738.0
2012-07-18,688.0
2012-07-19,684.0
2012-07-20,679.0
2012-07-21,675.0
2012-07-22,676.0
2012-07-23,681.0
2012-07-24,694.0
2012-07-25,662.0
2012-07-26,622.0
2012-07-27,661.0
2012-07-28,676.0
2012-07-29,688.0
2012-07-30,624.0
2012-07-31,676.0
2012-08-01,638.0
2012-08-02,550.0
2012-08-03,545.0
2012-08-04,615.0
2012-08-05,646.0
2012-08-06,652.0
2012-08-07,694.0
2012-08-08,691.0
2012-08-09,701.0
2012-08-10,700.0
2012-08-11,708.0
2012-08-12,703.0
2012-08-13,698.0
2012-08-14,682.0
2012-08-15,574.0
2012-08-16,619.0
2012-08-17,618.0
2012-08-18,602.0
2012-08-19,600.0
2012-08-20,607.0
2012-08-21,677.0
2012-08-22,674.0
2012-08-23,731.0
2012-08-24,647.0
2012-08-25,586.0
2012-08-26,575.0
2012-08-27,595.0
2012-08-28,671.0
2012-08-29,671.0
2012-08-30,662.0
2012-08-31,635.0
2012-09-01,629.0
2012-09-02,629.0
2012-09-03,616.0
2012-09-04,569.0
2012-09-05,563.0
2012-09-06,567.0
2012-09-07,552.0
2012-09-08,481.0
2012-09-09,435.0
2012-09-10,475.0
2012-09-11,559.0
2012-09-12,546.0
2012-09-13,413.0
2012-09-14,332.0
2012-09-15,287.0
2012-09-16,320.0
2012-09-17,374.0
2012-09-18,460.0
2012-09-19,453.0
2012-09-20,415.0
2012-09-21,414.0
2012-09-22,417.0
2012-09-23,462.0
2012-09-24,465.0
2012-09-25,463.0
2012-09-26,377.0
2012-09-27,298.0
2012-09-28,289.0
2012-09-29,284.0
2012-09-30,281.0
2012-10-01,287.0
2012-10-02,328.0
2012-10-03,337.0
2012-10-04,294.0
2012-10-05,368.0
2012-10-06,377.0
2012-10-07,361.0
2012-10-08,348.0
2012-10-09,302.0
2012-10-10,298.0
2012-10-11,281.0
2012-10-12,281.0
2012-10-13,286.0
2012-10-14,284.0
2012-10-15,287.0
2012-10-16,325.0
2012-10-17,324.0
2012-10-18,319.0
2012-10-19,321.0
2012-10-20,323.0
2012-10-21,322.0
2012-10-22,321.0
2012-10-23,319.0
2012-10-24,321.0
2012-10-25,326.0
2012-10-26,274.0
2012-10-27,266.0
2012-10-28,273.0
2012-10-29,276.0
2012-10-30,231.0
2012-10-31,226.0
2012-11-01,226.0
2012-11-02,258.0
2012-11-03,268.0
2012-11-04,271.0
2012-11-05,275.0
2012-11-06,274.0
2012-11-07,279.0
2012-11-08,300.0
2012-11-09,280.0
2012-11-10,309.0
2012-11-11,296.0
2012-11-12,291.0
2012-11-13,297.0
2012-11-14,260.0
2012-11-15,258.0
2012-11-16,249.0
2012-11-17,230.0
2012-11-18,238.0
2012-11-19,236.0
2012-11-20,235.0
2012-11-21,235.0
2012-11-22,235.0
2012-11-23,231.0
2012-11-24,234.0
2012-11-25,231.0
2012-11-26,228.0
2012-11-27,220.0
2012-11-28,228.0
2012-11-29,225.0
2012-11-30,177.0
2012-12-01,220.0
2012-12-02,221.0
2012-12-03,226.0
2012-12-04,268.0
2012-12-05,294.0
2012-12-06,294.0
2012-12-07,287.0
2012-12-08,288.0
2012-12-09,292.0
2012-12-10,269.0
2012-12-11,285.0
2012-12-12,284.0
2012-12-13,283.0
2012-12-14,285.0
2012-12-15,286.0
2012-12-16,282.0
2012-12-17,280.0
2012-12-18,283.0
2012-12-19,281.0
2012-12-20,245.0
2012-12-21,272.0
2012-12-22,264.0
2012-12-23,267.0
2012-12-24,261.0
2012-12-25,267.0
2012-12-26,265.0
2012-12-27,280.0
2012-12-28,280.0
2012-12-29,280.0
2012-12-30,280.0
2012-12-31,275.0
2013-01-01,250.0
2013-01-02,250.0
2013-01-03,250.0
2013-01-04,270.0
2013-01-05,300.0
2013-01-06,320.0
2013-01-07,307.0
2013-01-08,275.0
2013-01-09,278.0
2013-01-10,275.0
2013-01-11,278.0
2013-01-12,255.0
2013-01-13,250.0
2013-01-14,250.0
2013-01-15,255.0
2013-01-16,262.0
2013-01-17,265.0
2013-01-18,263.0
2013-01-19,267.0
2013-01-20,268.0
2013-01-21,270.0
2013-01-22,275.0
2013-01-23,276.0
2013-01-24,277.0
2013-01-25,273.0
2013-01-26,283.0
2013-01-27,286.0
2013-01-28,270.0
2013-01-29,205.0
2013-01-30,170.0
2013-01-31,160.0
2013-02-01,164.0
2013-02-02,165.0
2013-02-03,165.0
2013-02-04,165.0
2013-02-05,170.0
2013-02-06,157.0
2013-02-07,151.0
2013-02-08,144.0
2013-02-09,145.0
2013-02-10,145.0
2013-02-11,140.0
2013-02-12,135.0
2013-02-13,136.0
2013-02-14,137.0
2013-02-15,138.0
2013-02-16,140.0
2013-02-17,139.0
2013-02-18,142.0
2013-02-19,145.0
2013-02-20,148.0
2013-02-21,149.0
2013-02-22,149.0
2013-02-23,160.0
2013-02-24,150.0
2013-02-25,145.0
2013-02-26,150.0
2013-02-27,155.0
2013-02-28,156.0
2013-03-01,161.0
2013-03-02,160.0
2013-03-03,154.0
2013-03-04,152.0
2013-03-05,158.0
2013-03-06,182.0
2013-03-07,187.0
2013-03-08,188.0
2013-03-09,191.0
2013-03-10,187.0
2013-03-11,186.0
2013-03-12,191.0
2013-03-13,194.0
2013-03-14,199.0
2013-03-15,192.0
2013-03-16,194.0
2013-03-17,188.0
2013-03-18,180.0
2013-03-19,157.0
2013-03-20,153.0
2013-03-21,140.0
2013-03-22,135.0
2013-03-23,132.0
2013-03-24,115.0
2013-03-25,128.0
2013-03-26,139.0
2013-03-27,147.0
2013-03-28,163.0
2013-03-29,183.0
2013-03-30,242.0
2013-03-31,248.0
2013-04-01,251.0
2013-04-02,255.0
2013-04-03,246.0
2013-04-04,245.0
2013-04-05,233.0
2013-04-06,217.0
2013-04-07,218.0
2013-04-08,217.0
2013-04-09,217.0
2013-04-10,200.0
2013-04-11,208.0
2013-04-12,210.0
2013-04-13,173.0
2013-04-14,157.0
2013-04-15,149.0
2013-04-16,146.0
2013-04-17,152.0
2013-04-18,141.0
2013-04-19,141.0
2013-04-20,168.0
2013-04-21,168.0
2013-04-22,172.0
2013-04-23,173.0
2013-04-24,164.0
2013-04-25,173.0
2013-04-26,208.0
2013-04-27,214.0
2013-04-28,248.0
2013-04-29,265.0
2013-04-30,279.0
2013-05-01,294.0
2013-05-02,265.0
2013-05-03,212.0
2013-05-04,161.0
2013-05-05,156.0
2013-05-06,151.0
2013-05-07,186.0
2013-05-08,203.0
2013-05-09,299.0
2013-05-10,274.0
2013-05-11,252.0
2013-05-12,258.0
2013-05-13,281.0
2013-05-14,317.0
2013-05-15,348.0
2013-05-16,358.0
2013-05-17,390.0
2013-05-18,429.0
2013-05-19,342.0
2013-05-20,303.0
2013-05-21,284.0
2013-05-22,286.0
2013-05-23,304.0
2013-05-24,379.0
2013-05-25,483.0
2013-05-26,446.0
2013-05-27,425.0
2013-05-28,414.0
2013-05-29,349.0
2013-05-30,304.0
2013-05-31,272.0
2013-06-01,252.0
2013-06-02,304.0
2013-06-03,383.0
2013-06-04,494.0
2013-06-05,501.0
2013-06-06,466.0
2013-06-07,432.0
2013-06-08,392.0
2013-06-09,403.0
2013-06-10,413.0
2013-06-11,401.0
2013-06-12,336.0
2013-06-13,320.0
2013-06-14,433.0
2013-06-15,434.0
2013-06-16,444.0
2013-06-17,439.0
2013-06-18,454.0
2013-06-19,445.0
2013-06-20,436.0
2013-06-21,434.0
2013-06-22,487.0
2013-06-23,483.0
2013-06-24,476.0
2013-06-25,468.0
2013-06-26,457.0
2013-06-27,461.0
2013-06-28,502.0
2013-06-29,519.0
2013-06-30,536.0
2013-07-01,532.0
2013-07-02,533.0
2013-07-03,501.0
2013-07-04,456.0
2013-07-05,455.0
2013-07-06,466.0
2013-07-07,466.0
2013-07-08,484.0
2013-07-09,469.0
2013-07-10,461.0
2013-07-11,497.0
2013-07-12,534.0
2013-07-13,561.0
2013-07-14,570.0
2013-07-15,421.0
2013-07-16,403.0
2013-07-17,349.0
2013-07-18,424.0
2013-07-19,527.0
2013-07-20,521.0
2013-07-21,502.0
2013-07-22,492.0
2013-07-23,487.0
2013-07-24,508.0
2013-07-25,636.0
2013-07-26,583.0
2013-07-27,482.0
2013-07-28,488.0
2013-07-29,494.0
2013-07-30,473.0
2013-07-31,392.0
2013-08-01,505.0
2013-08-02,584.0
2013-08-03,577.0
2013-08-04,581.0
2013-08-05,571.0
2013-08-06,528.0
2013-08-07,475.0
2013-08-08,396.0
2013-08-09,572.0
2013-08-10,594.0
2013-08-11,588.0
2013-08-12,550.0
2013-08-13,578.0
2013-08-14,466.0
2013-08-15,447.0
2013-08-16,486.0
2013-08-17,490.0
2013-08-18,475.0
2013-08-19,482.0
2013-08-20,520.0
2013-08-21,482.0
2013-08-22,485.0
2013-08-23,526.0
2013-08-24,443.0
2013-08-25,439.0
2013-08-26,423.0
2013-08-27,438.0
2013-08-28,437.0
2013-08-29,430.0
2013-08-30,480.0
2013-08-31,519.0
2013-09-01,464.0
2013-09-02,474.0
2013-09-03,466.0
2013-09-04,476.0
2013-09-05,489.0
2013-09-06,510.0
2013-09-07,557.0
2013-09-08,557.0
2013-09-09,556.0
2013-09-10,686.0
2013-09-11,749.0
2013-09-12,541.0
2013-09-13,706.0
2013-09-14,673.0
2013-09-15,680.0
2013-09-16,902.0
2013-09-17,734.0
2013-09-18,768.0
2013-09-19,870.0
2013-09-20,808.0
2013-09-21,722.0
2013-09-22,693.0
2013-09-23,725.0
2013-09-24,658.0
2013-09-25,615.0
2013-09-26,557.0
2013-09-27,518.0
2013-09-28,508.0
2013-09-29,489.0
2013-09-30,411.0
2013-10-01,394.0
2013-10-02,385.0
2013-10-03,378.0
2013-10-04,376.0
2013-10-05,364.0
2013-10-06,355.0
2013-10-07,352.0
2013-10-08,337.0
2013-10-09,283.0
2013-10-10,276.0
2013-10-11,275.0
2013-10-12,284.0
2013-10-13,283.0
2013-10-14,275.0
2013-10-15,233.0
2013-10-16,226.0
2013-10-17,220.0
2013-10-18,217.0
2013-10-19,206.0
2013-10-20,210.0
2013-10-21,206.0
2013-10-22,204.0
2013-10-23,203.0
2013-10-24,202.0
2013-10-25,195.0
2013-10-26,195.0
2013-10-27,193.0
2013-10-28,192.0
2013-10-29,212.0
2013-10-30,214.0
2013-10-31,209.0
2013-11-01,233.0
2013-11-02,223.0
2013-11-03,231.0
2013-11-04,230.0
2013-11-05,264.0
2013-11-06,245.0
2013-11-07,271.0
2013-11-08,291.0
2013-11-09,283.0
2013-11-10,279.0
2013-11-11,268.0
2013-11-12,214.0
2013-11-13,167.0
2013-11-14,174.0
2013-11-15,161.0
2013-11-16,229.0
2013-11-17,236.0
2013-11-18,223.0
2013-11-19,232.0
2013-11-20,236.0
2013-11-21,208.0
2013-11-22,186.0
2013-11-23,180.0
2013-11-24,180.0
2013-11-25,180.0
2013-11-26,175.0
2013-11-27,170.0
2013-11-28,170.0
2013-11-29,175.0
2013-11-30,175.0
2013-12-01,175.0
2013-12-02,200.0
2013-12-03,200.0
2013-12-04,181.0
2013-12-05,143.0
2013-12-06,165.0
2013-12-07,170.0
2013-12-08,200.0
2013-12-09,215.0
2013-12-10,230.0
2013-12-11,230.0
2013-12-12,220.0
2013-12-13,200.0
2013-12-14,200.0
2013-12-15,200.0
2013-12-16,203.0
2013-12-17,200.0
2013-12-18,181.0
2013-12-19,179.0
2013-12-20,171.0
2013-12-21,165.0
2013-12-22,160.0
2013-12-23,165.0
2013-12-24,170.0
2013-12-25,175.0
2013-12-26,180.0
2013-12-27,183.0
2013-12-28,183.0
2013-12-29,180.0
2013-12-30,180.0
2013-12-31,180.0
2014-01-01,181.0
2014-01-02,180.0
2014-01-03,180.0
2014-01-04,170.0
2014-01-05,160.0
2014-01-06,180.0
2014-01-07,200.0
2014-01-08,210.0
2014-01-09,210.0
2014-01-10,200.0
2014-01-11,200.0
2014-01-12,200.0
2014-01-13,200.0
2014-01-14,200.0
2014-01-15,190.0
2014-01-16,190.0
2014-01-17,190.0
2014-01-18,190.0
2014-01-19,190.0
2014-01-20,190.0
2014-01-21,180.0
2014-01-22,180.0
2014-01-23,180.0
2014-01-24,180.0
2014-01-25,180.0
2014-01-26,180.0
2014-01-27,185.0
2014-01-28,190.0
2014-01-29,190.0
2014-01-30,188.0
2014-01-31,192.0
2014-02-01,191.0
2014-02-02,185.0
2014-02-03,190.0
2014-02-04,170.0
2014-02-05,120.0
2014-02-06,120.0
2014-02-07,160.0
2014-02-08,220.0
2014-02-09,220.0
2014-02-10,225.0
2014-02-11,215.0
2014-02-12,180.0
2014-02-13,178.0
2014-02-14,185.0
2014-02-15,188.0
2014-02-16,193.0
2014-02-17,192.0
2014-02-18,189.0
2014-02-19,190.0
2014-02-20,180.0
2014-02-21,170.0
2014-02-22,175.0
2014-02-23,180.0
2014-02-24,185.0
2014-02-25,180.0
2014-02-26,175.0
2014-02-27,180.0
2014-02-28,185.0
2014-03-01,180.0
2014-03-02,170.0
2014-03-03,180.0
2014-03-04,180.0
2014-03-05,185.0
2014-03-06,185.0
2014-03-07,190.0
2014-03-08,190.0
2014-03-09,185.0
2014-03-10,190.0
2014-03-11,180.0
2014-03-12,165.0
2014-03-13,170.0
2014-03-14,175.0
2014-03-15,170.0
2014-03-16,168.0
2014-03-17,183.0
2014-03-18,175.0
2014-03-19,163.0
2014-03-20,172.0
2014-03-21,174.0
2014-03-22,174.0
2014-03-23,167.0
2014-03-24,175.0
2014-03-25,188.0
2014-03-26,194.0
2014-03-27,196.0
2014-03-28,191.0
2014-03-29,178.0
2014-03-30,183.0
2014-03-31,183.0
2014-04-01,182.0
2014-04-02,186.0
2014-04-03,196.0
2014-04-04,153.0
2014-04-05,159.0
2014-04-06,155.0
2014-04-07,154.0
2014-04-08,152.0
2014-04-09,158.0
2014-04-10,167.0
2014-04-11,188.0
2014-04-12,260.0
2014-04-13,299.0
2014-04-14,361.0
2014-04-15,398.0
2014-04-16,347.0
2014-04-17,295.0
2014-04-18,293.0
2014-04-19,328.0
2014-04-20,357.0
2014-04-21,384.0
2014-04-22,445.0
2014-04-23,490.0
2014-04-24,548.0
2014-04-25,481.0
2014-04-26,459.0
2014-04-27,468.0
2014-04-28,442.0
2014-04-29,414.0
2014-04-30,421.0
2014-05-01,456.0
2014-05-02,488.0
2014-05-03,512.0
2014-05-04,594.0
2014-05-05,598.0
2014-05-06,510.0
2014-05-07,520.0
2014-05-08,516.0
2014-05-09,452.0
2014-05-10,448.0
2014-05-11,473.0
2014-05-12,448.0
2014-05-13,367.0
2014-05-14,369.0
2014-05-15,394.0
2014-05-16,443.0
2014-05-17,453.0
2014-05-18,475.0
2014-05-19,534.0
2014-05-20,644.0
2014-05-21,658.0
2014-05-22,562.0
2014-05-23,528.0
2014-05-24,563.0
2014-05-25,704.0
2014-05-26,647.0
2014-05-27,625.0
2014-05-28,709.0
2014-05-29,817.0
2014-05-30,982.0
2014-05-31,1240.0
2014-06-01,1370.0
2014-06-02,1370.0
2014-06-03,1340.0
2014-06-04,1320.0
2014-06-05,1320.0
2014-06-06,1390.0
2014-06-07,1380.0
2014-06-08,1380.0
2014-06-09,1220.0
2014-06-10,1230.0
2014-06-11,1180.0
2014-06-12,1100.0
2014-06-13,1240.0
2014-06-14,1240.0
2014-06-15,1180.0
2014-06-16,1090.0
2014-06-17,978.0
2014-06-18,991.0
2014-06-19,1030.0
2014-06-20,968.0
2014-06-21,954.0
2014-06-22,882.0
2014-06-23,784.0
2014-06-24,726.0
2014-06-25,862.0
2014-06-26,926.0
2014-06-27,891.0
2014-06-28,856.0
2014-06-29,821.0
2014-06-30,800.0
2014-07-01,774.0
2014-07-02,752.0
2014-07-03,737.0
2014-07-04,759.0
2014-07-05,784.0
2014-07-06,739.0
2014-07-07,718.0
2014-07-08,749.0
2014-07-09,718.0
2014-07-10,692.0
2014-07-11,768.0
2014-07-12,804.0
2014-07-13,880.0
2014-07-14,843.0
2014-07-15,840.0
2014-07-16,842.0
2014-07-17,898.0
2014-07-18,837.0
2014-07-19,797.0
2014-07-20,758.0
2014-07-21,727.0
2014-07-22,712.0
2014-07-23,724.0
2014-07-24,707.0
2014-07-25,666.0
2014-07-26,632.0
2014-07-27,617.0
2014-07-28,642.0
2014-07-29,641.0
2014-07-30,664.0
2014-07-31,806.0
2014-08-01,805.0
2014-08-02,809.0
2014-08-03,747.0
2014-08-04,690.0
2014-08-05,697.0
2014-08-06,694.0
2014-08-07,647.0
2014-08-08,651.0
2014-08-09,614.0
2014-08-10,580.0
2014-08-11,586.0
2014-08-12,555.0
2014-08-13,558.0
2014-08-14,641.0
2014-08-15,656.0
2014-08-16,629.0
2014-08-17,612.0
2014-08-18,605.0
2014-08-19,587.0
2014-08-20,540.0
2014-08-21,500.0
2014-08-22,480.0
2014-08-23,464.0
2014-08-24,450.0
2014-08-25,443.0
2014-08-26,440.0
2014-08-27,448.0
2014-08-28,426.0
2014-08-29,397.0
2014-08-30,388.0
2014-08-31,379.0
2014-09-01,387.0
2014-09-02,418.0
2014-09-03,410.0
2014-09-04,480.0
2014-09-05,528.0
2014-09-06,384.0
2014-09-07,362.0
2014-09-08,307.0
2014-09-09,304.0
2014-09-10,397.0
2014-09-11,384.0
2014-09-12,326.0
2014-09-13,329.0
2014-09-14,342.0
2014-09-15,341.0
2014-09-16,404.0
2014-09-17,477.0
2014-09-18,489.0
2014-09-19,524.0
2014-09-20,529.0
2014-09-21,548.0
2014-09-22,572.0
2014-09-23,401.0
2014-09-24,351.0
2014-09-25,443.0
2014-09-26,487.0
2014-09-27,535.0
2014-09-28,576.0
2014-09-29,577.0
2014-09-30,487.0
2014-10-01,394.0
2014-10-02,309.0
2014-10-03,269.0
2014-10-04,262.0
2014-10-05,300.0
2014-10-06,295.0
2014-10-07,293.0
2014-10-08,300.0
2014-10-09,344.0
2014-10-10,377.0
2014-10-11,297.0
2014-10-12,253.0
2014-10-13,251.0
2014-10-14,221.0
2014-10-15,260.0
2014-10-16,280.0
2014-10-17,276.0
2014-10-18,275.0
2014-10-19,273.0
2014-10-20,267.0
2014-10-21,265.0
2014-10-22,264.0
2014-10-23,263.0
2014-10-24,259.0
2014-10-25,256.0
2014-10-26,249.0
2014-10-27,258.0
2014-10-28,252.0
2014-10-29,247.0
2014-10-30,248.0
2014-10-31,248.0
2014-11-01,223.0
2014-11-02,223.0
2014-11-03,223.0
2014-11-04,216.0
2014-11-05,198.0
2014-11-06,203.0
2014-11-07,205.0
2014-11-08,203.0
2014-11-09,200.0
2014-11-10,200.0
2014-11-11,187.0
2014-11-12,155.0
2014-11-13,154.0
2014-11-14,286.0
2014-11-15,302.0
2014-11-16,301.0
2014-11-17,227.0
2014-11-18,202.0
2014-11-19,250.0
2014-11-20,190.0
2014-11-21,150.0
2014-11-22,140.0
2014-11-23,140.0
2014-11-24,140.0
2014-11-25,150.0
2014-11-26,180.0
2014-11-27,185.0
2014-11-28,190.0
2014-11-29,190.0
2014-11-30,190.0
2014-12-01,190.0
2014-12-02,190.0
2014-12-03,188.0
2014-12-04,188.0
2014-12-05,181.0
2014-12-06,178.0
2014-12-07,175.0
2014-12-08,168.0
2014-12-09,181.0
2014-12-10,190.0
2014-12-11,190.0
2014-12-12,190.0
2014-12-13,190.0
2014-12-14,190.0
2014-12-15,170.0
2014-12-16,161.0
2014-12-17,160.0
2014-12-18,160.0
2014-12-19,160.0
2014-12-20,165.0
2014-12-21,170.0
2014-12-22,180.0
2014-12-23,180.0
2014-12-24,180.0
2014-12-25,195.0
2014-12-26,190.0
2014-12-27,180.0
2014-12-28,190.0
2014-12-29,190.0
2014-12-30,180.0
2014-12-31,180.0
2015-01-01,190.0
2015-01-02,200.0
2015-01-03,210.0
2015-01-04,210.0
2015-01-05,215.0
2015-01-06,220.0
2015-01-07,220.0
2015-01-08,215.0
2015-01-09,213.0
2015-01-10,210.0
2015-01-11,209.0
2015-01-12,211.0
2015-01-13,207.0
2015-01-14,207.0
2015-01-15,200.0
2015-01-16,200.0
2015-01-17,200.0
2015-01-18,200.0
2015-01-19,200.0
2015-01-20,200.0
2015-01-21,187.0
2015-01-22,183.0
2015-01-23,185.0
2015-01-24,200.0
2015-01-25,200.0
2015-01-26,205.0
2015-01-27,208.0
2015-01-28,210.0
2015-01-29,210.0
2015-01-30,211.0
2015-01-31,210.0
2015-02-01,206.0
2015-02-02,200.0
2015-02-03,205.0
2015-02-04,200.0
2015-02-05,187.0
2015-02-06,190.0
2015-02-07,192.0
2015-02-08,196.0
2015-02-09,185.0
2015-02-10,185.0
2015-02-11,180.0
2015-02-12,160.0
2015-02-13,160.0
2015-02-14,165.0
2015-02-15,165.0
2015-02-16,160.0
2015-02-17,147.0
2015-02-18,150.0
2015-02-19,160.0
2015-02-20,155.0
2015-02-21,154.0
2015-02-22,143.0
2015-02-23,132.0
2015-02-24,150.0
2015-02-25,150.0
2015-02-26,152.0
2015-02-27,148.0
2015-02-28,170.0
2015-03-01,180.0
2015-03-02,185.0
2015-03-03,170.0
2015-03-04,150.0
2015-03-05,150.0
2015-03-06,160.0
2015-03-07,170.0
2015-03-08,160.0
2015-03-09,150.0
2015-03-10,170.0
2015-03-11,190.0
2015-03-12,200.0
2015-03-13,200.0
2015-03-14,200.0
2015-03-15,200.0
2015-03-16,210.0
2015-03-17,205.0
2015-03-18,200.0
2015-03-19,200.0
2015-03-20,195.0
2015-03-21,192.0
2015-03-22,192.0
2015-03-23,191.0
2015-03-24,192.0
2015-03-25,192.0
2015-03-26,176.0
2015-03-27,188.0
2015-03-28,187.0
2015-03-29,190.0
2015-03-30,197.0
2015-03-31,198.0
2015-04-01,202.0
2015-04-02,205.0
2015-04-03,201.0
2015-04-04,191.0
2015-04-05,186.0
2015-04-06,187.0
2015-04-07,236.0
2015-04-08,239.0
2015-04-09,241.0
2015-04-10,239.0
2015-04-11,237.0
2015-04-12,235.0
2015-04-13,240.0
2015-04-14,268.0
2015-04-15,275.0
2015-04-16,279.0
2015-04-17,304.0
2015-04-18,325.0
2015-04-19,330.0
2015-04-20,267.0
2015-04-21,269.0
2015-04-22,264.0
2015-04-23,286.0
2015-04-24,298.0
2015-04-25,279.0
2015-04-26,293.0
2015-04-27,326.0
2015-04-28,328.0
2015-04-29,348.0
2015-04-30,392.0
2015-05-01,474.0
2015-05-02,503.0
2015-05-03,625.0
2015-05-04,779.0
2015-05-05,907.0
2015-05-06,1050.0
2015-05-07,1100.0
2015-05-08,1110.0
2015-05-09,1240.0
2015-05-10,1430.0
2015-05-11,1490.0
2015-05-12,1680.0
2015-05-13,1770.0
2015-05-14,1710.0
2015-05-15,1590.0
2015-05-16,1470.0
2015-05-17,1380.0
2015-05-18,1390.0
2015-05-19,1730.0
2015-05-20,2050.0
2015-05-21,2100.0
2015-05-22,2250.0
2015-05-23,2440.0
2015-05-24,2450.0
2015-05-25,2370.0
2015-05-26,2250.0
2015-05-27,2180.0
2015-05-28,2100.0
2015-05-29,2040.0
2015-05-30,1990.0
2015-05-31,1980.0
2015-06-01,2060.0
2015-06-02,2110.0
2015-06-03,2190.0
2015-06-04,2240.0
2015-06-05,2430.0
2015-06-06,2570.0
2015-06-07,2640.0
2015-06-08,2610.0
2015-06-09,2600.0
2015-06-10,2860.0
2015-06-11,2990.0
2015-06-12,3270.0
2015-06-13,3290.0
2015-06-14,3720.0
2015-06-15,3450.0
2015-06-16,3750.0
2015-06-17,3830.0
2015-06-18,3760.0
2015-06-19,3550.0
2015-06-20,3400.0
2015-06-21,3170.0
2015-06-22,3010.0
2015-06-23,2910.0
2015-06-24,2770.0
2015-06-25,2710.0
2015-06-26,2610.0
2015-06-27,2500.0
2015-06-28,2360.0
2015-06-29,2250.0
2015-06-30,2100.0
2015-07-01,2010.0
2015-07-02,2090.0
2015-07-03,2080.0
2015-07-04,1980.0
2015-07-05,1930.0
2015-07-06,1890.0
2015-07-07,2120.0
2015-07-08,2230.0
2015-07-09,2270.0
2015-07-10,2370.0
2015-07-11,2140.0
2015-07-12,1960.0
2015-07-13,1850.0
2015-07-14,1830.0
2015-07-15,1790.0
2015-07-16,1720.0
2015-07-17,1620.0
2015-07-18,1550.0
2015-07-19,1520.0
2015-07-20,1480.0
2015-07-21,1510.0
2015-07-22,1440.0
2015-07-23,1350.0
2015-07-24,1290.0
2015-07-25,1250.0
2015-07-26,1160.0
2015-07-27,1100.0
2015-07-28,989.0
2015-07-29,923.0
2015-07-30,928.0
2015-07-31,827.0
2015-08-01,759.0
2015-08-02,714.0
2015-08-03,718.0
2015-08-04,683.0
2015-08-05,605.0
2015-08-06,616.0
2015-08-07,608.0
2015-08-08,599.0
2015-08-09,580.0
2015-08-10,578.0
2015-08-11,600.0
2015-08-12,645.0
2015-08-13,612.0
2015-08-14,640.0
2015-08-15,789.0
2015-08-16,727.0
2015-08-17,713.0
2015-08-18,676.0
2015-08-19,624.0
2015-08-20,596.0
2015-08-21,560.0
2015-08-22,535.0
2015-08-23,535.0
2015-08-24,577.0
2015-08-25,568.0
2015-08-26,566.0
2015-08-27,579.0
2015-08-28,630.0
2015-08-29,632.0
2015-08-30,659.0
2015-08-31,657.0
2015-09-01,666.0
2015-09-02,648.0
2015-09-03,580.0
2015-09-04,598.0
2015-09-05,501.0
2015-09-06,493.0
2015-09-07,487.0
2015-09-08,500.0
2015-09-09,575.0
2015-09-10,572.0
2015-09-11,568.0
2015-09-12,565.0
2015-09-13,541.0
2015-09-14,473.0
2015-09-15,471.0
2015-09-16,464.0
2015-09-17,465.0
2015-09-18,520.0
2015-09-19,516.0
2015-09-20,569.0
2015-09-21,549.0
2015-09-22,472.0
2015-09-23,515.0
2015-09-24,529.0
2015-09-25,599.0
2015-09-26,548.0
2015-09-27,557.0
2015-09-28,620.0
2015-09-29,531.0
2015-09-30,470.0
2015-10-01,399.0
2015-10-02,467.0
2015-10-03,383.0
2015-10-04,379.0
2015-10-05,392.0
2015-10-06,446.0
2015-10-07,495.0
2015-10-08,362.0
2015-10-09,426.0
2015-10-10,464.0
2015-10-11,495.0
2015-10-12,492.0
2015-10-13,488.0
2015-10-14,530.0
2015-10-15,512.0
2015-10-16,452.0
2015-10-17,414.0
2015-10-18,411.0
2015-10-19,406.0
2015-10-20,366.0
2015-10-21,363.0
2015-10-22,347.0
2015-10-23,311.0
2015-10-24,292.0
2015-10-25,280.0
2015-10-26,257.0
2015-10-27,282.0
2015-10-28,315.0
2015-10-29,317.0
2015-10-30,314.0
2015-10-31,292.0
2015-11-01,290.0
2015-11-02,287.0
2015-11-03,310.0
2015-11-04,338.0
2015-11-05,343.0
2015-11-06,294.0
2015-11-07,267.0
2015-11-08,271.0
2015-11-09,274.0
2015-11-10,275.0
2015-11-11,289.0
2015-11-12,254.0
2015-11-13,252.0
2015-11-14,250.0
2015-11-15,225.0
2015-11-16,214.0
2015-11-17,265.0
2015-11-18,267.0
2015-11-19,268.0
2015-11-20,285.0
2015-11-21,269.0
2015-11-22,257.0
2015-11-23,264.0
2015-11-24,235.0
2015-11-25,231.0
2015-11-26,237.0
2015-11-27,217.0
2015-11-28,211.0
2015-11-29,202.0
2015-11-30,223.0
2015-12-01,212.0
2015-12-02,251.0
2015-12-03,263.0
2015-12-04,267.0
2015-12-05,271.0
2015-12-06,262.0
2015-12-07,269.0
2015-12-08,271.0
2015-12-09,252.0
2015-12-10,254.0
2015-12-11,252.0
2015-12-12,230.0
2015-12-13,219.0
2015-12-14,209.0
2015-12-15,223.0
2015-12-16,211.0
2015-12-17,330.0
2015-12-18,250.0
2015-12-19,250.0
2015-12-20,260.0
2015-12-21,250.0
2015-12-22,235.0
2015-12-23,230.0
2015-12-24,215.0
2015-12-25,220.0
2015-12-26,220.0
2015-12-27,220.0
2015-12-28,220.0
2015-12-29,220.0
2015-12-30,220.0
2015-12-31,220.0
2016-01-01,220.0
2016-01-02,220.0
2016-01-03,220.0
2016-01-04,220.0
2016-01-05,220.0
2016-01-06,220.0
2016-01-07,240.0
2016-01-08,240.0
2016-01-09,240.0
2016-01-10,240.0
2016-01-11,240.0
2016-01-12,240.0
2016-01-13,240.0
2016-01-14,220.0
2016-01-15,210.0
2016-01-16,210.0
2016-01-17,210.0
2016-01-18,200.0
2016-01-19,200.0
2016-01-20,190.0
2016-01-21,190.0
2016-01-22,190.0
2016-01-23,190.0
2016-01-24,190.0
2016-01-25,190.0
2016-01-26,190.0
2016-01-27,185.0
2016-01-28,185.0
2016-01-29,210.0
2016-01-30,215.0
2016-01-31,220.0
2016-02-01,220.0
2016-02-02,195.0
2016-02-03,190.0
2016-02-04,190.0
2016-02-05,190.0
2016-02-06,190.0
2016-02-07,190.0
2016-02-08,190.0
2016-02-09,190.0
2016-02-10,190.0
2016-02-11,195.0
2016-02-12,200.0
2016-02-13,205.0
2016-02-14,205.0
2016-02-15,200.0
2016-02-16,185.0
2016-02-17,185.0
2016-02-18,190.0
2016-02-19,200.0
2016-02-20,190.0
2016-02-21,190.0
2016-02-22,185.0
2016-02-23,185.0
2016-02-24,165.0
2016-02-25,200.0
2016-02-26,210.0
2016-02-27,230.0
2016-02-28,230.0
2016-02-29,230.0
2016-03-01,230.0
2016-03-02,210.0
2016-03-03,200.0
2016-03-04,200.0
2016-03-05,200.0
2016-03-06,200.0
2016-03-07,200.0
2016-03-08,180.0
2016-03-09,180.0
2016-03-10,175.0
2016-03-11,185.0
2016-03-12,200.0
2016-03-13,200.0
2016-03-14,200.0
2016-03-15,200.0
2016-03-16,195.0
2016-03-17,195.0
2016-03-18,190.0
2016-03-19,190.0
2016-03-20,180.0
2016-03-21,200.0
2016-03-22,200.0
2016-03-23,190.0
2016-03-24,160.0
2016-03-25,160.0
2016-03-26,160.0
2016-03-27,160.0
2016-03-28,190.0
2016-03-29,205.0
2016-03-30,207.0
2016-03-31,211.0
2016-04-01,195.0
2016-04-02,209.0
2016-04-03,220.0
2016-04-04,231.0
2016-04-05,248.0
2016-04-06,253.0
2016-04-07,267.0
2016-04-08,292.0
2016-04-09,295.0
2016-04-10,298.0
2016-04-11,301.0
2016-04-12,300.0
2016-04-13,299.0
2016-04-14,295.0
2016-04-15,294.0
2016-04-16,319.0
2016-04-17,301.0
2016-04-18,307.0
2016-04-19,344.0
2016-04-20,415.0
2016-04-21,492.0
2016-04-22,590.0
2016-04-23,712.0
2016-04-24,802.0
2016-04-25,826.0
2016-04-26,887.0
2016-04-27,854.0
2016-04-28,810.0
2016-04-29,792.0
2016-04-30,774.0
2016-05-01,742.0
2016-05-02,716.0
2016-05-03,766.0
2016-05-04,821.0
2016-05-05,887.0
2016-05-06,930.0
2016-05-07,977.0
2016-05-08,1040.0
2016-05-09,1020.0
2016-05-10,991.0
2016-05-11,958.0
2016-05-12,907.0
2016-05-13,869.0
2016-05-14,858.0
2016-05-15,877.0
2016-05-16,905.0
2016-05-17,943.0
2016-05-18,928.0
2016-05-19,934.0
2016-05-20,957.0
2016-05-21,952.0
2016-05-22,953.0
2016-05-23,944.0
2016-05-24,906.0
2016-05-25,865.0
2016-05-26,816.0
2016-05-27,847.0
2016-05-28,888.0
2016-05-29,867.0
2016-05-30,840.0
2016-05-31,806.0
2016-06-01,873.0
2016-06-02,919.0
2016-06-03,914.0
2016-06-04,897.0
2016-06-05,905.0
2016-06-06,930.0
2016-06-07,1020.0
2016-06-08,1030.0
2016-06-09,1030.0
2016-06-10,1050.0
2016-06-11,1040.0
2016-06-12,1040.0
2016-06-13,1060.0
2016-06-14,1080.0
2016-06-15,1020.0
2016-06-16,964.0
2016-06-17,890.0
2016-06-18,819.0
2016-06-19,782.0
2016-06-20,760.0
2016-06-21,951.0
2016-06-22,950.0
2016-06-23,970.0
2016-06-24,943.0
2016-06-25,917.0
2016-06-26,880.0
2016-06-27,776.0
2016-06-28,724.0
2016-06-29,675.0
2016-06-30,647.0
2016-07-01,722.0
2016-07-02,800.0
2016-07-03,881.0
2016-07-04,866.0
2016-07-05,804.0
2016-07-06,717.0
2016-07-07,650.0
2016-07-08,619.0
2016-07-09,665.0
2016-07-10,646.0
2016-07-11,620.0
2016-07-12,627.0
2016-07-13,686.0
2016-07-14,690.0
2016-07-15,767.0
2016-07-16,589.0
2016-07-17,604.0
2016-07-18,754.0
2016-07-19,783.0
2016-07-20,709.0
2016-07-21,712.0
2016-07-22,734.0
2016-07-23,705.0
2016-07-24,695.0
2016-07-25,680.0
2016-07-26,667.0
2016-07-27,646.0
2016-07-28,600.0
2016-07-29,585.0
2016-07-30,554.0
2016-07-31,558.0
2016-08-01,585.0
2016-08-02,625.0
2016-08-03,618.0
2016-08-04,619.0
2016-08-05,612.0
2016-08-06,559.0
2016-08-07,524.0
2016-08-08,541.0
2016-08-09,618.0
2016-08-10,605.0
2016-08-11,597.0
2016-08-12,732.0
2016-08-13,736.0
2016-08-14,725.0
2016-08-15,616.0
2016-08-16,577.0
2016-08-17,597.0
2016-08-18,586.0
2016-08-19,580.0
2016-08-20,584.0
2016-08-21,580.0
2016-08-22,568.0
2016-08-23,568.0
2016-08-24,602.0
2016-08-25,630.0
2016-08-26,621.0
2016-08-27,600.0
2016-08-28,587.0
2016-08-29,591.0
2016-08-30,608.0
2016-08-31,654.0
2016-09-01,637.0
2016-09-02,637.0
2016-09-03,651.0
2016-09-04,631.0
2016-09-05,539.0
2016-09-06,477.0
2016-09-07,592.0
2016-09-08,581.0
2016-09-09,468.0
2016-09-10,564.0
2016-09-11,562.0
2016-09-12,556.0
2016-09-13,560.0
2016-09-14,556.0
2016-09-15,512.0
2016-09-16,506.0
2016-09-17,503.0
2016-09-18,499.0
2016-09-19,495.0
2016-09-20,503.0
2016-09-21,532.0
2016-09-22,519.0
2016-09-23,514.0
2016-09-24,509.0
2016-09-25,475.0
2016-09-26,473.0
2016-09-27,482.0
2016-09-28,513.0
2016-09-29,530.0
2016-09-30,494.0
2016-10-01,495.0
2016-10-02,491.0
2016-10-03,487.0
2016-10-04,474.0
2016-10-05,430.0
2016-10-06,408.0
2016-10-07,411.0
2016-10-08,408.0
2016-10-09,408.0
2016-10-10,404.0
2016-10-11,405.0
2016-10-12,390.0
2016-10-13,364.0
2016-10-14,349.0
2016-10-15,396.0
2016-10-16,383.0
2016-10-17,412.0
2016-10-18,388.0
2016-10-19,385.0
2016-10-20,379.0
2016-10-21,336.0
2016-10-22,237.0
2016-10-23,227.0
2016-10-24,228.0
2016-10-25,351.0
2016-10-26,335.0
2016-10-27,333.0
2016-10-28,330.0
2016-10-29,303.0
2016-10-30,300.0
2016-10-31,298.0
2016-11-01,296.0
2016-11-02,295.0
2016-11-03,254.0
2016-11-04,229.0
2016-11-05,229.0
2016-11-06,233.0
2016-11-07,234.0
2016-11-08,275.0
2016-11-09,272.0
2016-11-10,245.0
2016-11-11,244.0
2016-11-12,243.0
2016-11-13,243.0
2016-11-14,241.0
2016-11-15,240.0
2016-11-16,269.0
2016-11-17,275.0
2016-11-18,263.0
2016-11-19,206.0
2016-11-20,220.0
2016-11-21,226.0
2016-11-22,225.0
2016-11-23,225.0
2016-11-24,220.0
2016-11-25,207.0
2016-11-26,207.0
2016-11-27,219.0
2016-11-28,219.0
2016-11-29,212.0
2016-11-30,200.0
2016-12-01,225.0
2016-12-02,240.0
2016-12-03,240.0
2016-12-04,257.0
2016-12-05,265.0
2016-12-06,242.0
2016-12-07,210.0
2016-12-08,200.0
2016-12-09,310.0
2016-12-10,320.0
2016-12-11,290.0
2016-12-12,250.0
2016-12-13,220.0
2016-12-14,200.0
2016-12-15,240.0
2016-12-16,260.0
2016-12-17,200.0
2016-12-18,200.0
2016-12-19,270.0
2016-12-20,300.0
2016-12-21,250.0
2016-12-22,264.0
2016-12-23,260.0
2016-12-24,259.0
2016-12-25,230.0
2016-12-26,205.0
2016-12-27,228.0
2016-12-28,240.0
2016-12-29,214.0
2016-12-30,220.0
2016-12-31,200.0
2017-01-01,210.0
2017-01-02,210.0
2017-01-03,210.0
2017-01-04,200.0
2017-01-05,160.0
2017-01-06,170.0
2017-01-07,190.0
2017-01-08,260.0
2017-01-09,250.0
2017-01-10,240.0
2017-01-11,239.0
2017-01-12,239.0
2017-01-13,237.0
2017-01-14,221.0
2017-01-15,219.0
2017-01-16,222.0
2017-01-17,218.0
2017-01-18,200.0
2017-01-19,224.0
2017-01-20,210.0
2017-01-21,217.0
2017-01-22,218.0
2017-01-23,219.0
2017-01-24,217.0
2017-01-25,190.0
2017-01-26,160.0
2017-01-27,180.0
2017-01-28,229.0
2017-01-29,220.0
2017-01-30,240.0
2017-01-31,230.0
2017-02-01,240.0
2017-02-02,219.0
2017-02-03,218.0
2017-02-04,216.0
2017-02-05,216.0
2017-02-06,216.0
2017-02-07,210.0
2017-02-08,225.0
2017-02-09,224.0
2017-02-10,224.0
2017-02-11,228.0
2017-02-12,229.0
2017-02-13,221.0
2017-02-14,200.0
2017-02-15,180.0
2017-02-16,214.0
2017-02-17,226.0
2017-02-18,238.0
2017-02-19,237.0
2017-02-20,237.0
2017-02-21,237.0
2017-02-22,239.0
2017-02-23,243.0
2017-02-24,250.0
2017-02-25,245.0
2017-02-26,250.0
2017-02-27,240.0
2017-02-28,240.0
2017-03-01,253.0
2017-03-02,254.0
2017-03-03,256.0
2017-03-04,255.0
2017-03-05,262.0
2017-03-06,264.0
2017-03-07,269.0
2017-03-08,277.0
2017-03-09,278.0
2017-03-10,279.0
2017-03-11,281.0
2017-03-12,280.0
2017-03-13,279.0
2017-03-14,280.0
2017-03-15,280.0
2017-03-16,284.0
2017-03-17,290.0
2017-03-18,293.0
2017-03-19,299.0
2017-03-20,324.0
2017-03-21,354.0
2017-03-22,351.0
2017-03-23,323.0
2017-03-24,346.0
2017-03-25,292.0
2017-03-26,290.0
2017-03-27,289.0
2017-03-28,293.0
2017-03-29,299.0
2017-03-30,293.0
2017-03-31,293.0
2017-04-01,294.0
2017-04-02,312.0
2017-04-03,315.0
2017-04-04,329.0
2017-04-05,321.0
2017-04-06,324.0
2017-04-07,336.0
2017-04-08,340.0
2017-04-09,342.0
2017-04-10,327.0
2017-04-11,324.0
2017-04-12,341.0
2017-04-13,341.0
2017-04-14,355.0
2017-04-15,399.0
2017-04-16,402.0
2017-04-17,403.0
2017-04-18,410.0
2017-04-19,420.0
2017-04-20,431.0
2017-04-21,431.0
2017-04-22,424.0
2017-04-23,417.0
2017-04-24,422.0
2017-04-25,422.0
2017-04-26,403.0
2017-04-27,380.0
2017-04-28,375.0
2017-04-29,386.0
2017-04-30,374.0
2017-05-01,398.0
2017-05-02,393.0
2017-05-03,385.0
2017-05-04,362.0
2017-05-05,367.0
2017-05-06,362.0
2017-05-07,368.0
2017-05-08,377.0
2017-05-09,380.0
2017-05-10,329.0
2017-05-11,423.0
2017-05-12,450.0
2017-05-13,460.0
2017-05-14,485.0
2017-05-15,495.0
2017-05-16,560.0
2017-05-17,543.0
2017-05-18,528.0
2017-05-19,447.0
2017-05-20,341.0
2017-05-21,347.0
2017-05-22,372.0
2017-05-23,448.0
2017-05-24,458.0
2017-05-25,469.0
2017-05-26,530.0
2017-05-27,548.0
2017-05-28,528.0
2017-05-29,490.0
2017-05-30,501.0
2017-05-31,525.0
2017-06-01,586.0
2017-06-02,657.0
2017-06-03,633.0
2017-06-04,596.0
2017-06-05,629.0
2017-06-06,663.0
2017-06-07,639.0
2017-06-08,628.0
2017-06-09,578.0
2017-06-10,555.0
2017-06-11,583.0
2017-06-12,571.0
2017-06-13,567.0
2017-06-14,530.0
2017-06-15,652.0
2017-06-16,577.0
2017-06-17,599.0
2017-06-18,692.0
2017-06-19,897.0
2017-06-20,998.0
2017-06-21,1010.0
2017-06-22,1020.0
2017-06-23,1060.0
2017-06-24,1040.0
2017-06-25,1040.0
2017-06-26,1040.0
2017-06-27,1050.0
2017-06-28,1020.0
2017-06-29,998.0
2017-06-30,979.0
2017-07-01,919.0
2017-07-02,766.0
2017-07-03,707.0
2017-07-04,683.0
2017-07-05,660.0
2017-07-06,644.0
2017-07-07,628.0
2017-07-08,635.0
2017-07-09,637.0
2017-07-10,628.0
2017-07-11,671.0
2017-07-12,699.0
2017-07-13,777.0
2017-07-14,790.0
2017-07-15,918.0
2017-07-16,847.0
2017-07-17,885.0
2017-07-18,906.0
2017-07-19,965.0
2017-07-20,1010.0
2017-07-21,1010.0
2017-07-22,958.0
2017-07-23,921.0
2017-07-24,958.0
2017-07-25,806.0
2017-07-26,758.0
2017-07-27,791.0
2017-07-28,895.0
2017-07-29,989.0
2017-07-30,1010.0
2017-07-31,961.0
2017-08-01,887.0
2017-08-02,746.0
2017-08-03,696.0
2017-08-04,714.0
2017-08-05,677.0
2017-08-06,664.0
2017-08-07,683.0
2017-08-08,789.0
2017-08-09,653.0
2017-08-10,685.0
2017-08-11,791.0
2017-08-12,813.0
2017-08-13,762.0
2017-08-14,689.0
2017-08-15,654.0
2017-08-16,703.0
2017-08-17,705.0
2017-08-18,680.0
2017-08-19,662.0
2017-08-20,691.0
2017-08-21,689.0
2017-08-22,693.0
2017-08-23,680.0
2017-08-24,639.0
2017-08-25,655.0
2017-08-26,560.0
2017-08-27,550.0
2017-08-28,602.0
2017-08-29,594.0
2017-08-30,594.0
2017-08-31,618.0
2017-09-01,628.0
2017-09-02,621.0
2017-09-03,614.0
2017-09-04,607.0
2017-09-05,605.0
2017-09-06,599.0
2017-09-07,593.0
2017-09-08,588.0
2017-09-09,537.0
2017-09-10,531.0
2017-09-11,536.0
2017-09-12,545.0
2017-09-13,533.0
2017-09-14,531.0
2017-09-15,525.0
2017-09-16,490.0
2017-09-17,481.0
2017-09-18,424.0
2017-09-19,424.0
2017-09-20,492.0
2017-09-21,492.0
2017-09-22,577.0
2017-09-23,593.0
2017-09-24,605.0
2017-09-25,423.0
2017-09-26,405.0
2017-09-27,415.0
2017-09-28,452.0
2017-09-29,438.0
2017-09-30,420.0
2017-10-01,410.0
2017-10-02,375.0
2017-10-03,379.0
2017-10-04,397.0
2017-10-05,410.0
2017-10-06,409.0
2017-10-07,412.0
2017-10-08,401.0
2017-10-09,406.0
2017-10-10,398.0
2017-10-11,417.0
2017-10-12,413.0
2017-10-13,403.0
2017-10-14,396.0
2017-10-15,380.0
2017-10-16,360.0
2017-10-17,281.0
2017-10-18,280.0
2017-10-19,276.0
2017-10-20,250.0
2017-10-21,234.0
2017-10-22,228.0
2017-10-23,233.0
2017-10-24,234.0
2017-10-25,231.0
2017-10-26,228.0
2017-10-27,214.0
2017-10-28,216.0
2017-10-29,220.0
2017-10-30,211.0
2017-10-31,181.0
2017-11-01,182.0
2017-11-02,213.0
2017-11-03,217.0
2017-11-04,213.0
2017-11-05,211.0
2017-11-06,211.0
2017-11-07,211.0
2017-11-08,206.0
2017-11-09,200.0
2017-11-10,204.0
2017-11-11,208.0
2017-11-12,174.0
2017-11-13,172.0
2017-11-14,175.0
2017-11-15,173.0
2017-11-16,170.0
2017-11-17,184.0
2017-11-18,184.0
2017-11-19,146.0
2017-11-20,171.0
2017-11-21,225.0
2017-11-22,258.0
2017-11-23,261.0
2017-11-24,251.0
2017-11-25,206.0
2017-11-26,203.0
2017-11-27,201.0
2017-11-28,204.0
2017-11-29,230.0
2017-11-30,229.0
2017-12-01,228.0
2017-12-02,235.0
2017-12-03,233.0
2017-12-04,236.0
2017-12-05,200.0
2017-12-06,184.0
2017-12-07,235.0
2017-12-08,290.0
2017-12-09,270.0
2017-12-10,220.0
2017-12-11,200.0
2017-12-12,200.0
2017-12-13,200.0
2017-12-14,220.0
2017-12-15,230.0
2017-12-16,235.0
2017-12-17,220.0
2017-12-18,204.0
2017-12-19,210.0
2017-12-20,213.0
2017-12-21,195.0
2017-12-22,195.0
2017-12-23,225.0
2017-12-24,225.0
2017-12-25,225.0
2017-12-26,225.0
2017-12-27,225.0
2017-12-28,218.0
2017-12-29,219.0
2017-12-30,217.0
2017-12-31,215.0
2018-01-01,170.0
2018-01-02,170.0
2018-01-03,170.0
2018-01-04,170.0
2018-01-05,190.0
2018-01-06,220.0
2018-01-07,229.0
2018-01-08,226.0
2018-01-09,226.0
2018-01-10,230.0
2018-01-11,227.0
2018-01-12,210.0
2018-01-13,219.0
2018-01-14,219.0
2018-01-15,219.0
2018-01-16,219.0
2018-01-17,219.0
2018-01-18,219.0
2018-01-19,219.0
2018-01-20,219.0
2018-01-21,219.0
2018-01-22,219.0
2018-01-23,219.0
2018-01-24,219.0
2018-01-25,211.0
2018-01-26,191.0
2018-01-27,191.0
2018-01-28,191.0
2018-01-29,191.0
2018-01-30,200.0
2018-01-31,210.0
2018-02-01,219.0
2018-02-02,284.0
2018-02-03,290.0
2018-02-04,288.0
2018-02-05,289.0
2018-02-06,286.0
2018-02-07,269.0
2018-02-08,248.0
2018-02-09,249.0
2018-02-10,245.0
2018-02-11,195.0
2018-02-12,195.0
2018-02-13,195.0
2018-02-14,195.0
2018-02-15,195.0
2018-02-16,195.0
2018-02-17,195.0
2018-02-18,195.0
2018-02-19,215.0
2018-02-20,230.0
2018-02-21,230.0
2018-02-22,315.0
2018-02-23,318.0
2018-02-24,273.0
2018-02-25,265.0
2018-02-26,260.0
2018-02-27,260.0
2018-02-28,260.0
2018-03-01,260.0
2018-03-02,260.0
2018-03-03,230.0
2018-03-04,230.0
2018-03-05,230.0
2018-03-06,230.0
2018-03-07,230.0
2018-03-08,235.0
2018-03-09,245.0
2018-03-10,253.0
2018-03-11,243.0
2018-03-12,246.0
2018-03-13,253.0
2018-03-14,240.0
2018-03-15,241.0
2018-03-16,240.0
2018-03-17,238.0
2018-03-18,241.0
2018-03-19,213.0
2018-03-20,187.0
2018-03-21,197.0
2018-03-22,205.0
2018-03-23,222.0
2018-03-24,228.0
2018-03-25,234.0
2018-03-26,241.0
2018-03-27,265.0
2018-03-28,230.0
2018-03-29,188.0
2018-03-30,183.0
2018-03-31,185.0
2018-04-01,189.0
2018-04-02,190.0
2018-04-03,212.0
2018-04-04,210.0
2018-04-05,216.0
2018-04-06,219.0
2018-04-07,240.0
2018-04-08,255.0
2018-04-09,250.0
2018-04-10,244.0
2018-04-11,273.0
2018-04-12,298.0
2018-04-13,305.0
2018-04-14,288.0
2018-04-15,253.0
2018-04-16,230.0
2018-04-17,275.0
2018-04-18,277.0
2018-04-19,279.0
2018-04-20,291.0
2018-04-21,298.0
2018-04-22,289.0
2018-04-23,303.0
2018-04-24,320.0
2018-04-25,306.0
2018-04-26,321.0
2018-04-27,312.0
2018-04-28,318.0
2018-04-29,319.0
2018-04-30,328.0
2018-05-01,329.0
2018-05-02,327.0
2018-05-03,357.0
2018-05-04,290.0
2018-05-05,280.0
2018-05-06,278.0
2018-05-07,283.0
2018-05-08,289.0
2018-05-09,388.0
2018-05-10,387.0
2018-05-11,417.0
2018-05-12,409.0
2018-05-13,418.0
2018-05-14,420.0
2018-05-15,392.0
2018-05-16,376.0
2018-05-17,321.0
2018-05-18,324.0
2018-05-19,391.0
2018-05-20,393.0
2018-05-21,400.0
2018-05-22,420.0
2018-05-23,533.0
2018-05-24,606.0
2018-05-25,613.0
2018-05-26,625.0
2018-05-27,626.0
2018-05-28,642.0
2018-05-29,615.0
2018-05-30,518.0
2018-05-31,561.0
2018-06-01,593.0
2018-06-02,588.0
2018-06-03,585.0
2018-06-04,553.0
2018-06-05,494.0
2018-06-06,532.0
2018-06-07,528.0
2018-06-08,549.0
2018-06-09,547.0
2018-06-10,542.0
2018-06-11,538.0
2018-06-12,531.0
2018-06-13,532.0
2018-06-14,530.0
2018-06-15,523.0
2018-06-16,524.0
2018-06-17,567.0
2018-06-18,616.0
2018-06-19,532.0
2018-06-20,519.0
2018-06-21,573.0
2018-06-22,532.0
2018-06-23,525.0
2018-06-24,524.0
2018-06-25,519.0
2018-06-26,512.0
2018-06-27,587.0
2018-06-28,672.0
2018-06-29,668.0
2018-06-30,670.0
2018-07-01,669.0
2018-07-02,645.0
2018-07-03,583.0
2018-07-04,632.0
2018-07-05,660.0
2018-07-06,631.0
2018-07-07,591.0
2018-07-08,580.0
2018-07-09,576.0
2018-07-10,583.0
2018-07-11,607.0
2018-07-12,656.0
2018-07-13,719.0
2018-07-14,707.0
2018-07-15,703.0
2018-07-16,729.0
2018-07-17,716.0
2018-07-18,708.0
2018-07-19,682.0
2018-07-20,621.0
2018-07-21,633.0
2018-07-22,633.0
2018-07-23,704.0
2018-07-24,723.0
2018-07-25,582.0
2018-07-26,531.0
2018-07-27,516.0
2018-07-28,538.0
2018-07-29,597.0
2018-07-30,633.0
2018-07-31,645.0
2018-08-01,723.0
2018-08-02,722.0
2018-08-03,724.0
2018-08-04,727.0
2018-08-05,725.0
2018-08-06,714.0
2018-08-07,663.0
2018-08-08,608.0
2018-08-09,605.0
2018-08-10,648.0
2018-08-11,654.0
2018-08-12,688.0
2018-08-13,687.0
2018-08-14,689.0
2018-08-15,693.0
2018-08-16,632.0
2018-08-17,610.0
2018-08-18,593.0
2018-08-19,594.0
2018-08-20,590.0
2018-08-21,598.0
2018-08-22,594.0
2018-08-23,542.0
2018-08-24,547.0
2018-08-25,608.0
2018-08-26,612.0
2018-08-27,621.0
2018-08-28,661.0
2018-08-29,660.0
2018-08-30,683.0
2018-08-31,683.0
2018-09-01,687.0
2018-09-02,688.0
2018-09-03,665.0
2018-09-04,557.0
2018-09-05,574.0
2018-09-06,588.0
2018-09-07,569.0
2018-09-08,489.0
2018-09-09,479.0
2018-09-10,582.0
2018-09-11,667.0
2018-09-12,711.0
2018-09-13,700.0
2018-09-14,750.0
2018-09-15,750.0
2018-09-16,751.0
2018-09-17,721.0
2018-09-18,615.0
2018-09-19,615.0
2018-09-20,613.0
2018-09-21,528.0
2018-09-22,501.0
2018-09-23,497.0
2018-09-24,499.0
2018-09-25,573.0
2018-09-26,570.0
2018-09-27,567.0
2018-09-28,567.0
2018-09-29,566.0
2018-09-30,562.0
2018-10-01,542.0
2018-10-02,460.0
2018-10-03,457.0
2018-10-04,459.0
2018-10-05,460.0
2018-10-06,469.0
2018-10-07,467.0
2018-10-08,468.0
2018-10-09,375.0
2018-10-10,368.0
2018-10-11,333.0
2018-10-12,332.0
2018-10-13,315.0
2018-10-14,230.0
2018-10-15,193.0
2018-10-16,195.0
2018-10-17,274.0
2018-10-18,278.0
2018-10-19,278.0
2018-10-20,274.0
2018-10-21,274.0
2018-10-22,276.0
2018-10-23,277.0
2018-10-24,278.0
2018-10-25,277.0
2018-10-26,275.0
2018-10-27,274.0
2018-10-28,274.0
2018-10-29,273.0
2018-10-30,276.0
2018-10-31,278.0
2018-11-01,201.0
2018-11-02,202.0
2018-11-03,205.0
2018-11-04,203.0
2018-11-05,200.0
2018-11-06,199.0
2018-11-07,191.0
2018-11-08,187.0
2018-11-09,186.0
2018-11-10,218.0
2018-11-11,229.0
2018-11-12,225.0
2018-11-13,221.0
2018-11-14,227.0
2018-11-15,230.0
2018-11-16,230.0
2018-11-17,229.0
2018-11-18,226.0
2018-11-19,224.0
2018-11-20,225.0
2018-11-21,225.0
2018-11-22,225.0
2018-11-23,226.0
2018-11-24,226.0
2018-11-25,225.0
2018-11-26,207.0
2018-11-27,198.0
2018-11-28,208.0
2018-11-29,208.0
2018-11-30,210.0
2018-12-01,212.0
2018-12-02,203.0
2018-12-03,217.0
2018-12-04,205.0
2018-12-05,200.0
2018-12-06,167.0
2018-12-07,147.0
2018-12-08,140.0
2018-12-09,136.0
2018-12-10,134.0
2018-12-11,133.0
2018-12-12,133.0
2018-12-13,134.0
2018-12-14,139.0
2018-12-15,134.0
2018-12-16,134.0
2018-12-17,133.0
2018-12-18,132.0
2018-12-19,132.0
2018-12-20,132.0
2018-12-21,132.0
2018-12-22,132.0
2018-12-23,132.0
2018-12-24,132.0
2018-12-25,132.0
2018-12-26,134.0
2018-12-27,134.0
2018-12-28,134.0
2018-12-29,129.0
2018-12-30,129.0
2018-12-31,129.0
2019-01-01,129.0
2019-01-02,129.0
2019-01-03,135.0
2019-01-04,159.0
2019-01-05,173.0
2019-01-06,173.0
2019-01-07,167.0
2019-01-08,155.0
2019-01-09,148.0
2019-01-10,137.0
2019-01-11,129.0
2019-01-12,129.0
2019-01-13,130.0
2019-01-14,131.0
2019-01-15,131.0
2019-01-16,130.0
2019-01-17,130.0
2019-01-18,130.0
2019-01-19,131.0
2019-01-20,131.0
2019-01-21,131.0
2019-01-22,131.0
2019-01-23,131.0
2019-01-24,131.0
2019-01-25,132.0
2019-01-26,132.0
2019-01-27,132.0
2019-01-28,132.0
2019-01-29,132.0
2019-01-30,132.0
2019-01-31,132.0
2019-02-01,134.0
2019-02-02,133.0
2019-02-03,134.0
2019-02-04,135.0
2019-02-05,136.0
2019-02-06,136.0
2019-02-07,137.0
2019-02-08,138.0
2019-02-09,138.0
2019-02-10,138.0
2019-02-11,138.0
2019-02-12,138.0
2019-02-13,138.0
2019-02-14,137.0
2019-02-15,139.0
2019-02-16,140.0
2019-02-17,140.0
2019-02-18,140.0
2019-02-19,139.0
2019-02-20,140.0
2019-02-21,140.0
2019-02-22,140.0
2019-02-23,141.0
2019-02-24,141.0
2019-02-25,141.0
2019-02-26,141.0
2019-02-27,140.0
2019-02-28,140.0
2019-03-01,141.0
2019-03-02,141.0
2019-03-03,141.0
2019-03-04,142.0
2019-03-05,143.0
2019-03-06,148.0
2019-03-07,152.0
2019-03-08,154.0
2019-03-09,155.0
2019-03-10,167.0
2019-03-11,163.0
2019-03-12,160.0
2019-03-13,153.0
2019-03-14,165.0
2019-03-15,144.0
2019-03-16,140.0
2019-03-17,137.0
2019-03-18,135.0
2019-03-19,169.0
2019-03-20,167.0
2019-03-21,168.0
2019-03-22,170.0
2019-03-23,172.0
2019-03-24,169.0
2019-03-25,168.0
2019-03-26,169.0
2019-03-27,172.0
2019-03-28,186.0
2019-03-29,201.0
2019-03-30,200.0
2019-03-31,185.0
2019-04-01,177.0
2019-04-02,173.0
2019-04-03,172.0
2019-04-04,171.0
2019-04-05,173.0
2019-04-06,177.0
2019-04-07,184.0
2019-04-08,194.0
2019-04-09,205.0
2019-04-10,218.0
2019-04-11,213.0
2019-04-12,196.0
2019-04-13,193.0
2019-04-14,182.0
2019-04-15,189.0
2019-04-16,194.0
2019-04-17,202.0
2019-04-18,236.0
2019-04-19,261.0
2019-04-20,268.0
2019-04-21,280.0
2019-04-22,277.0
2019-04-23,270.0
2019-04-24,268.0
2019-04-25,277.0
2019-04-26,314.0
2019-04-27,330.0
2019-04-28,341.0
2019-04-29,332.0
2019-04-30,294.0
2019-05-01,292.0
2019-05-02,284.0
2019-05-03,322.0
2019-05-04,363.0
2019-05-05,390.0
2019-05-06,404.0
2019-05-07,451.0
2019-05-08,436.0
2019-05-09,335.0
2019-05-10,320.0
2019-05-11,339.0
2019-05-12,392.0
2019-05-13,454.0
2019-05-14,636.0
2019-05-15,809.0
2019-05-16,767.0
2019-05-17,649.0
2019-05-18,642.0
2019-05-19,632.0
2019-05-20,629.0
2019-05-21,633.0
2019-05-22,560.0
2019-05-23,488.0
2019-05-24,411.0
2019-05-25,435.0
2019-05-26,441.0
2019-05-27,452.0
2019-05-28,449.0
2019-05-29,448.0
2019-05-30,448.0
2019-05-31,469.0
2019-06-01,531.0
2019-06-02,581.0
2019-06-03,662.0
2019-06-04,549.0
2019-06-05,556.0
2019-06-06,650.0
2019-06-07,742.0
2019-06-08,820.0
2019-06-09,902.0
2019-06-10,815.0
2019-06-11,803.0
2019-06-12,803.0
2019-06-13,895.0
2019-06-14,947.0
2019-06-15,897.0
2019-06-16,896.0
2019-06-17,940.0
2019-06-18,1070.0
2019-06-19,1160.0
2019-06-20,1300.0
2019-06-21,1310.0
2019-06-22,1320.0
2019-06-23,1300.0
2019-06-24,1210.0
2019-06-25,1200.0
2019-06-26,1190.0
2019-06-27,1210.0
2019-06-28,1220.0
2019-06-29,1270.0
2019-06-30,1400.0
2019-07-01,1410.0
2019-07-02,1390.0
2019-07-03,1400.0
2019-07-04,1430.0
2019-07-05,1480.0
2019-07-06,1540.0
2019-07-07,1510.0
2019-07-08,1470.0
2019-07-09,1410.0
2019-07-10,1330.0
2019-07-11,1300.0
2019-07-12,1270.0
2019-07-13,1250.0
2019-07-14,1200.0
2019-07-15,1170.0
2019-07-16,1140.0
2019-07-17,1100.0
2019-07-18,1040.0
2019-07-19,976.0
2019-07-20,881.0
2019-07-21,859.0
2019-07-22,888.0
2019-07-23,849.0
2019-07-24,823.0
2019-07-25,939.0
2019-07-26,997.0
2019-07-27,924.0
2019-07-28,883.0
2019-07-29,824.0
2019-07-30,798.0
2019-07-31,785.0
2019-08-01,784.0
2019-08-02,774.0
2019-08-03,707.0
2019-08-04,687.0
2019-08-05,708.0
2019-08-06,695.0
2019-08-07,671.0
2019-08-08,679.0
2019-08-09,682.0
2019-08-10,597.0
2019-08-11,598.0
2019-08-12,526.0
2019-08-13,578.0
2019-08-14,651.0
2019-08-15,669.0
2019-08-16,658.0
2019-08-17,650.0
2019-08-18,646.0
2019-08-19,608.0
2019-08-20,578.0
2019-08-21,615.0
2019-08-22,649.0
2019-08-23,559.0
2019-08-24,554.0
2019-08-25,543.0
2019-08-26,535.0
2019-08-27,579.0
2019-08-28,657.0
2019-08-29,702.0
2019-08-30,748.0
2019-08-31,709.0
2019-09-01,650.0
2019-09-02,558.0
2019-09-03,568.0
2019-09-04,670.0
2019-09-05,633.0
2019-09-06,625.0
2019-09-07,629.0
2019-09-08,604.0
2019-09-09,486.0
2019-09-10,428.0
2019-09-11,435.0
2019-09-12,533.0
2019-09-13,594.0
2019-09-14,591.0
2019-09-15,573.0
2019-09-16,544.0
2019-09-17,598.0
2019-09-18,596.0
2019-09-19,586.0
2019-09-20,515.0
2019-09-21,511.0
2019-09-22,509.0
2019-09-23,508.0
2019-09-24,541.0
2019-09-25,600.0
2019-09-26,599.0
2019-09-27,578.0
2019-09-28,492.0
2019-09-29,443.0
2019-09-30,407.0
2019-10-01,408.0
2019-10-02,385.0
2019-10-03,379.0
2019-10-04,375.0
2019-10-05,379.0
2019-10-06,412.0
2019-10-07,412.0
2019-10-08,414.0
2019-10-09,398.0
2019-10-10,285.0
2019-10-11,204.0
2019-10-12,182.0
2019-10-13,188.0
2019-10-14,189.0
2019-10-15,249.0
2019-10-16,250.0
2019-10-17,251.0
2019-10-18,254.0
2019-10-19,249.0
2019-10-20,249.0
2019-10-21,240.0
2019-10-22,278.0
2019-10-23,286.0
2019-10-24,246.0
2019-10-25,211.0
2019-10-26,224.0
2019-10-27,206.0
2019-10-28,187.0
2019-10-29,188.0
2019-10-30,187.0
2019-10-31,186.0
2019-11-01,232.0
2019-11-02,233.0
2019-11-03,233.0
2019-11-04,235.0
2019-11-05,233.0
2019-11-06,230.0
2019-11-07,215.0
2019-11-08,211.0
2019-11-09,213.0
2019-11-10,213.0
2019-11-11,214.0
2019-11-12,196.0
2019-11-13,211.0
2019-11-14,212.0
2019-11-15,214.0
2019-11-16,212.0
2019-11-17,212.0
2019-11-18,213.0
2019-11-19,212.0
2019-11-20,219.0
2019-11-21,221.0
2019-11-22,220.0
2019-11-23,210.0
2019-11-24,192.0
2019-11-25,193.0
2019-11-26,205.0
2019-11-27,199.0
2019-11-28,205.0
2019-11-29,221.0
2019-11-30,227.0
2019-12-01,222.0
2019-12-02,203.0
2019-12-03,181.0
2019-12-04,178.0
2019-12-05,217.0
2019-12-06,214.0
2019-12-07,206.0
2019-12-08,215.0
2019-12-09,209.0
2019-12-10,190.0
2019-12-11,196.0
2019-12-12,210.0
2019-12-13,240.0
2019-12-14,238.0
2019-12-15,234.0
2019-12-16,224.0
2019-12-17,186.0
2019-12-18,184.0
2019-12-19,190.0
2019-12-20,224.0
2019-12-21,231.0
2019-12-22,234.0
2019-12-23,233.0
2019-12-24,195.0
2019-12-25,192.0
2019-12-26,187.0
2019-12-27,181.0
2019-12-28,184.0
2019-12-29,185.0
2019-12-30,193.0
2019-12-31,227.0
2020-01-01,241.0
2020-01-02,221.0
2020-01-03,218.0
2020-01-04,219.0
2020-01-05,217.0
2020-01-06,217.0
2020-01-07,214.0
2020-01-08,212.0
2020-01-09,212.0
2020-01-10,211.0
2020-01-11,214.0
2020-01-12,202.0
2020-01-13,183.0
2020-01-14,181.0
2020-01-15,179.0
2020-01-16,180.0
2020-01-17,224.0
2020-01-18,226.0
2020-01-19,228.0
2020-01-20,226.0
2020-01-21,229.0
2020-01-22,252.0
2020-01-23,294.0
2020-01-24,295.0
2020-01-25,295.0
2020-01-26,286.0
2020-01-27,231.0
2020-01-28,229.0
2020-01-29,235.0
2020-01-30,256.0
2020-01-31,260.0
2020-02-01,284.0
2020-02-02,284.0
2020-02-03,287.0
2020-02-04,285.0
2020-02-05,285.0
2020-02-06,285.0
2020-02-07,249.0
2020-02-08,227.0
2020-02-09,226.0
2020-02-10,226.0
2020-02-11,226.0
2020-02-12,226.0
2020-02-13,241.0
2020-02-14,260.0
2020-02-15,255.0
2020-02-16,248.0
2020-02-17,213.0
2020-02-18,213.0
2020-02-19,209.0
2020-02-20,216.0
2020-02-21,239.0
2020-02-22,240.0
2020-02-23,242.0
2020-02-24,240.0
2020-02-25,242.0
2020-02-26,243.0
2020-02-27,223.0
2020-02-28,216.0
2020-02-29,218.0
2020-03-01,220.0
2020-03-02,222.0
2020-03-03,223.0
2020-03-04,225.0
2020-03-05,257.0
2020-03-06,260.0
2020-03-07,268.0
2020-03-08,274.0
2020-03-09,287.0
2020-03-10,280.0
2020-03-11,280.0
2020-03-12,281.0
2020-03-13,252.0
2020-03-14,243.0
2020-03-15,247.0
2020-03-16,246.0
2020-03-17,258.0
2020-03-18,275.0
2020-03-19,280.0
2020-03-20,253.0
2020-03-21,248.0
2020-03-22,251.0
2020-03-23,244.0
2020-03-24,246.0
2020-03-25,249.0
2020-03-26,256.0
2020-03-27,282.0
2020-03-28,281.0
2020-03-29,273.0
2020-03-30,265.0
2020-03-31,215.0
2020-04-01,177.0
2020-04-02,179.0
2020-04-03,214.0
2020-04-04,219.0
2020-04-05,221.0
2020-04-06,223.0
2020-04-07,251.0
2020-04-08,269.0
2020-04-09,300.0
2020-04-10,293.0
2020-04-11,261.0
2020-04-12,264.0
2020-04-13,253.0
2020-04-14,192.0
2020-04-15,201.0
2020-04-16,240.0
2020-04-17,245.0
2020-04-18,258.0
2020-04-19,253.0
2020-04-20,250.0
2020-04-21,255.0
2020-04-22,291.0
2020-04-23,293.0
2020-04-24,297.0
2020-04-25,306.0
2020-04-26,335.0
2020-04-27,342.0
2020-04-28,357.0
2020-04-29,402.0
2020-04-30,420.0
2020-05-01,466.0
2020-05-02,475.0
2020-05-03,440.0
2020-05-04,384.0
2020-05-05,364.0
2020-05-06,365.0
2020-05-07,435.0
2020-05-08,470.0
2020-05-09,469.0
2020-05-10,467.0
2020-05-11,470.0
2020-05-12,452.0
2020-05-13,403.0
2020-05-14,428.0
2020-05-15,503.0
2020-05-16,502.0
2020-05-17,509.0
2020-05-18,519.0
2020-05-19,529.0
2020-05-20,537.0
2020-05-21,546.0
2020-05-22,533.0
2020-05-23,526.0
2020-05-24,542.0
2020-05-25,525.0
2020-05-26,395.0
2020-05-27,406.0
2020-05-28,561.0
2020-05-29,597.0
2020-05-30,487.0
2020-05-31,548.0
2020-06-01,598.0
2020-06-02,623.0
2020-06-03,568.0
2020-06-04,612.0
2020-06-05,625.0
2020-06-06,690.0
2020-06-07,680.0
2020-06-08,649.0
2020-06-09,643.0
2020-06-10,555.0
2020-06-11,476.0
2020-06-12,474.0
2020-06-13,576.0
2020-06-14,663.0
2020-06-15,635.0
2020-06-16,562.0
2020-06-17,471.0
2020-06-18,484.0
2020-06-19,578.0
2020-06-20,514.0
2020-06-21,463.0
2020-06-22,448.0
2020-06-23,444.0
2020-06-24,453.0
2020-06-25,519.0
2020-06-26,511.0
2020-06-27,522.0
2020-06-28,504.0
2020-06-29,494.0
2020-06-30,480.0
2020-07-01,476.0
2020-07-02,501.0
2020-07-03,547.0
2020-07-04,550.0
2020-07-05,570.0
2020-07-06,562.0
2020-07-07,557.0
2020-07-08,573.0
2020-07-09,585.0
2020-07-10,586.0
2020-07-11,579.0
2020-07-12,577.0
2020-07-13,577.0
2020-07-14,577.0
2020-07-15,582.0
2020-07-16,575.0
2020-07-17,571.0
2020-07-18,565.0
2020-07-19,571.0
2020-07-20,573.0
2020-07-21,572.0
2020-07-22,569.0
2020-07-23,563.0
2020-07-24,569.0
2020-07-25,589.0
2020-07-26,623.0
2020-07-27,621.0
2020-07-28,594.0
2020-07-29,610.0
2020-07-30,647.0
2020-07-31,648.0
2020-08-01,681.0
2020-08-02,686.0
2020-08-03,709.0
2020-08-04,777.0
2020-08-05,789.0
2020-08-06,833.0
2020-08-07,823.0
2020-08-08,814.0
2020-08-09,798.0
2020-08-10,781.0
2020-08-11,733.0
2020-08-12,725.0
2020-08-13,685.0
2020-08-14,657.0
2020-08-15,668.0
2020-08-16,639.0
2020-08-17,640.0
2020-08-18,648.0
2020-08-19,711.0
2020-08-20,749.0
2020-08-21,723.0
2020-08-22,692.0
2020-08-23,684.0
2020-08-24,685.0
2020-08-25,671.0
2020-08-26,644.0
2020-08-27,625.0
2020-08-28,583.0
2020-08-29,555.0
2020-08-30,495.0
2020-08-31,493.0
2020-09-01,531.0
2020-09-02,528.0
2020-09-03,525.0
2020-09-04,540.0
2020-09-05,589.0
2020-09-06,588.0
2020-09-07,577.0
2020-09-08,503.0
2020-09-09,373.0
2020-09-10,316.0
2020-09-11,321.0
2020-09-12,332.0
2020-09-13,423.0
2020-09-14,497.0
2020-09-15,580.0
2020-09-16,602.0
2020-09-17,650.0
2020-09-18,630.0
2020-09-19,598.0
2020-09-20,597.0
2020-09-21,597.0
2020-09-22,596.0
2020-09-23,593.0
2020-09-24,582.0
2020-09-25,579.0
2020-09-26,577.0
2020-09-27,559.0
2020-09-28,524.0
2020-09-29,541.0
2020-09-30,507.0
2020-10-01,494.0
2020-10-02,490.0
2020-10-03,490.0
2020-10-04,488.0
2020-10-05,487.0
2020-10-06,471.0
2020-10-07,439.0
2020-10-08,436.0
2020-10-09,432.0
2020-10-10,463.0
2020-10-11,510.0
2020-10-12,498.0
2020-10-13,405.0
2020-10-14,400.0
2020-10-15,457.0
2020-10-16,450.0
2020-10-17,420.0
2020-10-18,420.0
2020-10-19,408.0
2020-10-20,293.0
2020-10-21,286.0
2020-10-22,247.0
2020-10-23,241.0
2020-10-24,239.0
2020-10-25,231.0
2020-10-26,225.0
2020-10-27,221.0
2020-10-28,232.0
2020-10-29,240.0
2020-10-30,240.0
2020-10-31,239.0
2020-11-01,234.0
2020-11-02,233.0
2020-11-03,235.0
2020-11-04,234.0
2020-11-05,233.0
2020-11-06,233.0
2020-11-07,232.0
2020-11-08,237.0
2020-11-09,236.0
2020-11-10,228.0
2020-11-11,233.0
2020-11-12,236.0
2020-11-13,234.0
2020-11-14,243.0
2020-11-15,239.0
2020-11-16,247.0
2020-11-17,245.0
2020-11-18,263.0
2020-11-19,262.0
2020-11-20,260.0
2020-11-21,261.0
2020-11-22,255.0
2020-11-23,260.0
2020-11-24,270.0
2020-11-25,254.0
2020-11-26,258.0
2020-11-27,256.0
2020-11-28,234.0
2020-11-29,237.0
2020-11-30,246.0
2020-12-01,247.0
2020-12-02,250.0
2020-12-03,240.0
2020-12-04,253.0
2020-12-05,253.0
2020-12-06,253.0
2020-12-07,246.0
2020-12-08,230.0
2020-12-09,220.0
2020-12-10,220.0
2020-12-11,220.0
2020-12-12,220.0
2020-12-13,226.0
2020-12-14,233.0
2020-12-15,233.0
2020-12-16,233.0
2020-12-17,245.0
2020-12-18,259.0
2020-12-19,259.0
2020-12-20,259.0
2020-12-21,259.0
2020-12-22,259.0
2020-12-23,257.0
2020-12-24,253.0
2020-12-25,253.0
2020-12-26,246.0
2020-12-27,242.0
2020-12-28,241.0
2020-12-29,241.0
2020-12-30,241.0
2020-12-31,241.0
2021-01-01,249.0
2021-01-02,256.0
2021-01-03,255.0
2021-01-04,255.0
2021-01-05,256.0
2021-01-06,256.0
2021-01-07,248.0
2021-01-08,242.0
2021-01-09,242.0
2021-01-10,242.0
2021-01-11,242.0
2021-01-12,239.0
2021-01-13,240.0
2021-01-14,237.0
2021-01-15,228.0
2021-01-16,230.0
2021-01-17,230.0
2021-01-18,231.0
2021-01-19,230.0
2021-01-20,230.0
2021-01-21,230.0
2021-01-22,238.0
2021-01-23,247.0
2021-01-24,246.0
2021-01-25,246.0
2021-01-26,246.0
2021-01-27,247.0
2021-01-28,247.0
2021-01-29,247.0
2021-01-30,247.0
2021-01-31,247.0
2021-02-01,247.0
2021-02-02,247.0
2021-02-03,247.0
2021-02-04,247.0
2021-02-05,247.0
2021-02-06,247.0
2021-02-07,247.0
2021-02-08,247.0
2021-02-09,247.0
2021-02-10,237.0
2021-02-11,228.0
2021-02-12,215.0
2021-02-13,207.0
2021-02-14,207.0
2021-02-15,206.0
2021-02-16,206.0
2021-02-17,206.0
2021-02-18,206.0
2021-02-19,206.0
2021-02-20,206.0
2021-02-21,206.0
2021-02-22,207.0
2021-02-23,207.0
2021-02-24,208.0
2021-02-25,208.0
2021-02-26,208.0
2021-02-27,207.0
2021-02-28,207.0
2021-03-01,215.0
2021-03-02,215.0
2021-03-03,210.0
2021-03-04,208.0
2021-03-05,207.0
2021-03-06,207.0
2021-03-07,207.0
2021-03-08,208.0
2021-03-09,208.0
2021-03-10,208.0
2021-03-11,207.0
2021-03-12,207.0
2021-03-13,207.0
2021-03-14,205.0
2021-03-15,208.0
2021-03-16,207.0
2021-03-17,205.0
2021-03-18,176.0
2021-03-19,178.0
2021-03-20,179.0
2021-03-21,179.0
2021-03-22,181.0
2021-03-23,160.0
2021-03-24,159.0
2021-03-25,161.0
2021-03-26,158.0
2021-03-27,157.0
2021-03-28,159.0
2021-03-29,164.0
2021-03-30,183.0
2021-03-31,170.0
2021-04-01,172.0
2021-04-02,182.0
2021-04-03,195.0
2021-04-04,214.0
2021-04-05,223.0
2021-04-06,232.0
2021-04-07,227.0
2021-04-08,183.0
2021-04-09,162.0
2021-04-10,157.0
2021-04-11,155.0
2021-04-12,149.0
2021-04-13,146.0
2021-04-14,138.0
2021-04-15,136.0
2021-04-16,141.0
2021-04-17,132.0
2021-04-18,124.0
2021-04-19,132.0
2021-04-20,135.0
2021-04-21,140.0
2021-04-22,132.0
2021-04-23,140.0
2021-04-24,137.0
2021-04-25,140.0
2021-04-26,159.0
2021-04-27,174.0
2021-04-28,180.0
2021-04-29,177.0
2021-04-30,183.0
2021-05-01,209.0
2021-05-02,232.0
2021-05-03,291.0
2021-05-04,269.0
2021-05-05,271.0
2021-05-06,273.0
2021-05-07,279.0
2021-05-08,278.0
2021-05-09,297.0
2021-05-10,284.0
2021-05-11,289.0
2021-05-12,273.0
2021-05-13,286.0
2021-05-14,296.0
2021-05-15,303.0
2021-05-16,323.0
2021-05-17,348.0
2021-05-18,371.0
2021-05-19,378.0
2021-05-20,383.0
2021-05-21,409.0
2021-05-22,420.0
2021-05-23,557.0
2021-05-24,502.0
2021-05-25,452.0
2021-05-26,448.0
2021-05-27,421.0
2021-05-28,426.0
2021-05-29,416.0
2021-05-30,432.0
2021-05-31,466.0
2021-06-01,471.0
2021-06-02,444.0
2021-06-03,427.0
2021-06-04,449.0
2021-06-05,479.0
2021-06-06,492.0
2021-06-07,557.0
2021-06-08,547.0
2021-06-09,559.0
2021-06-10,602.0
2021-06-11,652.0
2021-06-12,636.0
2021-06-13,622.0
2021-06-14,579.0
2021-06-15,566.0
2021-06-16,551.0
2021-06-17,531.0
2021-06-18,533.0
2021-06-19,560.0
2021-06-20,491.0
2021-06-21,516.0
2021-06-22,497.0
2021-06-23,458.0
2021-06-24,457.0
2021-06-25,483.0
2021-06-26,518.0
2021-06-27,480.0
2021-06-28,429.0
2021-06-29,383.0
2021-06-30,363.0
2021-07-01,435.0
2021-07-02,572.0
2021-07-03,599.0
2021-07-04,486.0
2021-07-05,468.0
2021-07-06,503.0
2021-07-07,526.0
2021-07-08,513.0
2021-07-09,515.0
2021-07-10,525.0
2021-07-11,532.0
2021-07-12,554.0
2021-07-13,647.0
2021-07-14,709.0
2021-07-15,709.0
2021-07-16,559.0
2021-07-17,540.0
2021-07-18,535.0
2021-07-19,517.0
2021-07-20,512.0
2021-07-21,591.0
2021-07-22,709.0
2021-07-23,650.0
2021-07-24,713.0
2021-07-25,449.0
2021-07-26,489.0
2021-07-27,603.0
2021-07-28,629.0
2021-07-29,618.0
2021-07-30,574.0
2021-07-31,654.0
2021-08-01,715.0
2021-08-02,576.0
2021-08-03,606.0
2021-08-04,700.0
2021-08-05,628.0
2021-08-06,618.0
2021-08-07,698.0
2021-08-08,728.0
2021-08-09,723.0
2021-08-10,800.0
2021-08-11,851.0
2021-08-12,876.0
2021-08-13,872.0
2021-08-14,830.0
2021-08-15,772.0
2021-08-16,888.0
2021-08-17,879.0
2021-08-18,862.0
2021-08-19,828.0
2021-08-20,866.0
2021-08-21,817.0
2021-08-22,749.0
2021-08-23,753.0
2021-08-24,763.0
2021-08-25,814.0
2021-08-26,815.0
2021-08-27,811.0
2021-08-28,804.0
2021-08-29,809.0
2021-08-30,804.0
2021-08-31,789.0
2021-09-01,793.0
2021-09-02,757.0
2021-09-03,719.0
2021-09-04,703.0
2021-09-05,641.0
2021-09-06,631.0
2021-09-07,641.0
2021-09-08,682.0
2021-09-09,735.0
2021-09-10,728.0
2021-09-11,725.0
2021-09-12,729.0
2021-09-13,731.0
2021-09-14,730.0
2021-09-15,711.0
2021-09-16,669.0
2021-09-17,616.0
2021-09-18,592.0
2021-09-19,588.0
2021-09-20,593.0
2021-09-21,595.0
2021-09-22,593.0
2021-09-23,591.0
2021-09-24,591.0
2021-09-25,515.0
2021-09-26,488.0
2021-09-27,580.0
2021-09-28,593.0
2021-09-29,698.0
2021-09-30,648.0
2021-10-01,538.0
2021-10-02,503.0
2021-10-03,493.0
2021-10-04,487.0
2021-10-05,487.0
2021-10-06,534.0
2021-10-07,546.0
2021-10-08,627.0
2021-10-09,633.0
2021-10-10,600.0
2021-10-11,424.0
2021-10-12,349.0
2021-10-13,360.0
2021-10-14,358.0
2021-10-15,357.0
2021-10-16,341.0
2021-10-17,345.0
2021-10-18,350.0
2021-10-19,413.0
2021-10-20,420.0
2021-10-21,448.0
2021-10-22,385.0
2021-10-23,337.0
2021-10-24,336.0
2021-10-25,321.0
2021-10-26,309.0
2021-10-27,355.0
2021-10-28,357.0
2021-10-29,359.0
2021-10-30,361.0
2021-10-31,355.0
2021-11-01,357.0
2021-11-02,355.0
2021-11-03,329.0
2021-11-04,290.0
2021-11-05,293.0
2021-11-06,311.0
2021-11-07,316.0
2021-11-08,322.0
2021-11-09,361.0
2021-11-10,366.0
2021-11-11,357.0
2021-11-12,360.0
2021-11-13,351.0
2021-11-14,345.0
2021-11-15,311.0
2021-11-16,267.0
2021-11-17,266.0
2021-11-18,246.0
2021-11-19,258.0
2021-11-20,272.0
2021-11-21,287.0
2021-11-22,286.0
2021-11-23,273.0
2021-11-24,275.0
2021-11-25,256.0
2021-11-26,235.0
2021-11-27,247.0
2021-11-28,223.0
2021-11-29,226.0
2021-11-30,225.0
2021-12-01,235.0
2021-12-02,270.0
2021-12-03,266.0
2021-12-04,256.0
2021-12-05,278.0
2021-12-06,266.0
2021-12-07,277.0
2021-12-08,302.0
2021-12-09,302.0
2021-12-10,236.0
2021-12-11,204.0
2021-12-12,203.0
2021-12-13,222.0
2021-12-14,220.0
2021-12-15,236.0
2021-12-16,209.0
2021-12-17,203.0
2021-12-18,231.0
2021-12-19,233.0
2021-12-20,243.0
2021-12-21,270.0
2021-12-22,280.0
2021-12-23,282.0
2021-12-24,280.0
2021-12-25,264.0
2021-12-26,225.0
2021-12-27,220.0
2021-12-28,219.0
2021-12-29,180.0
2021-12-30,175.0
2021-12-31,167.0
2022-01-01,167.0
2022-01-02,168.0
2022-01-03,168.0
2022-01-04,168.0
2022-01-05,168.0
2022-01-06,168.0
2022-01-07,178.0
2022-01-08,184.0
2022-01-09,185.0
2022-01-10,186.0
2022-01-11,187.0
2022-01-12,205.0
2022-01-13,230.0
2022-01-14,230.0
2022-01-15,230.0
2022-01-16,230.0
2022-01-17,230.0
2022-01-18,230.0
2022-01-19,195.0
2022-01-20,185.0
2022-01-21,175.0
2022-01-22,166.0
2022-01-23,167.0
2022-01-24,166.0
2022-01-25,149.0
2022-01-26,138.0
2022-01-27,131.0
2022-01-28,128.0
2022-01-29,129.0
2022-01-30,130.0
2022-01-31,130.0
2022-02-01,124.0
2022-02-02,121.0
2022-02-03,119.0
2022-02-04,119.0
2022-02-05,120.0
2022-02-06,120.0
2022-02-07,121.0
2022-02-08,121.0
2022-02-09,121.0
2022-02-10,103.0
2022-02-11,91.0
2022-02-12,90.0
2022-02-13,89.0
2022-02-14,90.0
2022-02-15,100.0
2022-02-16,100.0
2022-02-17,123.0
2022-02-18,185.0
2022-02-19,218.0
2022-02-20,221.0
2022-02-21,221.0
2022-02-22,220.0
2022-02-23,235.0
2022-02-24,270.0
2022-02-25,265.0
2022-02-26,264.0
2022-02-27,255.0
2022-02-28,231.0
2022-03-01,191.0
2022-03-02,194.0
2022-03-03,198.0
2022-03-04,202.0
2022-03-05,200.0
2022-03-06,190.0
2022-03-07,185.0
2022-03-08,190.0
2022-03-09,265.0
2022-03-10,277.0
2022-03-11,308.0
2022-03-12,300.0
2022-03-13,242.0
2022-03-14,244.0
2022-03-15,243.0
2022-03-16,248.0
2022-03-17,253.0
2022-03-18,239.0
2022-03-19,245.0
2022-03-20,249.0
2022-03-21,252.0
2022-03-22,242.0
2022-03-23,237.0
2022-03-24,248.0
2022-03-25,255.0
2022-03-26,260.0
2022-03-27,270.0
2022-03-28,270.0
2022-03-29,273.0
2022-03-30,236.0
2022-03-31,187.0
2022-04-01,192.0
2022-04-02,232.0
2022-04-03,237.0
2022-04-04,237.0
2022-04-05,235.0
2022-04-06,231.0
2022-04-07,230.0
2022-04-08,269.0
2022-04-09,276.0
2022-04-10,278.0
2022-04-11,274.0
2022-04-12,270.0
2022-04-13,267.0
2022-04-14,256.0
2022-04-15,263.0
2022-04-16,262.0
2022-04-17,260.0
2022-04-18,276.0
2022-04-19,333.0
2022-04-20,396.0
2022-04-21,404.0
2022-04-22,392.0
2022-04-23,405.0
2022-04-24,413.0
2022-04-25,412.0
2022-04-26,412.0
2022-04-27,424.0
2022-04-28,482.0
2022-04-29,485.0
2022-04-30,523.0
2022-05-01,530.0
2022-05-02,544.0
2022-05-03,533.0
2022-05-04,460.0
2022-05-05,417.0
2022-05-06,419.0
2022-05-07,448.0
2022-05-08,488.0
2022-05-09,493.0
2022-05-10,545.0
2022-05-11,561.0
2022-05-12,579.0
2022-05-13,545.0
2022-05-14,584.0
2022-05-15,606.0
2022-05-16,620.0
2022-05-17,550.0
2022-05-18,552.0
2022-05-19,565.0
2022-05-20,544.0
2022-05-21,441.0
2022-05-22,330.0
2022-05-23,441.0
2022-05-24,579.0
2022-05-25,557.0
2022-05-26,443.0
2022-05-27,585.0
2022-05-28,616.0
2022-05-29,554.0
2022-05-30,421.0
2022-05-31,407.0
2022-06-01,441.0
2022-06-02,508.0
2022-06-03,530.0
2022-06-04,502.0
2022-06-05,506.0
2022-06-06,526.0
2022-06-07,599.0
2022-06-08,588.0
2022-06-09,596.0
2022-06-10,586.0
2022-06-11,587.0
2022-06-12,585.0
2022-06-13,559.0
2022-06-14,545.0
2022-06-15,546.0
2022-06-16,614.0
2022-06-17,666.0
2022-06-18,729.0
2022-06-19,736.0
2022-06-20,715.0
2022-06-21,651.0
2022-06-22,636.0
2022-06-23,619.0
2022-06-24,610.0
2022-06-25,621.0
2022-06-26,669.0
2022-06-27,674.0
2022-06-28,635.0
2022-06-29,694.0
2022-06-30,706.0
2022-07-01,721.0
2022-07-02,707.0
2022-07-03,702.0
2022-07-04,695.0
2022-07-05,679.0
2022-07-06,780.0
2022-07-07,850.0
2022-07-08,812.0
2022-07-09,806.0
2022-07-10,807.0
2022-07-11,822.0
2022-07-12,763.0
2022-07-13,754.0
2022-07-14,745.0
2022-07-15,606.0
2022-07-16,745.0
2022-07-17,789.0
2022-07-18,778.0
2022-07-19,772.0
2022-07-20,775.0
2022-07-21,766.0
2022-07-22,760.0
2022-07-23,763.0
2022-07-24,796.0
2022-07-25,813.0
2022-07-26,642.0
2022-07-27,596.0
2022-07-28,590.0
2022-07-29,569.0
2022-07-30,590.0
2022-07-31,666.0
2022-08-01,702.0
2022-08-02,711.0
2022-08-03,699.0
2022-08-04,705.0
2022-08-05,701.0
2022-08-06,715.0
2022-08-07,705.0
2022-08-08,656.0
2022-08-09,564.0
2022-08-10,591.0
2022-08-11,696.0
2022-08-12,770.0
2022-08-13,731.0
2022-08-14,628.0
2022-08-15,569.0
2022-08-16,631.0
2022-08-17,599.0
2022-08-18,509.0
2022-08-19,486.0
2022-08-20,533.0
2022-08-21,624.0
2022-08-22,675.0
2022-08-23,647.0
2022-08-24,686.0
2022-08-25,757.0
2022-08-26,835.0
2022-08-27,951.0
2022-08-28,928.0
2022-08-29,960.0
2022-08-30,929.0
2022-08-31,915.0
2022-09-01,922.0
2022-09-02,970.0
2022-09-03,965.0
2022-09-04,970.0
2022-09-05,957.0
2022-09-06,937.0
2022-09-07,841.0
2022-09-08,801.0
2022-09-09,712.0
2022-09-10,640.0
2022-09-11,566.0
2022-09-12,555.0
2022-09-13,550.0
2022-09-14,564.0
2022-09-15,612.0
2022-09-16,558.0
2022-09-17,519.0
2022-09-18,514.0
2022-09-19,506.0
2022-09-20,503.0
2022-09-21,509.0
2022-09-22,539.0
2022-09-23,477.0
2022-09-24,462.0
2022-09-25,454.0
2022-09-26,454.0
2022-09-27,497.0
2022-09-28,508.0
2022-09-29,521.0
2022-09-30,536.0
2022-10-01,533.0
2022-10-02,437.0
2022-10-03,440.0
2022-10-04,390.0
2022-10-05,408.0
2022-10-06,404.0
2022-10-07,412.0
2022-10-08,434.0
2022-10-09,432.0
2022-10-10,430.0
2022-10-11,444.0
2022-10-12,495.0
2022-10-13,494.0
2022-10-14,495.0
2022-10-15,492.0
2022-10-16,492.0
2022-10-17,481.0
2022-10-18,431.0
2022-10-19,391.0
2022-10-20,388.0
2022-10-21,384.0
2022-10-22,383.0
2022-10-23,378.0
2022-10-24,362.0
2022-10-25,275.0
2022-10-26,365.0
2022-10-27,402.0
2022-10-28,334.0
2022-10-29,336.0
2022-10-30,338.0
2022-10-31,331.0
2022-11-01,292.0
2022-11-02,291.0
2022-11-03,288.0
2022-11-04,285.0
2022-11-05,283.0
2022-11-06,292.0
2022-11-07,286.0
2022-11-08,289.0
2022-11-09,284.0
2022-11-10,284.0
2022-11-11,267.0
2022-11-12,259.0
2022-11-13,268.0
2022-11-14,271.0
2022-11-15,265.0
2022-11-16,280.0
2022-11-17,287.0
2022-11-18,291.0
2022-11-19,291.0
2022-11-20,293.0
2022-11-21,294.0
2022-11-22,311.0
2022-11-23,313.0
2022-11-24,315.0
2022-11-25,310.0
2022-11-26,311.0
2022-11-27,313.0
2022-11-28,308.0
2022-11-29,272.0
2022-11-30,271.0
2022-12-01,286.0
2022-12-02,268.0
2022-12-03,266.0
2022-12-04,269.0
2022-12-05,269.0
2022-12-06,268.0
2022-12-07,266.0
2022-12-08,265.0
2022-12-09,259.0
2022-12-10,258.0
2022-12-11,262.0
2022-12-12,264.0
2022-12-13,259.0
2022-12-14,222.0
2022-12-15,222.0
2022-12-16,241.0
2022-12-17,245.0
2022-12-18,235.0
2022-12-19,215.0
2022-12-20,185.0
2022-12-21,160.0
2022-12-22,149.0
2022-12-23,175.0
2022-12-24,200.0
2022-12-25,200.0
2022-12-26,200.0
2022-12-27,200.0
2022-12-28,200.0
2022-12-29,200.0
2022-12-30,200.0
2022-12-31,200.0
2023-01-01,200.0
2023-01-02,200.0
2023-01-03,200.0
2023-01-04,200.0
2023-01-05,200.0
2023-01-06,200.0
2023-01-07,200.0
2023-01-08,205.0
2023-01-09,210.0
2023-01-10,214.0
2023-01-11,215.0
2023-01-12,197.0
2023-01-13,211.0
2023-01-14,250.0
2023-01-15,248.0
2023-01-16,250.0
2023-01-17,242.0
2023-01-18,215.0
2023-01-19,205.0
2023-01-20,200.0
2023-01-21,200.0
2023-01-22,200.0
2023-01-23,200.0
2023-01-24,197.0
2023-01-25,195.0
2023-01-26,205.0
2023-01-27,235.0
2023-01-28,225.0
2023-01-29,225.0
2023-01-30,225.0
2023-01-31,215.0
2023-02-01,195.0
2023-02-02,195.0
2023-02-03,195.0
2023-02-04,195.0
2023-02-05,194.0
2023-02-06,194.0
2023-02-07,187.0
2023-02-08,179.0
2023-02-09,180.0
2023-02-10,166.0
2023-02-11,167.0
2023-02-12,171.0
2023-02-13,170.0
2023-02-14,172.0
2023-02-15,170.0
2023-02-16,170.0
2023-02-17,170.0
2023-02-18,185.0
2023-02-19,205.0
2023-02-20,207.0
2023-02-21,212.0
2023-02-22,205.0
2023-02-23,205.0
2023-02-24,215.0
2023-02-25,249.0
2023-02-26,255.0
2023-02-27,248.0
2023-02-28,209.0
2023-03-01,203.0
2023-03-02,205.0
2023-03-03,206.0
2023-03-04,204.0
2023-03-05,207.0
2023-03-06,207.0
2023-03-07,207.0
2023-03-08,206.0
2023-03-09,218.0
2023-03-10,283.0
2023-03-11,291.0
2023-03-12,289.0
2023-03-13,284.0
2023-03-14,283.0
2023-03-15,287.0
2023-03-16,287.0
2023-03-17,231.0
2023-03-18,222.0
2023-03-19,223.0
2023-03-20,232.0
2023-03-21,229.0
2023-03-22,228.0
2023-03-23,234.0
2023-03-24,266.0
2023-03-25,290.0
2023-03-26,284.0
2023-03-27,294.0
2023-03-28,284.0
2023-03-29,288.0
2023-03-30,263.0
2023-03-31,260.0
2023-04-01,241.0
2023-04-02,244.0
2023-04-03,252.0
2023-04-04,255.0
2023-04-05,241.0
2023-04-06,238.0
2023-04-07,221.0
2023-04-08,225.0
2023-04-09,223.0
2023-04-10,228.0
2023-04-11,240.0
2023-04-12,317.0
2023-04-13,338.0
2023-04-14,336.0
2023-04-15,274.0
2023-04-16,255.0
2023-04-17,256.0
2023-04-18,262.0
2023-04-19,269.0
2023-04-20,254.0
2023-04-21,240.0
2023-04-22,265.0
2023-04-23,256.0
2023-04-24,264.0
2023-04-25,273.0
2023-04-26,304.0
2023-04-27,313.0
2023-04-28,328.0
2023-04-29,322.0
2023-04-30,331.0
2023-05-01,337.0
2023-05-02,327.0
2023-05-03,344.0
2023-05-04,361.0
2023-05-05,352.0
2023-05-06,342.0
2023-05-07,337.0
2023-05-08,330.0
2023-05-09,332.0
2023-05-10,384.0
2023-05-11,550.0
2023-05-12,826.0
2023-05-13,709.0
2023-05-14,667.0
2023-05-15,707.0
2023-05-16,740.0
2023-05-17,693.0
2023-05-18,634.0
2023-05-19,706.0
2023-05-20,641.0
2023-05-21,664.0
2023-05-22,672.0
2023-05-23,840.0
2023-05-24,839.0
2023-05-25,900.0
2023-05-26,870.0
2023-05-27,833.0
2023-05-28,807.0
2023-05-29,769.0
2023-05-30,750.0
2023-05-31,681.0
2023-06-01,640.0
2023-06-02,583.0
2023-06-03,534.0
2023-06-04,533.0
2023-06-05,538.0
2023-06-06,563.0
2023-06-07,564.0
2023-06-08,607.0
2023-06-09,665.0
2023-06-10,654.0
2023-06-11,710.0
2023-06-12,822.0
2023-06-13,832.0
2023-06-14,767.0
2023-06-15,738.0
2023-06-16,903.0
2023-06-17,1090.0
2023-06-18,1080.0
2023-06-19,1020.0
2023-06-20,987.0
2023-06-21,946.0
2023-06-22,1040.0
2023-06-23,1060.0
2023-06-24,968.0
2023-06-25,906.0
2023-06-26,869.0
2023-06-27,806.0
2023-06-28,766.0
2023-06-29,730.0
2023-06-30,722.0
2023-07-01,682.0
2023-07-02,637.0
2023-07-03,602.0
2023-07-04,597.0
2023-07-05,635.0
2023-07-06,669.0
2023-07-07,603.0
2023-07-08,602.0
2023-07-09,555.0
2023-07-10,518.0
2023-07-11,492.0
2023-07-12,468.0
2023-07-13,527.0
2023-07-14,583.0
2023-07-15,569.0
2023-07-16,555.0
2023-07-17,534.0
2023-07-18,579.0
2023-07-19,621.0
2023-07-20,584.0
2023-07-21,537.0
2023-07-22,461.0
2023-07-23,446.0
2023-07-24,456.0
2023-07-25,552.0
2023-07-26,539.0
2023-07-27,515.0
2023-07-28,512.0
2023-07-29,488.0
2023-07-30,483.0
2023-07-31,515.0
2023-08-01,647.0
2023-08-02,551.0
2023-08-03,420.0
2023-08-04,338.0
2023-08-05,339.0
2023-08-06,458.0
2023-08-07,549.0
2023-08-08,530.0
2023-08-09,524.0
2023-08-10,559.0
2023-08-11,602.0
2023-08-12,612.0
2023-08-13,606.0
2023-08-14,606.0
2023-08-15,597.0
2023-08-16,628.0
2023-08-17,632.0
2023-08-18,626.0
2023-08-19,623.0
2023-08-20,611.0
2023-08-21,600.0
2023-08-22,598.0
2023-08-23,604.0
2023-08-24,581.0
2023-08-25,572.0
2023-08-26,518.0
2023-08-27,507.0
2023-08-28,467.0
2023-08-29,453.0
2023-08-30,408.0
2023-08-31,405.0
2023-09-01,613.0
2023-09-02,688.0
2023-09-03,701.0
2023-09-04,697.0
2023-09-05,669.0
2023-09-06,644.0
2023-09-07,570.0
2023-09-08,535.0
2023-09-09,532.0
2023-09-10,533.0
2023-09-11,590.0
2023-09-12,559.0
2023-09-13,440.0
2023-09-14,439.0
2023-09-15,508.0
2023-09-16,544.0
2023-09-17,499.0
2023-09-18,481.0
2023-09-19,475.0
2023-09-20,481.0
2023-09-21,501.0
2023-09-22,495.0
2023-09-23,491.0
2023-09-24,486.0
2023-09-25,498.0
2023-09-26,548.0
2023-09-27,592.0
2023-09-28,592.0
2023-09-29,590.0
2023-09-30,589.0
2023-10-01,577.0
2023-10-02,463.0
2023-10-03,466.0
2023-10-04,463.0
2023-10-05,465.0
2023-10-06,463.0
2023-10-07,455.0
2023-10-08,433.0
2023-10-09,383.0
2023-10-10,379.0
2023-10-11,384.0
2023-10-12,431.0
2023-10-13,424.0
2023-10-14,385.0
2023-10-15,378.0
2023-10-16,357.0
2023-10-17,360.0
2023-10-18,383.0
2023-10-19,384.0
2023-10-20,386.0
2023-10-21,451.0
2023-10-22,417.0
2023-10-23,336.0
2023-10-24,331.0
2023-10-25,322.0
2023-10-26,322.0
2023-10-27,320.0
2023-10-28,309.0
2023-10-29,311.0
2023-10-30,234.0
2023-10-31,240.0
2023-11-01,252.0
2023-11-02,255.0
2023-11-03,200.0
2023-11-04,167.0
2023-11-05,149.0
2023-11-06,147.0
2023-11-07,141.0
2023-11-08,169.0
2023-11-09,203.0
2023-11-10,190.0
2023-11-11,195.0
2023-11-12,199.0
2023-11-13,218.0
2023-11-14,204.0
2023-11-15,204.0
2023-11-16,207.0
2023-11-17,205.0
2023-11-18,199.0
2023-11-19,202.0
2023-11-20,203.0
2023-11-21,177.0
2023-11-22,144.0
2023-11-23,160.0
2023-11-24,210.0
2023-11-25,201.0
2023-11-26,187.0
2023-11-27,186.0
2023-11-28,213.0
2023-11-29,228.0
2023-11-30,230.0
2023-12-01,208.0
2023-12-02,191.0
2023-12-03,174.0
2023-12-04,160.0
2023-12-05,196.0
2023-12-06,195.0
2023-12-07,194.0
2023-12-08,197.0
2023-12-09,169.0
2023-12-10,155.0
2023-12-11,167.0
2023-12-12,171.0
2023-12-13,172.0
2023-12-14,146.0
2023-12-15,132.0
2023-12-16,195.0
2023-12-17,225.0
2023-12-18,201.0
2023-12-19,184.0
2023-12-20,190.0
2023-12-21,211.0
2023-12-22,207.0
2023-12-23,215.0
2023-12-24,217.0
2023-12-25,192.0
2023-12-26,206.0
2023-12-27,216.0
2023-12-28,186.0
2023-12-29,186.0
2023-12-30,216.0
2023-12-31,225.0
2024-01-01,231.0
2024-01-02,231.0
2024-01-03,195.0
2024-01-04,185.0
2024-01-05,165.0
2024-01-06,140.0
2024-01-07,130.0
2024-01-08,130.0
2024-01-09,139.0
2024-01-10,195.0
2024-01-11,210.0
2024-01-12,227.0
2024-01-13,240.0
2024-01-14,240.0
2024-01-15,240.0
2024-01-16,240.0
2024-01-17,220.0
2024-01-18,204.0
2024-01-19,208.0
2024-01-20,234.0
2024-01-21,227.0
2024-01-22,187.0
2024-01-23,166.0
2024-01-24,170.0
2024-01-25,209.0
2024-01-26,230.0
2024-01-27,230.0
2024-01-28,224.0
2024-01-29,189.0
2024-01-30,174.0
2024-01-31,176.0
2024-02-01,204.0
2024-02-02,218.0
2024-02-03,225.0
2024-02-04,218.0
2024-02-05,166.0
2024-02-06,175.0
2024-02-07,226.0
2024-02-08,223.0
2024-02-09,221.0
2024-02-10,221.0
2024-02-11,218.0
2024-02-12,212.0
2024-02-13,221.0
2024-02-14,235.0
2024-02-15,235.0
2024-02-16,236.0
2024-02-17,216.0
2024-02-18,209.0
2024-02-19,215.0
2024-02-20,215.0
2024-02-21,206.0
2024-02-22,208.0
2024-02-23,221.0
2024-02-24,221.0
2024-02-25,226.0
2024-02-26,227.0
2024-02-27,216.0
2024-02-28,200.0
2024-02-29,210.0
2024-03-01,213.0
2024-03-02,215.0
2024-03-03,218.0
2024-03-04,210.0
2024-03-05,207.0
2024-03-06,209.0
2024-03-07,220.0
2024-03-08,209.0
2024-03-09,174.0
2024-03-10,180.0
2024-03-11,186.0
2024-03-12,175.0
2024-03-13,178.0
2024-03-14,197.0
2024-03-15,180.0
2024-03-16,182.0
2024-03-17,193.0
2024-03-18,183.0
2024-03-19,192.0
2024-03-20,208.0
2024-03-21,215.0
2024-03-22,220.0
2024-03-23,212.0
2024-03-24,194.0
2024-03-25,174.0
2024-03-26,154.0
2024-03-27,155.0
2024-03-28,174.0
2024-03-29,216.0
2024-03-30,214.0
2024-03-31,221.0
2024-04-01,188.0
2024-04-02,186.0
2024-04-03,186.0
2024-04-04,223.0
2024-04-05,259.0
2024-04-06,275.0
2024-04-07,268.0
2024-04-08,258.0
2024-04-09,230.0
2024-04-10,224.0
2024-04-11,227.0
2024-04-12,261.0
2024-04-13,293.0
2024-04-14,310.0
2024-04-15,330.0
2024-04-16,323.0
2024-04-17,280.0
2024-04-18,269.0
2024-04-19,264.0
2024-04-20,255.0
2024-04-21,252.0
2024-04-22,250.0
2024-04-23,256.0
2024-04-24,252.0
2024-04-25,257.0
2024-04-26,253.0
2024-04-27,303.0
2024-04-28,297.0
2024-04-29,294.0
2024-04-30,294.0
2024-05-01,305.0
2024-05-02,358.0
2024-05-03,408.0
2024-05-04,479.0
2024-05-05,483.0
2024-05-06,487.0
2024-05-07,473.0
2024-05-08,462.0
2024-05-09,457.0
2024-05-10,466.0
2024-05-11,466.0
2024-05-12,587.0
2024-05-13,651.0
2024-05-14,601.0
2024-05-15,706.0
2024-05-16,1030.0
2024-05-17,1070.0
2024-05-18,1050.0
2024-05-19,1040.0
2024-05-20,1030.0
2024-05-21,1030.0
2024-05-22,975.0
2024-05-23,923.0
2024-05-24,915.0
2024-05-25,885.0
2024-05-26,848.0
2024-05-27,812.0
2024-05-28,826.0
2024-05-29,838.0
2024-05-30,854.0
2024-05-31,885.0
2024-06-01,892.0
2024-06-02,907.0
2024-06-03,929.0
2024-06-04,932.0
2024-06-05,948.0
2024-06-06,1010.0
2024-06-07,1060.0
2024-06-08,1120.0
2024-06-09,1140.0
2024-06-10,1220.0
2024-06-11,1240.0
2024-06-12,1280.0
2024-06-13,1300.0
2024-06-14,1300.0
2024-06-15,1270.0
2024-06-16,1290.0
2024-06-17,1300.0
2024-06-18,1330.0
2024-06-19,1370.0
2024-06-20,1370.0
2024-06-21,1390.0
2024-06-22,1350.0
2024-06-23,1270.0
2024-06-24,1210.0
2024-06-25,1170.0
2024-06-26,1160.0
2024-06-27,1140.0
2024-06-28,1120.0
2024-06-29,1090.0
2024-06-30,1100.0
2024-07-01,1120.0
2024-07-02,1110.0
2024-07-03,1070.0
2024-07-04,1020.0
2024-07-05,998.0
2024-07-06,985.0
2024-07-07,974.0
2024-07-08,965.0
2024-07-09,954.0
2024-07-10,953.0
2024-07-11,918.0
2024-07-12,791.0
2024-07-13,735.0
2024-07-14,648.0
2024-07-15,579.0
2024-07-16,516.0
2024-07-17,511.0
2024-07-18,499.0
2024-07-19,586.0
2024-07-20,644.0
2024-07-21,688.0
2024-07-22,578.0
2024-07-23,522.0
2024-07-24,501.0
2024-07-25,582.0
2024-07-26,631.0
2024-07-27,683.0
2024-07-28,660.0
2024-07-29,606.0
2024-07-30,610.0
2024-07-31,663.0
2024-08-01,661.0
2024-08-02,661.0
2024-08-03,662.0
2024-08-04,649.0
2024-08-05,677.0
2024-08-06,678.0
2024-08-07,564.0
2024-08-08,443.0
2024-08-09,469.0
2024-08-10,526.0
2024-08-11,538.0
2024-08-12,522.0
2024-08-13,597.0
2024-08-14,680.0
2024-08-15,644.0
2024-08-16,644.0
2024-08-17,693.0
2024-08-18,752.0
2024-08-19,746.0
2024-08-20,696.0
2024-08-21,595.0
2024-08-22,600.0
2024-08-23,593.0
2024-08-24,525.0
2024-08-25,507.0
2024-08-26,526.0
2024-08-27,612.0
2024-08-28,606.0
2024-08-29,616.0
2024-08-30,714.0
2024-08-31,737.0
2024-09-01,713.0
2024-09-02,701.0
2024-09-03,684.0
2024-09-04,697.0
2024-09-05,684.0
2024-09-06,541.0
2024-09-07,515.0
2024-09-08,508.0
2024-09-09,524.0
2024-09-10,613.0
2024-09-11,637.0
2024-09-12,709.0
2024-09-13,706.0
2024-09-14,696.0
2024-09-15,686.0
2024-09-16,635.0
2024-09-17,573.0
2024-09-18,565.0
2024-09-19,528.0
2024-09-20,501.0
2024-09-21,502.0
2024-09-22,525.0
2024-09-23,519.0
2024-09-24,509.0
2024-09-25,513.0
2024-09-26,545.0
2024-09-27,545.0
2024-09-28,607.0
2024-09-29,607.0
2024-09-30,610.0
2024-10-01,606.0
2024-10-02,586.0
2024-10-03,549.0
2024-10-04,542.0
2024-10-05,515.0
2024-10-06,511.0
2024-10-07,490.0
2024-10-08,489.0
2024-10-09,497.0
2024-10-10,523.0
2024-10-11,494.0
2024-10-12,493.0
2024-10-13,492.0
2024-10-14,489.0
2024-10-15,459.0
2024-10-16,460.0
2024-10-17,465.0
2024-10-18,402.0
2024-10-19,336.0
2024-10-20,328.0
2024-10-21,326.0
2024-10-22,324.0
2024-10-23,327.0
2024-10-24,360.0
2024-10-25,358.0
2024-10-26,330.0
2024-10-27,331.0
2024-10-28,370.0
2024-10-29,361.0
2024-10-30,356.0
2024-10-31,300.0
2024-11-01,256.0
2024-11-02,230.0
2024-11-03,229.0
2024-11-04,238.0
2024-11-05,234.0
2024-11-06,240.0
2024-11-07,229.0
2024-11-08,239.0
2024-11-09,223.0
2024-11-10,217.0
2024-11-11,187.0
2024-11-12,180.0
2024-11-13,178.0
2024-11-14,173.0
2024-11-15,201.0
2024-11-16,230.0
2024-11-17,296.0
2024-11-18,295.0
2024-11-19,289.0
2024-11-20,246.0
2024-11-21,258.0
2024-11-22,268.0
2024-11-23,269.0
2024-11-24,262.0
2024-11-25,205.0
2024-11-26,195.0
2024-11-27,207.0
2024-11-28,182.0
2024-11-29,184.0
2024-11-30,252.0
2024-12-01,241.0
2024-12-02,244.0
2024-12-03,242.0
2024-12-04,243.0
2024-12-05,242.0
2024-12-06,244.0
2024-12-07,269.0
2024-12-08,268.0
2024-12-09,270.0
2024-12-10,272.0
2024-12-11,320.0
2024-12-12,320.0
2024-12-13,313.0
2024-12-14,270.0
2024-12-15,275.0
2024-12-16,269.0
2024-12-17,281.0
2024-12-18,311.0
2024-12-19,309.0
2024-12-20,304.0
2024-12-21,287.0
2024-12-22,289.0
2024-12-23,285.0
2024-12-24,251.0
2024-12-25,251.0
2024-12-26,254.0
2024-12-27,272.0
2024-12-28,269.0
2024-12-29,272.0
2024-12-30,271.0
2024-12-31,241.0
2025-01-01,229.0
2025-01-02,237.0
2025-01-03,235.0
2025-01-04,236.0
2025-01-05,232.0
2025-01-06,234.0
2025-01-07,265.0
2025-01-08,255.0
2025-01-09,269.0
2025-01-10,263.0
2025-01-11,279.0
2025-01-12,258.0
2025-01-13,273.0
2025-01-14,271.0
2025-01-15,293.0
2025-01-16,347.0
2025-01-17,296.0
2025-01-18,264.0
2025-01-19,261.0
2025-01-20,279.0
2025-01-21,276.0
2025-01-22,292.0
2025-01-23,302.0
2025-01-24,397.0
2025-01-25,420.0
2025-01-26,475.0
2025-01-27,503.0
2025-01-28,316.0
2025-01-29,252.0
2025-01-30,262.0
2025-01-31,242.0
2025-02-01,240.0
2025-02-02,241.0
2025-02-03,248.0
2025-02-04,251.0
2025-02-05,266.0
2025-02-06,266.0
2025-02-07,261.0
2025-02-08,262.0
2025-02-09,257.0
2025-02-10,242.0
2025-02-11,247.0
2025-02-12,240.0
2025-02-13,250.0
2025-02-14,271.0
2025-02-15,273.0
2025-02-16,268.0
2025-02-17,274.0
2025-02-18,271.0
2025-02-19,266.0
2025-02-20,267.0
2025-02-21,273.0
2025-02-22,263.0
2025-02-23,273.0
2025-02-24,279.0
2025-02-25,287.0
2025-02-26,285.0
2025-02-27,272.0
2025-02-28,275.0
2025-03-01,269.0
2025-03-02,273.0
2025-03-03,280.0
2025-03-04,284.0
2025-03-05,273.0
2025-03-06,274.0
2025-03-07,273.0
2025-03-08,270.0
2025-03-09,268.0
2025-03-10,273.0
2025-03-11,272.0
2025-03-12,275.0
2025-03-13,273.0
2025-03-14,252.0
2025-03-15,226.0
2025-03-16,219.0
2025-03-17,222.0
2025-03-18,215.0
2025-03-19,213.0
2025-03-20,201.0
2025-03-21,211.0
2025-03-22,223.0
2025-03-23,221.0
2025-03-24,220.0
2025-03-25,225.0
2025-03-26,228.0
2025-03-27,237.0
2025-03-28,260.0
2025-03-29,274.0
2025-03-30,273.0
2025-03-31,264.0
2025-04-01,259.0
2025-04-02,253.0
2025-04-03,238.0
2025-04-04,192.0
2025-04-05,184.0
2025-04-06,182.0
2025-04-07,187.0
2025-04-08,166.0
2025-04-09,170.0
2025-04-10,180.0
2025-04-11,241.0
2025-04-12,285.0
2025-04-13,294.0
2025-04-14,300.0
2025-04-15,300.0
2025-04-16,295.0
2025-04-17,297.0
2025-04-18,299.0
2025-04-19,280.0
2025-04-20,268.0
2025-04-21,270.0
2025-04-22,260.0
2025-04-23,234.0
2025-04-24,242.0
2025-04-25,299.0
2025-04-26,359.0
2025-04-27,366.0
2025-04-28,359.0
2025-04-29,332.0
2025-04-30,328.0
2025-05-01,322.0
2025-05-02,318.0
2025-05-03,324.0
2025-05-04,329.0
2025-05-05,331.0
2025-05-06,302.0
2025-05-07,309.0
2025-05-08,298.0
2025-05-09,308.0
2025-05-10,310.0
2025-05-11,326.0
2025-05-12,339.0
2025-05-13,351.0
2025-05-14,333.0
2025-05-15,367.0
2025-05-16,361.0
2025-05-17,387.0
2025-05-18,416.0
2025-05-19,409.0
2025-05-20,426.0
2025-05-21,461.0
2025-05-22,526.0
2025-05-23,539.0
2025-05-24,561.0
2025-05-25,552.0
2025-05-26,458.0
2025-05-27,411.0
2025-05-28,408.0
2025-05-29,412.0
2025-05-30,423.0
2025-05-31,433.0
2025-06-01,448.0
2025-06-02,459.0
2025-06-03,544.0
2025-06-04,565.0
2025-06-05,561.0
2025-06-06,561.0
2025-06-07,470.0
2025-06-08,410.0
2025-06-09,420.0
2025-06-10,418.0
2025-06-11,471.0
2025-06-12,517.0
2025-06-13,610.0
2025-06-14,592.0
2025-06-15,553.0
2025-06-16,503.0
2025-06-17,477.0
2025-06-18,469.0
2025-06-19,448.0
2025-06-20,410.0
2025-06-21,469.0
2025-06-22,511.0
2025-06-23,495.0
2025-06-24,507.0
2025-06-25,550.0
2025-06-26,529.0
2025-06-27,538.0
2025-06-28,540.0
2025-06-29,537.0
2025-06-30,566.0
2025-07-01,582.0
2025-07-02,629.0
2025-07-03,617.0
2025-07-04,623.0
2025-07-05,615.0
2025-07-06,610.0
2025-07-07,599.0
2025-07-08,597.0
2025-07-09,646.0
2025-07-10,732.0
2025-07-11,734.0
2025-07-12,641.0
2025-07-13,528.0
2025-07-14,623.0
2025-07-15,632.0
2025-07-16,592.0
2025-07-17,545.0
2025-07-18,535.0
2025-07-19,535.0
2025-07-20,536.0
2025-07-21,538.0
2025-07-22,553.0
2025-07-23,643.0
2025-07-24,616.0
2025-07-25,618.0
2025-07-26,602.0
2025-07-27,587.0
2025-07-28,585.0
2025-07-29,629.0
2025-07-30,640.0
2025-07-31,655.0
2025-08-01,646.0
2025-08-02,635.0
2025-08-03,630.0
2025-08-04,620.0
2025-08-05,631.0
2025-08-06,702.0
2025-08-07,699.0
2025-08-08,707.0
2025-08-09,732.0
2025-08-10,734.0
2025-08-11,718.0
2025-08-12,691.0
2025-08-13,617.0
2025-08-14,619.0
2025-08-15,618.0
2025-08-16,635.0
2025-08-17,679.0
2025-08-18,677.0
2025-08-19,669.0
2025-08-20,668.0
2025-08-21,713.0
2025-08-22,707.0
2025-08-23,685.0
2025-08-24,662.0
2025-08-25,639.0
2025-08-26,601.0
2025-08-27,481.0
2025-08-28,434.0
2025-08-29,430.0
2025-08-30,551.0
2025-08-31,581.0
2025-09-01,568.0
2025-09-02,581.0
2025-09-03,647.0
2025-09-04,682.0
2025-09-05,681.0
2025-09-06,673.0
2025-09-07,669.0
2025-09-08,664.0
2025-09-09,653.0
2025-09-10,616.0
2025-09-11,612.0
2025-09-12,614.0
2025-09-13,596.0
2025-09-14,583.0
2025-09-15,546.0
2025-09-16,534.0
2025-09-17,502.0
2025-09-18,432.0
2025-09-19,431.0
2025-09-20,445.0
2025-09-21,446.0
2025-09-22,450.0
2025-09-23,487.0
2025-09-24,486.0
2025-09-25,417.0
2025-09-26,399.0
2025-09-27,394.0
2025-09-28,391.0
2025-09-29,395.0
2025-09-30,394.0
2025-10-01,390.0
2025-10-02,386.0
2025-10-03,379.0
2025-10-04,371.0
2025-10-05,373.0
2025-10-06,384.0
2025-10-07,388.0
2025-10-08,380.0
2025-10-09,375.0
2025-10-10,355.0
2025-10-11,359.0
2025-10-12,361.0
2025-10-13,353.0
2025-10-14,355.0
2025-10-15,355.0
2025-10-16,355.0
2025-10-17,352.0
2025-10-18,352.0
2025-10-19,350.0
2025-10-20,349.0
2025-10-21,348.0
2025-10-22,347.0
2025-10-23,353.0
2025-10-24,353.0
2025-10-25,355.0
2025-10-26,353.0
2025-10-27,356.0
2025-10-28,353.0
2025-10-29,339.0
2025-10-30,352.0
2025-10-31,341.0
2025-11-01,299.0
2025-11-02,302.0
2025-11-03,291.0
2025-11-04,253.0
2025-11-05,248.0
2025-11-06,246.0
2025-11-07,266.0
2025-11-08,322.0
2025-11-09,316.0
2025-11-10,321.0
2025-11-11,309.0
2025-11-12,300.0
2025-11-13,300.0
2025-11-14,297.0
2025-11-15,296.0
2025-11-16,300.0
2025-11-17,303.0
2025-11-18,297.0
2025-11-19,298.0
2025-11-20,298.0
2025-11-21,300.0
2025-11-22,274.0
2025-11-23,269.0
2025-11-24,274.0
2025-11-25,271.0
2025-11-26,282.0
2025-11-27,290.0
2025-11-28,297.0
2025-11-29,298.0
2025-11-30,278.0
2025-12-01,275.0
2025-12-02,238.0
2025-12-03,254.0
2025-12-04,241.0
2025-12-05,251.0
2025-12-06,298.0
2025-12-07,290.0
2025-12-08,297.0
2025-12-09,301.0
2025-12-10,269.0
2025-12-11,270.0
2025-12-12,251.0
2025-12-13,246.0
2025-12-14,243.0
2025-12-15,241.0
2025-12-16,241.0
2025-12-17,241.0
2025-12-18,243.0
2025-12-19,240.0
2025-12-20,227.0
2025-12-21,223.0
2025-12-22,224.0
2025-12-23,221.0
2025-12-24,219.0
2025-12-25,203.0
2025-12-26,198.0
2025-12-27,169.0
2025-12-28,166.0
2025-12-29,141.0
2025-12-30,166.0
2025-12-31,177.0
2026-01-01,212.0
2026-01-02,208.0
2026-01-03,188.0
2026-01-04,186.0
2026-01-05,183.0
2026-01-06,170.0
2026-01-07,169.0
2026-01-08,181.0
2026-01-09,177.0
2026-01-10,151.0
2026-01-11,174.0
2026-01-12,193.0
2026-01-13,230.0
2026-01-14,212.0
2026-01-15,204.0
2026-01-16,209.0
2026-01-17,216.0
2026-01-18,212.0
2026-01-19,219.0
2026-01-20,210.0
2026-01-21,205.0
2026-01-22,208.0
2026-01-23,204.0
2026-01-24,227.0
2026-01-25,226.0
2026-01-26,224.0
2026-01-27,237.0
2026-01-28,336.0
2026-01-29,396.0
2026-01-30,277.0
2026-01-31,245.0
2026-02-01,256.0
2026-02-02,255.0
2026-02-03,249.0
2026-02-04,244.0
2026-02-05,237.0
2026-02-06,242.0
2026-02-07,244.0
2026-02-08,243.0
2026-02-09,245.0
2026-02-10,243.0
2026-02-11,242.0
2026-02-12,245.0
2026-02-13,245.0
2026-02-14,251.0
2026-02-15,243.0
2026-02-16,245.0
2026-02-17,245.0
2026-02-18,241.0
2026-02-19,227.0
2026-02-20,222.0
2026-02-21,226.0
2026-02-22,225.0
2026-02-23,228.0
2026-02-24,222.0
2026-02-25,222.0
2026-02-26,221.0
2026-02-27,216.0
2026-02-28,218.0
2026-03-01,219.0
2026-03-02,218.0
2026-03-03,221.0
2026-03-04,230.0
2026-03-05,266.0
2026-03-06,273.0
2026-03-07,230.0
2026-03-08,232.0
2026-03-09,235.0
2026-03-10,216.0
2026-03-11,199.0
2026-03-12,193.0
2026-03-13,192.0
2026-03-14,194.0
2026-03-15,202.0
2026-03-16,189.0
2026-03-17,199.0
2026-03-18,195.0
2026-03-19,201.0
2026-03-20,233.0
2026-03-21,238.0
2026-03-22,241.0
2026-03-23,243.0
2026-03-24,238.0
2026-03-25,199.0
2026-03-26,207.0
2026-03-27,205.0
2026-03-28,191.0
2026-03-29,182.0
2026-03-30,181.0
2026-03-31,181.0
2026-04-01,180.0
2026-04-02,180.0
2026-04-03,224.0
2026-04-04,220.0
2026-04-05,215.0
2026-04-06,216.0
2026-04-07,217.0
2026-04-08,217.0
2026-04-09,227.0
2026-04-10,276.0
2026-04-11,274.0
2026-04-12,275.0
2026-04-13,267.0
2026-04-14,228.0
2026-04-15,232.0
2026-04-16,230.0
2026-04-17,240.0
2026-04-18,249.0
2026-04-19,244.0
2026-04-20,203.0
2026-04-21,199.0
2026-04-22,197.0
2026-04-23,198.0
2026-04-24,239.0
2026-04-25,264.0
2026-04-26,270.0
2026-04-27,276.0
2026-04-28,275.0
2026-04-29,276.0
2026-04-30,288.0
2026-05-01,261.0
2026-05-02,215.0
2026-05-03,213.0
2026-05-04,213.0
2026-05-05,222.0
2026-05-06,269.0
2026-05-07,261.0
2026-05-08,269.0
2026-05-09,277.0
2026-05-10,272.0
2026-05-11,263.0
2026-05-12,272.0
2026-05-13,382.0
2026-05-14,399.0
2026-05-15,484.0
2026-05-16,548.0
2026-05-17,530.0
2026-05-18,441.0
2026-05-19,328.0
2026-05-20,285.0
2026-05-21,265.0
2026-05-22,254.0
2026-05-23,258.0
2026-05-24,320.0
2026-05-25,346.0
2026-05-26,348.0
2026-05-27,369.0
2026-05-28,442.0
2026-05-29,461.0
2026-05-30,445.0
2026-05-31,428.0
2026-06-01,432.0
2026-06-02,487.0
2026-06-03,490.0
2026-06-04,472.0
2026-06-05,479.0
2026-06-06,516.0
2026-06-07,513.0
2026-06-08,512.0
2026-06-09,499.0
2026-06-10,399.0
2026-06-11,407.0
2026-06-12,489.0
2026-06-13,515.0
2026-06-14,525.0
2026-06-15,574.0
2026-06-16,543.0
2026-06-17,453.0
2026-06-18,463.0
2026-06-19,547.0
2026-06-20,549.0
2026-06-21,535.0
2026-06-22,481.0
2026-06-23,382.0
2026-06-24,370.0
2026-06-25,380.0
2026-06-26,387.0
2026-06-27,378.0
2026-06-28,373.0
2026-06-29,374.0
2026-06-30,457.0
2026-07-01,466.0
2026-07-02,466.0
2026-07-03,460.0
2026-07-04,459.0
2026-07-05,458.0
2026-07-06,455.0
2026-07-07,454.0
2026-07-08,459.0
2026-07-09,503.0
2026-07-10,510.0
2026-07-11,536.0
2026-07-12,532.0
2026-07-13,532.0
2026-07-14,514.0
2026-07-15,440.0
2026-07-16,446.0
2026-07-17,476.0
2026-07-18,620.0
2026-07-19,611.0
2026-07-20,594.0
2026-07-21,549.0
2026-07-22,565.0
2026-07-23,575.0
2026-07-24,558.0
2026-07-25,555.0
2026-07-26,543.0
2026-07-27,503.0
2026-07-28,524.0
2026-07-29,480.0
2026-07-30,493.0
2026-07-31,477.0
2026-08-01,467.0
2026-08-02,459.0
2026-08-03,468.0
2026-08-04,469.0
2026-08-05,474.0
2026-08-06,510.0
2026-08-07,521.0
2026-08-08,577.0
2026-08-09,582.0
2026-08-10,562.0
2026-08-11,461.0
2026-08-12,375.0
2026-08-13,395.0
2026-08-14,427.0
2026-08-15,425.0
2026-08-16,399.0
2026-08-17,389.0
2026-08-18,383.0
2026-08-19,384.0
2026-08-20,475.0
2026-08-21,513.0
2026-08-22,520.0
2026-08-23,522.0
2026-08-24,513.0
2026-08-25,452.0
2026-08-26,452.0
2026-08-27,448.0
